"celltype_clean","celltype.l3","TP","FP","FN","TN","Mean_Z","n","Accuracy","Balanced_Accuracy","Dataset","Method","Mode","Filter_Mode","GT_Source"
"DCs","DCs",178,4079,93,1388,0.801149308762013,5738,0.272917392819798,0.455356761953919,"sepsis","AUCell","gmm_dist_dual","raw","gmm_dual"
"NK cells","NK cells",4218,2511,5096,22386,-0.378752308968551,34211,0.777644617228377,0.676005563752271,"sepsis","AUCell","gmm_dist_dual","raw","gmm_dual"
"Unassigned","Unassigned",41197,6656,35683,33676,0.0831029197219445,117212,0.638782718492987,0.685415416622257,"sepsis","AUCell","gmm_dist_dual","raw","gmm_dual"
"neutrophils","neutrophils",0,1691,0,2519,0.268397108005884,4210,0.59833729216152,0.299168646009699,"sepsis","AUCell","gmm_dist_dual","raw","gmm_dual"
"CD8 T cells","CD8 T cells",575,1101,6383,18845,-0.583175995409817,26904,0.721825750817722,0.51371982590915,"sepsis","AUCell","gmm_dist_dual","raw","gmm_dual"
"B cells","B cells",1684,0,19592,0,1.58785519319726,21276,0.0791502162060538,0.0395751081011668,"sepsis","AUCell","gmm_dist_dual","raw","gmm_dual"
"CD4 T cells","CD4 T cells",0,977,0,49752,-0.630636714282402,50729,0.980740799148416,0.490370399564542,"sepsis","AUCell","gmm_dist_dual","raw","gmm_dual"
"Monocytes","Monocytes",0,16258,0,8213,0.448999994733964,24471,0.335621756364677,0.167810878175481,"sepsis","AUCell","gmm_dist_dual","raw","gmm_dual"
NA,NA,0,133,0,159,1.37171285969588,292,0.544520547945205,0.272260273040205,"sepsis","AUCell","gmm_dist_dual","raw","gmm_dual"
