============================================================
DCCS ARRAY TASK
============================================================
Date: So 19. Jul 00:18:03 CEST 2026
Host: ernie.exbio.wzw.tum.de
Working directory: /nfs/home/students/i.kaciran/FoPra_PLAs
SLURM job ID: 6333533
SLURM array task ID: 16
Dataset index: 2
Mode index: 2
Method index: 0
Dataset: gated_sepsis_processed
Mode: healthyOnly
Method: multinichetr
Prepared RDS: /nfs/home/students/i.kaciran/FoPra_PLAs/results/differential_ccs/prepared_inputs/gated_sepsis_processed_healthyOnly.rds
Script: /nfs/home/students/i.kaciran/FoPra_PLAs/src/cell_signaling/dccs/multinichetr.R
Output dir: /nfs/home/students/i.kaciran/FoPra_PLAs/results/differential_ccs/multinichetr
Log dir: /nfs/home/students/i.kaciran/FoPra_PLAs/slurm_logs
============================================================
Checking R binary:
-rwxrwxr-x 1 i.kaciran daisybio 17K Jun  4 18:01 /nfs/home/students/i.kaciran/.conda/envs/liana_r/bin/Rscript
Rscript (R) version 4.3.3 (2024-02-29)
Checking R script:
-rw-rw---- 1 i.kaciran daisybio 29K Jul 19 00:03 /nfs/home/students/i.kaciran/FoPra_PLAs/src/cell_signaling/dccs/multinichetr.R
Checking prepared RDS:
-rw-rw---- 1 i.kaciran daisybio 2,1G Jul 18 23:52 /nfs/home/students/i.kaciran/FoPra_PLAs/results/differential_ccs/prepared_inputs/gated_sepsis_processed_healthyOnly.rds
Checking output directory:
drwxrwx--- 19 i.kaciran daisybio 4096 Jul 19 00:12 /nfs/home/students/i.kaciran/FoPra_PLAs/results/differential_ccs/multinichetr
Starting R analysis command:
/nfs/home/students/i.kaciran/.conda/envs/liana_r/bin/Rscript /nfs/home/students/i.kaciran/FoPra_PLAs/src/cell_signaling/dccs/multinichetr.R /nfs/home/students/i.kaciran/FoPra_PLAs/results/differential_ccs/prepared_inputs/gated_sepsis_processed_healthyOnly.rds /nfs/home/students/i.kaciran/FoPra_PLAs/results/differential_ccs/multinichetr
============================================================
[1] "RNA"
[1] "following are the official gene symbols of input aliases: "
  symbol alias
1  YARS1  YARS
[1] "all input symbols were official symbols"
[1] "all input symbols were official symbols"
[1] "all input symbols were official symbols"
[1] "there are provided symbols that are not in the alias annotation table: "
    [1] "ENSG00000260179"  "ENSG00000234396"  "ENSG00000228037" 
    [4] "ENSG00000284616"  "ENSG00000238260"  "ENSG00000260972" 
    [7] "ENSG00000270035"  "ENSG00000284646"  "ENSG00000284739" 
   [10] "ENSG00000272235"  "ENSG00000284694"  "ENSG00000287356" 
   [13] "ENSG00000224387"  "ENSG00000285629"  "ENSG00000272161" 
   [16] "ENSG00000287727"  "ENSG00000223989"  "ENSG00000228423" 
   [19] "ENSG00000286448"  "ENSG00000237365"  "ENSG00000284703" 
   [22] "ENSG00000241326"  "ENSG00000285701"  "ENSG00000233645" 
   [25] "ENSG00000284708"  "ENSG00000235146"  "ENSG00000236601" 
   [28] "ENSG00000228150"  "ENSG00000229393"  "ENSG00000269978" 
   [31] "ENSG00000287586"  "ENSG00000227169"  "ENSG00000272482" 
   [34] "ENSG00000284747"  "ENSG00000238290"  "ENSG00000225387" 
   [37] "ENSG00000288398"  "ENSG00000224621"  "ENSG00000285833" 
   [40] "ENSG00000284692"  "ENSG00000284745"  "ENSG00000225952" 
   [43] "ENSG00000225315"  "ENSG00000285945"  "ENSG00000233755" 
   [46] "ENSG00000271742"  "ENSG00000224311"  "ENSG00000260063" 
   [49] "ENSG00000272088"  "ENSG00000284699"  "ENSG00000235185" 
   [52] "ENSG00000225643"  "ENSG00000284666"  "ENSG00000240553" 
   [55] "ENSG00000284309"  "ENSG00000269925"  "ENSG00000235263" 
   [58] "ENSG00000228176"  "ENSG00000231949"  "ENSG00000261025" 
   [61] "ENSG00000237429"  "ENSG00000271398"  "ENSG00000240731" 
   [64] "ENSG00000284676"  "ENSG00000229044"  "ENSG00000272449" 
   [67] "ENSG00000229607"  "ENSG00000236335"  "ENSG00000241169" 
   [70] "ENSG00000226698"  "ENSG00000284744"  "ENSG00000232557" 
   [73] "ENSG00000233234"  "ENSG00000270605"  "ENSG00000235143" 
   [76] "ENSG00000223944"  "ENSG00000237938"  "ENSG00000233372" 
   [79] "ENSG00000283259"  "ENSG00000236266"  "ENSG00000226487" 
   [82] "ENSG00000272420"  "ENSG00000226664"  "ENSG00000272510" 
   [85] "ENSG00000227959"  "ENSG00000287396"  "ENSG00000270171" 
   [88] "ENSG00000237301"  "ENSG00000227527"  "ENSG00000230163" 
   [91] "ENSG00000287400"  "ENSG00000231868"  "ENSG00000284650" 
   [94] "ENSG00000236948"  "ENSG00000287510"  "ENSG00000274944" 
   [97] "ENSG00000286668"  "ENSG00000284748"  "ENSG00000272078" 
  [100] "ENSG00000233728"  "ENSG00000231606"  "ENSG00000284632" 
  [103] "ENSG00000254553"  "ENSG00000284653"  "ENSG00000284705" 
  [106] "ENSG00000287828"  "ENSG00000236009"  "ENSG00000223814" 
  [109] "ENSG00000284743"  "ENSG00000229528"  "ENSG00000235358" 
  [112] "ENSG00000271806"  "ENSG00000272084"  "ENSG00000271741" 
  [115] "ENSG00000226957"  "ENSG00000286597"  "ENSG00000227857" 
  [118] "ENSG00000284989"  "ENSG00000231630"  "ENSG00000255811" 
  [121] "ENSG00000223390"  "ENSG00000284720"  "ENSG00000225028" 
  [124] "ENSG00000286518"  "ENSG00000284641"  "ENSG00000236723" 
  [127] "ENSG00000229846"  "ENSG00000228436"  "ENSG00000284601" 
  [130] "ENSG00000284719"  "ENSG00000232335"  "ENSG00000260971" 
  [133] "ENSG00000285839"  "ENSG00000232762"  "ENSG00000284686" 
  [136] "ENSG00000259818"  "ENSG00000234318"  "ENSG00000284773" 
  [139] "ENSG00000234481"  "ENSG00000235612"  "ENSG00000227485" 
  [142] "ENSG00000235545"  "ENSG00000231252"  "ENSG00000285079" 
  [145] "ENSG00000272491"  "ENSG00000226883"  "ENSG00000287703" 
  [148] "ENSG00000229294"  "ENSG00000226754"  "ENSG00000232993" 
  [151] "ENSG00000231413"  "ENSG00000242391"  "ENSG00000284808" 
  [154] "ENSG00000203605"  "ENSG00000285778"  "ENSG00000233407" 
  [157] "ENSG00000261213"  "ENSG00000224127"  "ENSG00000233099" 
  [160] "ENSG00000233271"  "ENSG00000285954"  "ENSG00000237852" 
  [163] "ENSG00000285407"  "ENSG00000272506"  "ENSG00000286429" 
  [166] "ENSG00000272855"  "ENSG00000224149"  "ENSG00000284882" 
  [169] "ENSG00000234953"  "ENSG00000233290"  "ENSG00000229943" 
  [172] "ENSG00000286918"  "ENSG00000228734"  "ENSG00000285041" 
  [175] "ENSG00000236676"  "ENSG00000275678"  "ENSG00000230498" 
  [178] "ENSG00000285851"  "ENSG00000285782"  "ENSG00000272371" 
  [181] "ENSG00000287647"  "ENSG00000229225"  "ENSG00000267734" 
  [184] "ENSG00000287224"  "ENSG00000225598"  "ENSG00000286455" 
  [187] "ENSG00000225087"  "ENSG00000285374"  "ENSG00000286863" 
  [190] "ENSG00000273338"  "ENSG00000223720"  "ENSG00000224326" 
  [193] "ENSG00000286548"  "ENSG00000230027"  "ENSG00000272094" 
  [196] "ENSG00000284895"  "ENSG00000284645"  "ENSG00000225605" 
  [199] "ENSG00000288543"  "ENSG00000267561"  "ENSG00000287743" 
  [202] "ENSG00000285325"  "ENSG00000230728"  "ENSG00000287661" 
  [205] "ENSG00000237453"  "ENSG00000285473"  "ENSG00000234578" 
  [208] "ENSG00000227960"  "ENSG00000237568"  "ENSG00000285201" 
  [211] "ENSG00000271949"  "ENSG00000235011"  "ENSG00000284734" 
  [214] "ENSG00000225938"  "ENSG00000226938"  "ENSG00000287587" 
  [217] "ENSG00000237899"  "ENSG00000282898"  "ENSG00000285409" 
  [220] "ENSG00000287724"  "ENSG00000287870"  "ENSG00000235563" 
  [223] "ENSG00000284846"  "ENSG00000273637"  "ENSG00000228838" 
  [226] "ENSG00000283761"  "ENSG00000284716"  "ENSG00000230759" 
  [229] "ENSG00000285525"  "ENSG00000236098"  "ENSG00000266993" 
  [232] "ENSG00000223675"  "ENSG00000287406"  "ENSG00000227935" 
  [235] "ENSG00000230955"  "ENSG00000233359"  "ENSG00000237954" 
  [238] "ENSG00000258634"  "ENSG00000271914"  "ENSG00000230881" 
  [241] "ENSG00000286692"  "ENSG00000260464"  "ENSG00000232825" 
  [244] "ENSG00000273204"  "ENSG00000242396"  "ENSG00000224613" 
  [247] "ENSG00000287372"  "ENSG00000287756"  "ENSG00000284652" 
  [250] "ENSG00000285928"  "ENSG00000287076"  "ENSG00000237480" 
  [253] "ENSG00000271252"  "ENSG00000286758"  "ENSG00000233184" 
  [256] "ENSG00000286899"  "ENSG00000238122"  "ENSG00000260879" 
  [259] "ENSG00000230864"  "ENSG00000270457"  "ENSG00000237343" 
  [262] "ENSG00000228852"  "ENSG00000233482"  "ENSG00000287374" 
  [265] "ENSG00000272715"  "ENSG00000235038"  "ENSG00000223906" 
  [268] "ENSG00000259946"  "ENSG00000236137"  "ENSG00000228086" 
  [271] "ENSG00000273406"  "ENSG00000276216"  "ENSG00000271810" 
  [274] "ENSG00000236866"  "ENSG00000260246"  "ENSG00000227712" 
  [277] "ENSG00000234225"  "ENSG00000237188"  "ENSG00000278431" 
  [280] "CLCA4-AS1.1"      "ENSG00000287190"  "ENSG00000236140" 
  [283] "ENSG00000228084"  "ENSG00000225075"  "ENSG00000285554" 
  [286] "ENSG00000232536"  "ENSG00000287015"  "ENSG00000241720" 
  [289] "ENSG00000235526"  "ENSG00000272824"  "ENSG00000231128" 
  [292] "ENSG00000254539"  "ENSG00000233029"  "ENSG00000261168" 
  [295] "ENSG00000287980"  "ENSG00000226716"  "ENSG00000229283" 
  [298] "ENSG00000226172"  "ENSG00000227733"  "ENSG00000224481" 
  [301] "ENSG00000236427"  "ENSG00000285946"  "ENSG00000271380" 
  [304] "ENSG00000273481"  "ENSG00000224363"  "ENSG00000228826" 
  [307] "ENSG00000227217"  "ENSG00000272583"  "ENSG00000260948" 
  [310] "ENSG00000276509"  "ENSG00000226026"  "ENSG00000224645" 
  [313] "ENSG00000285184"  "ENSG00000243613"  "ENSG00000235795" 
  [316] "ENSG00000235005"  "ENSG00000233222"  "ENSG00000225279" 
  [319] "ENSG00000239216"  "ENSG00000283360"  "ENSG00000270361" 
  [322] "ENSG00000258465"  "ENSG00000227907"  "ENSG00000274265" 
  [325] "ENSG00000284700"  "ENSG00000237076"  "ENSG00000287979" 
  [328] "ENSG00000261055"  "ENSG00000231613"  "ENSG00000233589" 
  [331] "ENSG00000243960"  "ENSG00000229021"  "ENSG00000287218" 
  [334] "ENSG00000244619"  "ENSG00000228697"  "ENSG00000285636" 
  [337] "ENSG00000285922"  "ENSG00000233411"  "ENSG00000232188" 
  [340] "ENSG00000241042"  "ENSG00000260322"  "ENSG00000241666" 
  [343] "ENSG00000237756"  "ENSG00000260360"  "ENSG00000227094" 
  [346] "ENSG00000286966"  "ENSG00000280778"  "ENSG00000213062" 
  [349] "ENSG00000230898"  "ENSG00000234998"  "ENSG00000224698" 
  [352] "ENSG00000287697"  "ENSG00000235303"  "ENSG00000273160" 
  [355] "ENSG00000234810"  "ENSG00000238270"  "ENSG00000285894" 
  [358] "ENSG00000234425"  "ENSG00000230687"  "ENSG00000230704" 
  [361] "ENSG00000283255"  "ENSG00000227741"  "ENSG00000269887" 
  [364] "ENSG00000286754"  "ENSG00000254913"  "ENSG00000287831" 
  [367] "ENSG00000236364"  "ENSG00000229588"  "ENSG00000272033" 
  [370] "ENSG00000231992"  "ENSG00000287919"  "ENSG00000198358" 
  [373] "ENSG00000229407"  "ENSG00000235575"  "ENSG00000286600" 
  [376] "ENSG00000288574"  "ENSG00000287472"  "ENSG00000255148" 
  [379] "ENSG00000229699"  "ENSG00000287978"  "ENSG00000176320" 
  [382] "ENSG00000235215"  "ENSG00000224691"  "ENSG00000286572" 
  [385] "ENSG00000272880"  "ENSG00000231714"  "ENSG00000260990" 
  [388] "ENSG00000286185"  "ENSG00000285638"  "ENSG00000260021" 
  [391] "ENSG00000275392"  "ENSG00000225325"  "ENSG00000223344" 
  [394] "ENSG00000276110"  "ENSG00000234775"  "ENSG00000287452" 
  [397] "ENSG00000232959"  "ENSG00000228560"  "ENSG00000271427" 
  [400] "ENSG00000261817"  "ENSG00000271554"  "ENSG00000261182" 
  [403] "ENSG00000228606"  "ENSG00000278467"  "ENSG00000243155" 
  [406] "ENSG00000243062"  "ENSG00000287205"  "ENSG00000238005" 
  [409] "ENSG00000287929"  "RGS5.1"           "ENSG00000230623" 
  [412] "ENSG00000258082"  "ENSG00000224810"  "ENSG00000225172" 
  [415] "ENSG00000261642"  "ENSG00000228239"  "ENSG00000237283" 
  [418] "ENSG00000282221"  "ENSG00000231877"  "ENSG00000243636" 
  [421] "ENSG00000224671"  "ENSG00000229242"  "ENSG00000272755" 
  [424] "ENSG00000228470"  "ENSG00000286383"  "ENSG00000249007" 
  [427] "ENSG00000229983"  "ENSG00000225243"  "ENSG00000225982" 
  [430] "ENSG00000285622"  "ENSG00000285718"  "ENSG00000272906" 
  [433] "ENSG00000271917"  "ENSG00000273004"  "ENSG00000288078" 
  [436] "ENSG00000237074"  "ENSG00000286285"  "ENSG00000225300" 
  [439] "ENSG00000223842"  "ENSG00000231424"  "ENSG00000287177" 
  [442] "ENSG00000224536"  "ENSG00000273416"  "ENSG00000236021" 
  [445] "ENSG00000271811"  "ENSG00000287808"  "ENSG00000235736" 
  [448] "ENSG00000227687"  "ENSG00000286210"  "ENSG00000287364" 
  [451] "ENSG00000260698"  "ENSG00000277007"  "ENSG00000286372" 
  [454] "ENSG00000286541"  "ENSG00000235021"  "ENSG00000225006" 
  [457] "ENSG00000287633"  "ENSG00000230714"  "ENSG00000261065" 
  [460] "ENSG00000287989"  "ENSG00000260855"  "ENSG00000236206" 
  [463] "ENSG00000284188"  "ENSG00000223881"  "ENSG00000227193" 
  [466] "ENSG00000232309"  "ENSG00000226927"  "ENSG00000287676" 
  [469] "ENSG00000231057"  "ENSG00000238224"  "ENSG00000286775" 
  [472] "ENSG00000286142"  "ENSG00000230404"  "ENSG00000227230" 
  [475] "ENSG00000238232"  "ENSG00000236230"  "ENSG00000227240" 
  [478] "ENSG00000232085"  "ENSG00000259788"  "ENSG00000228830" 
  [481] "ENSG00000282849"  "ENSG00000226640"  "ENSG00000238054" 
  [484] "ENSG00000232194"  "ENSG00000235152"  "ENSG00000231612" 
  [487] "ENSG00000226868"  "ENSG00000272362"  "ENSG00000237011" 
  [490] "ENSG00000272574"  "ENSG00000286071"  "ENSG00000286263" 
  [493] "ENSG00000227006"  "ENSG00000236372"  "ENSG00000224525" 
  [496] "ENSG00000225811"  "ENSG00000273093"  "ENSG00000227818" 
  [499] "ENSG00000286398"  "ENSG00000237520"  "ENSG00000273384" 
  [502] "ENSG00000234915"  "ENSG00000235862"  "ENSG00000224260" 
  [505] "ENSG00000287220"  "ENSG00000230063"  "ENSG00000228044" 
  [508] "ENSG00000224407"  "ENSG00000229832"  "ENSG00000287902" 
  [511] "ENSG00000225233"  "ENSG00000274895"  "ENSG00000287856" 
  [514] "ENSG00000284299"  "ENSG00000226375"  "ENSG00000228686" 
  [517] "ENSG00000286198"  "ENSG00000241475"  "ENSG00000286421" 
  [520] "ENSG00000241505"  "ENSG00000282097"  "ENSG00000260805" 
  [523] "ENSG00000287445"  "ENSG00000235121"  "ENSG00000240963" 
  [526] "ENSG00000287336"  "ENSG00000272167"  "ENSG00000230628" 
  [529] "ENSG00000227579"  "ENSG00000284376"  "ENSG00000288007" 
  [532] "ENSG00000228255"  "ENSG00000237845"  "ENSG00000285910" 
  [535] "ENSG00000287354"  "ENSG00000254706"  "ENSG00000271746" 
  [538] "ENSG00000287157"  "ENSG00000233920"  "ENSG00000232436" 
  [541] "ENSG00000283952"  "ENSG00000232537"  "ENSG00000236390" 
  [544] "ENSG00000285521"  "ENSG00000287343"  "ENSG00000233461" 
  [547] "ENSG00000227237"  "ENSG00000225359"  "ENSG00000234464" 
  [550] "ENSG00000285280"  "ENSG00000226862"  "ENSG00000261060" 
  [553] "ENSG00000272195"  "ENSG00000287046"  "ENSG00000223774" 
  [556] "ENSG00000282564"  "ENSG00000228863"  "ENSG00000224818" 
  [559] "ENSG00000233332"  "ENSG00000286213"  "ENSG00000231272" 
  [562] "ENSG00000237707"  "ENSG00000272672"  "ENSG00000273175" 
  [565] "ENSG00000235096"  "ENSG00000237250"  "ENSG00000286747" 
  [568] "ENSG00000236069"  "ENSG00000272865"  "ENSG00000234116" 
  [571] "ENSG00000286619"  "ENSG00000227554"  "ENSG00000261798" 
  [574] "ENSG00000287601"  "ENSG00000238272"  "ENSG00000261831" 
  [577] "ENSG00000287921"  "ENSG00000225620"  "ENSG00000177788" 
  [580] "ENSG00000282317"  "ENSG00000282718"  "ENSG00000229913" 
  [583] "ENSG00000273367"  "ENSG00000236358"  "ENSG00000236341" 
  [586] "ENSG00000287008"  "ENSG00000272175"  "ENSG00000282265" 
  [589] "ENSG00000287282"  "ENSG00000287423"  "ENSG00000286774" 
  [592] "ENSG00000261250"  "ENSG00000285777"  "ENSG00000286109" 
  [595] "ENSG00000261573"  "ENSG00000286552"  "ENSG00000286666" 
  [598] "ENSG00000273198"  "ENSG00000273483"  "ENSG00000287987" 
  [601] "ENSG00000285981"  "ENSG00000261729"  "ENSG00000236911" 
  [604] "ENSG00000283044"  "ENSG00000225545"  "ENSG00000273365" 
  [607] "ENSG00000287453"  "ENSG00000287283"  "ENSG00000228988" 
  [610] "ENSG00000271992"  "ENSG00000226208"  "ENSG00000235052" 
  [613] "ENSG00000285802"  "ENSG00000230260"  "ENSG00000230015" 
  [616] "ENSG00000226919"  "ENSG00000286496"  "ENSG00000287516" 
  [619] "ENSG00000287738"  "ENSG00000272668"  "ENSG00000287040" 
  [622] "ENSG00000256029"  "ENSG00000254545"  "ENSG00000203620" 
  [625] "ENSG00000269967"  "ENSG00000228634"  "ENSG00000284702" 
  [628] "ENSG00000287217"  "ENSG00000230381"  "ENSG00000224950" 
  [631] "ENSG00000286276"  "ENSG00000251246"  "ENSG00000273088" 
  [634] "ENSG00000236263"  "ENSG00000285239"  "ENSG00000285719" 
  [637] "ENSG00000284735"  "ENSG00000284642"  "ENSG00000271989" 
  [640] "ENSG00000203469"  "ENSG00000288644"  "ENSG00000227050" 
  [643] "ENSG00000288208"  "ENSG00000259865"  "ENSG00000232347" 
  [646] "ENSG00000286216"  "ENSG00000287116"  "ENSG00000236817" 
  [649] "ENSG00000287589"  "ENSG00000259776"  "ENSG00000231979" 
  [652] "ENSG00000287102"  "ENSG00000233735"  "ENSG00000285923" 
  [655] "ENSG00000232971"  "ENSG00000270066"  "ENSG00000227673" 
  [658] "ENSG00000285677"  "ENSG00000237390"  "ENSG00000226252" 
  [661] "ENSG00000285646"  "ENSG00000287384"  "ENSG00000285604" 
  [664] "ENSG00000224409"  "ENSG00000287691"  "ENSG00000224985" 
  [667] "ENSG00000283696"  "ENSG00000288093"  "ENSG00000283317" 
  [670] "ENSG00000227139"  "ENSG00000274415"  "ENSG00000234190" 
  [673] "ENSG00000273059"  "ENSG00000284928"  "ENSG00000259943" 
  [676] "ENSG00000284677"  "ENSG00000260920"  "ENSG00000255054" 
  [679] "ENSG00000228172"  "ENSG00000272478"  "ENSG00000236528" 
  [682] "ENSG00000288629"  "ENSG00000230735"  "ENSG00000273058" 
  [685] "ENSG00000230325"  "ENSG00000288099"  "ENSG00000225886" 
  [688] "ENSG00000287244"  "ENSG00000269971"  "ENSG00000270031" 
  [691] "ENSG00000286433"  "ENSG00000223643"  "ENSG00000238142" 
  [694] "ENSG00000272426"  "ENSG00000286898"  "ENSG00000226526" 
  [697] "ENSG00000282843"  "ENSG00000273264"  "ENSG00000282057" 
  [700] "ENSG00000272691"  "ENSG00000230285"  "ENSG00000226643" 
  [703] "ENSG00000276997"  "ENSG00000272750"  "ENSG00000287684" 
  [706] "ENSG00000287338"  "ENSG00000236846"  "ENSG00000226601" 
  [709] "ENSG00000228192"  "ENSG00000283973"  "ENSG00000285698" 
  [712] "ENSG00000287103"  "ENSG00000272153"  "ENSG00000285177" 
  [715] "TBCE.1"           "ENSG00000284738"  "ENSG00000282386" 
  [718] "ENSG00000273026"  "ENSG00000285641"  "ENSG00000272654" 
  [721] "ENSG00000223653"  "ENSG00000288626"  "ENSG00000231791" 
  [724] "ENSG00000230470"  "ENSG00000285847"  "ENSG00000286378" 
  [727] "ENSG00000284726"  "ENSG00000271420"  "ENSG00000285779" 
  [730] "ENSG00000282048"  "ENSG00000232895"  "ENSG00000273112" 
  [733] "ENSG00000224515"  "ENSG00000234211"  "ENSG00000270380" 
  [736] "ENSG00000282887"  "ENSG00000283999"  "ENSG00000259834" 
  [739] "ENSG00000229960"  "ENSG00000286486"  "ENSG00000237759" 
  [742] "ENSG00000287531"  "ENSG00000232519"  "ENSG00000287839" 
  [745] "ENSG00000285179"  "ENSG00000225721"  "ENSG00000232721" 
  [748] "ENSG00000230186"  "ENSG00000225905"  "ENSG00000223635" 
  [751] "ENSG00000235434"  "ENSG00000237950"  "ENSG00000288573" 
  [754] "ENSG00000285649"  "ENSG00000230615"  "ENSG00000229255" 
  [757] "ENSG00000224521"  "ENSG00000228229"  "ENSG00000273487" 
  [760] "ENSG00000286989"  "ENSG00000272106"  "ENSG00000272004" 
  [763] "ENSG00000268575"  "ENSG00000231050"  "ENSG00000236656" 
  [766] "ENSG00000229167"  "ENSG00000264078"  "ENSG00000272100" 
  [769] "ENSG00000287078"  "ENSG00000283445"  "ENSG00000272226" 
  [772] "ENSG00000231740"  "ENSG00000232628"  "ENSG00000237101" 
  [775] "ENSG00000225903"  "ENSG00000287627"  "ENSG00000287895" 
  [778] "ENSG00000269934"  "ENSG00000270110"  "ENSG00000286773" 
  [781] "ENSG00000287315"  "ENSG00000270104"  "ENSG00000270094" 
  [784] "ENSG00000231563"  "ENSG00000285728"  "ENSG00000234917" 
  [787] "ENSG00000283580"  "ENSG00000228452"  "ENSG00000250135" 
  [790] "ENSG00000224066"  "ENSG00000233775"  "ENSG00000273373" 
  [793] "ENSG00000233427"  "ENSG00000225750"  "ENSG00000237934" 
  [796] "ENSG00000286231"  "ENSG00000272823"  "ENSG00000260505" 
  [799] "ENSG00000284830"  "ENSG00000287259"  "ENSG00000233706" 
  [802] "ENSG00000287532"  "ENSG00000270149"  "ENSG00000287422" 
  [805] "ENSG00000226438"  "ENSG00000288674"  "ENSG00000228625" 
  [808] "ENSG00000261654"  "ENSG00000232811"  "ENSG00000273010" 
  [811] "ENSG00000272982"  "ENSG00000273221"  "ENSG00000273110" 
  [814] "ENSG00000227066"  "ENSG00000284710"  "ENSG00000288670" 
  [817] "ENSG00000288636"  "ENSG00000230896"  "ENSG00000236065" 
  [820] "ENSG00000284721"  "ENSG00000286389"  "ENSG00000233336" 
  [823] "ENSG00000286802"  "ENSG00000254942"  "ENSG00000225113" 
  [826] "ENSG00000228703"  "ENSG00000288562"  "ENSG00000287807" 
  [829] "ENSG00000272438"  "ENSG00000230699"  "ENSG00000241180" 
  [832] "ENSG00000272512"  "ENSG00000224969"  "ENSG00000242590" 
  [835] "ENSG00000256407"  "ENSG00000280425"  "ENSG00000225632" 
  [838] "ENSG00000232245"  "ENSG00000287582"  "ENSG00000244137" 
  [841] "ENSG00000225656"  "ENSG00000223393"  "ENSG00000288037" 
  [844] "ENSG00000287395"  "ENSG00000286391"  "ENSG00000233875" 
  [847] "ENSG00000287064"  "ENSG00000226889"  "ENSG00000287033" 
  [850] "ENSG00000223649"  "ENSG00000261314"  "ENSG00000228792" 
  [853] "ENSG00000224901"  "ENSG00000287113"  "ENSG00000234694" 
  [856] "ENSG00000236031"  "ENSG00000232184"  "ENSG00000260460" 
  [859] "ENSG00000272971"  "ENSG00000272405"  "ENSG00000229953" 
  [862] "ENSG00000237588"  "ENSG00000285570"  "ENSG00000223356" 
  [865] "ENSG00000287624"  "ENSG00000236434"  "ENSG00000238140" 
  [868] "ENSG00000229905"  "ENSG00000288531"  "ENSG00000273443" 
  [871] "ENSG00000285812"  "ENSG00000272141"  "ENSG00000241073" 
  [874] "ENSG00000285530"  "ENSG00000203325"  "ENSG00000287797" 
  [877] "ENSG00000233069"  "ENSG00000287192"  "ENSG00000236936" 
  [880] "ENSG00000237324"  "ENSG00000233894"  "ENSG00000272864" 
  [883] "ENSG00000259961"  "ENSG00000237445"  "ENSG00000275557" 
  [886] "ENSG00000233030"  "ENSG00000264207"  "ENSG00000224228" 
  [889] "ENSG00000224000"  "ENSG00000229191"  "ENSG00000234132" 
  [892] "ENSG00000229821"  "ENSG00000285361"  "ENSG00000228153" 
  [895] "ENSG00000287197"  "ENSG00000227496"  "ENSG00000226349" 
  [898] "ENSG00000242861"  "ENSG00000255835"  "ENSG00000248322" 
  [901] "ENSG00000226849"  "ENSG00000231953"  "ENSG00000284602" 
  [904] "ENSG00000284657"  "ENSG00000272432"  "ENSG00000286655" 
  [907] "ENSG00000233519"  "ENSG00000224359"  "ENSG00000231440" 
  [910] "ENSG00000288678"  "ENSG00000250734"  "ENSG00000227045" 
  [913] "ENSG00000269621"  "ENSG00000249602"  "ENSG00000232937" 
  [916] "ENSG00000268288"  "ENSG00000269489"  "ENSG00000285651" 
  [919] "ENSG00000286581"  "ENSG00000237993"  "ENSG00000233478" 
  [922] "ENSG00000237481"  "ENSG00000226920"  "ENSG00000238287" 
  [925] "ENSG00000227278"  "ENSG00000238186"  "ENSG00000286838" 
  [928] "ENSG00000270103"  "ENSG00000231691"  "ENSG00000226330" 
  [931] "ENSG00000240710"  "ENSG00000240219"  "ENSG00000287525" 
  [934] "ENSG00000284640"  "ENSG00000233542"  "ENSG00000226969" 
  [937] "ENSG00000233078"  "ENSG00000236045"  "ENSG00000228140" 
  [940] "ENSG00000235749"  "ENSG00000239395"  "ENSG00000238009" 
  [943] "ENSG00000239945"  "ENSG00000239906"  "ENSG00000241860" 
  [946] "ENSG00000241599"  "ENSG00000235782"  "ENSG00000269933" 
  [949] "ENSG00000231985"  "ENSG00000259357"  "ENSG00000231073" 
  [952] "ENSG00000287513"  "ENSG00000215014"  "ENSG00000288723" 
  [955] "ENSG00000248458"  "ENSG00000231080"  "ENSG00000286174" 
  [958] "ENSG00000286719"  "ENSG00000282418"  "ENSG00000261135" 
  [961] "ENSG00000285853"  "ENSG00000224174"  "ENSG00000271732" 
  [964] "ENSG00000282143"  "ENSG00000226286"  "ENSG00000285959" 
  [967] "ENSG00000285873"  "ENSG00000226780"  "ENSG00000287432" 
  [970] "ENSG00000236889"  "ENSG00000261000"  "ENSG00000279151" 
  [973] "ENSG00000282740"  "ENSG00000228549"  "ENSG00000286015" 
  [976] "ENSG00000270115"  "ENSG00000225313"  "ENSG00000238279" 
  [979] "ENSG00000285867"  "ENSG00000271853"  "ENSG00000272030" 
  [982] "ENSG00000286379"  "ENSG00000284452"  "ENSG00000228643" 
  [985] "ENSG00000228613"  "ENSG00000235779"  "ENSG00000227713" 
  [988] "ENSG00000227364"  "ENSG00000286905"  "ENSG00000237370" 
  [991] "ENSG00000236106"  "ENSG00000231482"  "ENSG00000228391" 
  [994] "ENSG00000230515"  "ENSG00000234929"  "ENSG00000231173" 
  [997] "ENSG00000240980"  "ENSG00000203635"  "ENSG00000287583" 
 [1000] "ENSG00000235403"  "ENSG00000233633"  "ENSG00000283766" 
 [1003] "ENSG00000223884"  "ENSG00000224661"  "ENSG00000227061" 
 [1006] "ENSG00000285591"  "ENSG00000234818"  "ENSG00000226277" 
 [1009] "ENSG00000234796"  "ENSG00000272002"  "ENSG00000235078" 
 [1012] "ENSG00000287126"  "ENSG00000236856"  "ENSG00000223536" 
 [1015] "ENSG00000287119"  "ENSG00000226506"  "ENSG00000237720" 
 [1018] "ENSG00000233970"  "ENSG00000271868"  "ENSG00000227047" 
 [1021] "ENSG00000236760"  "ENSG00000271855"  "LINC01115.1"     
 [1024] "ENSG00000286851"  "ENSG00000286857"  "ENSG00000232835" 
 [1027] "ENSG00000232451"  "ENSG00000230090"  "ENSG00000229740" 
 [1030] "ENSG00000231083"  "ENSG00000227718"  "ENSG00000229550" 
 [1033] "ENSG00000223751"  "ENSG00000232056"  "ENSG00000231204" 
 [1036] "ENSG00000287881"  "ENSG00000232642"  "ENSG00000244260" 
 [1039] "ENSG00000227210"  "ENSG00000242282"  "ENSG00000229370" 
 [1042] "ENSG00000261012"  "ENSG00000234378"  "ENSG00000242136" 
 [1045] "ENSG00000239300"  "ENSG00000223530"  "ENSG00000233005" 
 [1048] "ENSG00000228496"  "ENSG00000225378"  "ENSG00000287291" 
 [1051] "ENSG00000287849"  "ENSG00000223634"  "ENSG00000236162" 
 [1054] "ENSG00000236665"  "ENSG00000286415"  "ENSG00000228505" 
 [1057] "ENSG00000224361"  "ENSG00000235537"  "ENSG00000233714" 
 [1060] "ENSG00000226041"  "ENSG00000225649"  "ENSG00000235911" 
 [1063] "ENSG00000230730"  "ENSG00000234597"  "ENSG00000259080" 
 [1066] "ENSG00000224626"  "ENSG00000230737"  "ENSG00000237326" 
 [1069] "ENSG00000276411"  "ENSG00000235127"  "ENSG00000228563" 
 [1072] "ENSG00000261104"  "ENSG00000234275"  "ENSG00000226649" 
 [1075] "ENSG00000261117"  "ENSG00000260331"  "ENSG00000235497" 
 [1078] "ENSG00000233553"  "ENSG00000242540"  "ENSG00000230286" 
 [1081] "ENSG00000234579"  "ENSG00000285984"  "ENSG00000272056" 
 [1084] "ENSG00000197644"  "ENSG00000276334"  "ENSG00000287284" 
 [1087] "ENSG00000285354"  "ENSG00000233862"  "ENSG00000226398" 
 [1090] "ENSG00000231336"  "ENSG00000277997"  "ENSG00000282828" 
 [1093] "ENSG00000273233"  "ENSG00000272275"  "ENSG00000276087" 
 [1096] "ENSG00000273063"  "ENSG00000223360"  "ENSG00000224400" 
 [1099] "ENSG00000285754"  "ENSG00000272148"  "ENSG00000272027" 
 [1102] "ENSG00000232518"  "ENSG00000287313"  "ENSG00000238018" 
 [1105] "ENSG00000229160"  "ENSG00000286519"  "ENSG00000232604" 
 [1108] "ENSG00000272754"  "ENSG00000227292"  "ENSG00000286829" 
 [1111] "ENSG00000233953"  "ENSG00000286796"  "ENSG00000288553" 
 [1114] "ENSG00000232693"  "ENSG00000244310"  "ENSG00000232444" 
 [1117] "ENSG00000279956"  "ENSG00000242628"  "ENSG00000273398" 
 [1120] "ENSG00000276517"  "ENSG00000273275"  "ENSG00000231815" 
 [1123] "ENSG00000226756"  "ENSG00000269976"  "ENSG00000273035" 
 [1126] "ENSG00000286480"  "ENSG00000226764"  "ENSG00000285577" 
 [1129] "ENSG00000270640"  "ENSG00000226833"  "ENSG00000272702" 
 [1132] "ENSG00000226087"  "ENSG00000273090"  "ENSG00000271955" 
 [1135] "ENSG00000234255"  "ENSG00000273006"  "ENSG00000228033" 
 [1138] "ENSG00000228999"  "ENSG00000288065"  "ENSG00000287387" 
 [1141] "ENSG00000226548"  "ENSG00000233845"  "ENSG00000286604" 
 [1144] "ENSG00000282998"  "ENSG00000272180"  "ENSG00000223522" 
 [1147] "ENSG00000285611"  "ENSG00000223754"  "ENSG00000236989" 
 [1150] "ENSG00000287172"  "ENSG00000270996"  "ENSG00000227088" 
 [1153] "ENSG00000225815"  "ENSG00000287468"  "ENSG00000235586" 
 [1156] "ENSG00000273196"  "ENSG00000270210"  "ENSG00000228925" 
 [1159] "ENSG00000287145"  "ENSG00000231054"  "ENSG00000227293" 
 [1162] "ENSG00000231781"  "ENSG00000286524"  "ENSG00000287123" 
 [1165] "ENSG00000285876"  "ENSG00000236209"  "ENSG00000285542" 
 [1168] "ENSG00000232153"  "ENSG00000234936"  "ENSG00000231918" 
 [1171] "ENSG00000287474"  "ENSG00000229224"  "ENSG00000232696" 
 [1174] "ENSG00000286728"  "ENSG00000235725"  "ENSG00000273064" 
 [1177] "ENSG00000237498"  "ENSG00000286427"  "ENSG00000287344" 
 [1180] "ENSG00000237293"  "ENSG00000271452"  "ENSG00000273269" 
 [1183] "ENSG00000285898"  "ENSG00000287026"  "ENSG00000230975" 
 [1186] "ENSG00000285755"  "ENSG00000287658"  "ENSG00000287931" 
 [1189] "ENSG00000226605"  "ENSG00000286932"  "ENSG00000233251" 
 [1192] "ENSG00000282890"  "ENSG00000231156"  "ENSG00000228873" 
 [1195] "ENSG00000259916"  "ENSG00000286211"  "ENSG00000284879" 
 [1198] "ENSG00000224739"  "ENSG00000287749"  "ENSG00000281195" 
 [1201] "ENSG00000230773"  "ENSG00000226994"  "ENSG00000287640" 
 [1204] "ENSG00000228272"  "ENSG00000226622"  "ENSG00000286202" 
 [1207] "ENSG00000270462"  "ENSG00000288535"  "ENSG00000272735" 
 [1210] "ENSG00000267520"  "ENSG00000287956"  "ENSG00000230968" 
 [1213] "ENSG00000233891"  "ENSG00000286979"  "ENSG00000273445" 
 [1216] "ENSG00000286011"  "ENSG00000225187"  "ENSG00000286698" 
 [1219] "ENSG00000227987"  "ENSG00000235584"  "ENSG00000287130" 
 [1222] "ENSG00000286260"  "ENSG00000203643"  "ENSG00000270696" 
 [1225] "ENSG00000237320"  "ENSG00000272156"  "ENSG00000229494" 
 [1228] "ENSG00000237837"  "ENSG00000225588"  "ENSG00000230747" 
 [1231] "ENSG00000261600"  "ENSG00000225156"  "ENSG00000286002" 
 [1234] "ENSG00000229839"  "ENSG00000287025"  "ENSG00000258881" 
 [1237] "ENSG00000257207"  "ENSG00000234943"  "ENSG00000231626" 
 [1240] "ENSG00000287036"  "ENSG00000285519"  "ENSG00000230690" 
 [1243] "ENSG00000230606"  "ENSG00000287255"  "ENSG00000271894" 
 [1246] "ENSG00000228968"  "ENSG00000243491"  "ENSG00000230790" 
 [1249] "ENSG00000274159"  "ENSG00000286904"  "ENSG00000238207" 
 [1252] "ENSG00000204929"  "ENSG00000282033"  "ENSG00000230696" 
 [1255] "ENSG00000285673"  "ENSG00000286739"  "ENSG00000272814" 
 [1258] "ENSG00000236837"  "ENSG00000233850"  "ENSG00000287625" 
 [1261] "ENSG00000287165"  "ENSG00000264324"  "ENSG00000278766" 
 [1264] "ENSG00000260101"  "ENSG00000286101"  "ENSG00000272861" 
 [1267] "ENSG00000287793"  "ENSG00000227157"  "ENSG00000236109" 
 [1270] "ENSG00000287141"  "ENSG00000287763"  "ENSG00000286769" 
 [1273] "ENSG00000232597"  "ENSG00000286963"  "ENSG00000287308" 
 [1276] "ENSG00000235495"  "ENSG00000228528"  "ENSG00000237614" 
 [1279] "LINC00486.1"      "ENSG00000281920"  "ENSG00000227294" 
 [1282] "ENSG00000286515"  "ENSG00000272895"  "ENSG00000270190" 
 [1285] "ENSG00000228488"  "ENSG00000286047"  "ENSG00000228384" 
 [1288] "ENSG00000283031"  "ENSG00000287687"  "ENSG00000270571" 
 [1291] "ENSG00000230065"  "ENSG00000278060"  "ENSG00000228876" 
 [1294] "ENSG00000236469"  "ENSG00000240687"  "ENSG00000229118" 
 [1297] "ENSG00000286218"  "ENSG00000223430"  "ENSG00000234877" 
 [1300] "ENSG00000286737"  "ENSG00000235774"  "ENSG00000234940" 
 [1303] "ENSG00000286208"  "ENSG00000236141"  "ENSG00000286481" 
 [1306] "ENSG00000231609"  "ENSG00000286697"  "ENSG00000230552" 
 [1309] "ENSG00000243389"  "ENSG00000287670"  "ENSG00000270100" 
 [1312] "ENSG00000239467"  "ENSG00000287147"  "ENSG00000287832" 
 [1315] "ENSG00000223947"  "ENSG00000257045"  "ENSG00000236255" 
 [1318] "ENSG00000236634"  "ENSG00000235522"  "ENSG00000237843" 
 [1321] "ENSG00000286679"  "ENSG00000237532"  "ENSG00000223554" 
 [1324] "ENSG00000287662"  "ENSG00000232140"  "ENSG00000286778" 
 [1327] "ENSG00000259915"  "ENSG00000237262"  "ENSG00000287871" 
 [1330] "ENSG00000235435"  "ENSG00000231266"  "ENSG00000225744" 
 [1333] "ENSG00000286370"  "ENSG00000227359"  "ENSG00000272979" 
 [1336] "ENSG00000226939"  "ENSG00000237477"  "ENSG00000270659" 
 [1339] "ENSG00000273118"  "ENSG00000287875"  "ENSG00000228251" 
 [1342] "ENSG00000272966"  "ENSG00000231189"  "ENSG00000287129" 
 [1345] "ENSG00000286776"  "ENSG00000277701"  "ENSG00000238273" 
 [1348] "ENSG00000236498"  "ENSG00000224675"  "ENSG00000232034" 
 [1351] "ENSG00000238277"  "ENSG00000287524"  "ENSG00000259793" 
 [1354] "ENSG00000288565"  "ENSG00000222031"  "ENSG00000229131" 
 [1357] "ENSG00000273456"  "ENSG00000227098"  "ENSG00000244063" 
 [1360] "ENSG00000230991"  "ENSG00000235840"  "ENSG00000224844" 
 [1363] "ENSG00000287791"  "ENSG00000225107"  "ENSG00000287771" 
 [1366] "ENSG00000238004"  "ENSG00000230569"  "ENSG00000237844" 
 [1369] "ENSG00000229066"  "ENSG00000272211"  "ENSG00000287149" 
 [1372] "ENSG00000287900"  "ENSG00000286957"  "ENSG00000286045" 
 [1375] "ENSG00000232555"  "ENSG00000244125"  "ENSG00000286249" 
 [1378] "ENSG00000272519"  "ENSG00000226442"  "ENSG00000234446" 
 [1381] "ENSG00000272807"  "ENSG00000257284"  "ENSG00000234350" 
 [1384] "ENSG00000236886"  "ENSG00000261298"  "ENSG00000228802" 
 [1387] "ENSG00000235047"  "ENSG00000286360"  "ENSG00000288040" 
 [1390] "ENSG00000228857"  "ENSG00000286539"  "ENSG00000286239" 
 [1393] "ENSG00000228162"  "ENSG00000235610"  "ENSG00000229203" 
 [1396] "ENSG00000229209"  "ENSG00000229779"  "ENSG00000287451" 
 [1399] "ENSG00000237035"  "ENSG00000237856"  "ENSG00000229352" 
 [1402] "ENSG00000259094"  "ENSG00000235724"  "ENSG00000235056" 
 [1405] "ENSG00000236605"  "ENSG00000223859"  "ENSG00000235319" 
 [1408] "ENSG00000286020"  "ENSG00000273301"  "ENSG00000203395" 
 [1411] "ENSG00000227227"  "ENSG00000286234"  "ENSG00000287091" 
 [1414] "ENSG00000270019"  "ENSG00000224076"  "ENSG00000224099" 
 [1417] "ENSG00000236885"  "ENSG00000235419"  "ENSG00000237525" 
 [1420] "ENSG00000241772"  "ENSG00000286068"  "ENSG00000261338" 
 [1423] "ENSG00000233479"  "ENSG00000271893"  "ENSG00000225258" 
 [1426] "ENSG00000286797"  "ENSG00000286601"  "ENSG00000286545" 
 [1429] "ENSG00000260059"  "ENSG00000235070"  "ENSG00000228655" 
 [1432] "ENSG00000225216"  "ENSG00000228577"  "ENSG00000233654" 
 [1435] "ENSG00000197585"  "ENSG00000225794"  "ENSG00000244337" 
 [1438] "ENSG00000260742"  "ENSG00000234714"  "ENSG00000237753" 
 [1441] "ENSG00000231597"  "ENSG00000225421"  "ENSG00000223373" 
 [1444] "ENSG00000251621"  "ENSG00000272800"  "ENSG00000285016" 
 [1447] "ENSG00000228043"  "ENSG00000287463"  "ENSG00000279317" 
 [1450] "ENSG00000237271"  "ENSG00000231653"  "ENSG00000260142" 
 [1453] "ENSG00000286965"  "ENSG00000235242"  "ENSG00000274629" 
 [1456] "ENSG00000228363"  "ENSG00000225341"  "ENSG00000260171" 
 [1459] "ENSG00000231557"  "ENSG00000222017"  "ENSG00000225610" 
 [1462] "ENSG00000225214"  "ENSG00000287041"  "ENSG00000226992" 
 [1465] "ENSG00000234793"  "ENSG00000286980"  "PDE11A.1"        
 [1468] "ENSG00000280878"  "ENSG00000225111"  "ENSG00000257277" 
 [1471] "ENSG00000287854"  "ENSG00000237220"  "ENSG00000235615" 
 [1474] "ENSG00000286290"  "ENSG00000233842"  "ENSG00000231903" 
 [1477] "ENSG00000260163"  "ENSG00000286868"  "ENSG00000286384" 
 [1480] "ENSG00000232359"  "ENSG00000229750"  "ENSG00000283994" 
 [1483] "ENSG00000228400"  "ENSG00000287085"  "ENSG00000234949" 
 [1486] "ENSG00000287135"  "ENSG00000257226"  "ENSG00000224063" 
 [1489] "ENSG00000286621"  "ENSG00000227107"  "ENSG00000286026" 
 [1492] "ENSG00000222007"  "ENSG00000229321"  "ENSG00000236664" 
 [1495] "ENSG00000231955"  "ENSG00000286223"  "ENSG00000227946" 
 [1498] "ENSG00000228586"  "ENSG00000215692"  "ENSG00000226708" 
 [1501] "ENSG00000218416"  "ENSG00000236356"  "ENSG00000234172" 
 [1504] "ENSG00000228226"  "ENSG00000286160"  "ENSG00000124835" 
 [1507] "ENSG00000236153"  "ENSG00000220256"  "ENSG00000232377" 
 [1510] "ENSG00000286115"  "ENSG00000287414"  "ENSG00000224643" 
 [1513] "ENSG00000224152"  "ENSG00000227769"  "ENSG00000226542" 
 [1516] "ENSG00000286807"  "ENSG00000227680"  "ENSG00000232227" 
 [1519] "ENSG00000227542"  "ENSG00000226218"  "ENSG00000285155" 
 [1522] "ENSG00000235293"  "ENSG00000287621"  "ENSG00000224612" 
 [1525] "ENSG00000259889"  "ENSG00000227252"  "ENSG00000226266" 
 [1528] "ENSG00000286748"  "ENSG00000230385"  "ENSG00000239498" 
 [1531] "ENSG00000283164"  "ENSG00000238171"  "ENSG00000235337" 
 [1534] "ENSG00000273113"  "ENSG00000228541"  "ENSG00000235351" 
 [1537] "ENSG00000286170"  "ENSG00000229434"  "ENSG00000227902" 
 [1540] "ENSG00000259855"  "ENSG00000196758"  "ENSG00000233611" 
 [1543] "ENSG00000227459"  "ENSG00000225819"  "ENSG00000260634" 
 [1546] "ENSG00000228064"  "ENSG00000236451"  "ENSG00000273361" 
 [1549] "ENSG00000236231"  "ENSG00000288091"  "ENSG00000283228" 
 [1552] "ENSG00000233757"  "ENSG00000227400"  "ENSG00000223725" 
 [1555] "ENSG00000286206"  "ENSG00000287536"  "ENSG00000272551" 
 [1558] "ENSG00000224819"  "ENSG00000224789"  "ENSG00000241520" 
 [1561] "ENSG00000270540"  "ENSG00000284600"  "ENSG00000287847" 
 [1564] "ENSG00000286272"  "ENSG00000243179"  "ENSG00000229395" 
 [1567] "ENSG00000269707"  "ENSG00000236283"  "ENSG00000225205" 
 [1570] "ENSG00000286036"  "ENSG00000229915"  "ENSG00000286772" 
 [1573] "ENSG00000237479"  "ENSG00000232328"  "ENSG00000286199" 
 [1576] "ENSG00000286836"  "ENSG00000286879"  "ENSG00000235726" 
 [1579] "ENSG00000227021"  "ENSG00000236295"  "ENSG00000286358" 
 [1582] "ENSG00000235035"  "ENSG00000286152"  "ENSG00000231092" 
 [1585] "ENSG00000286225"  "ENSG00000227824"  "ENSG00000228538" 
 [1588] "ENSG00000286611"  "ENSG00000233581"  "ENSG00000235934" 
 [1591] "ENSG00000231896"  "ENSG00000286145"  "ENSG00000272944" 
 [1594] "ENSG00000223642"  "ENSG00000286707"  "ENSG00000287027" 
 [1597] "ENSG00000240440"  "ENSG00000226276"  "ENSG00000235066" 
 [1600] "ENSG00000287299"  "ENSG00000287418"  "ENSG00000286568" 
 [1603] "ENSG00000272851"  "ENSG00000234902"  "ENSG00000227938" 
 [1606] "ENSG00000222000"  "ENSG00000225916"  "ENSG00000287937" 
 [1609] "ENSG00000213981"  "ENSG00000286971"  "ENSG00000228073" 
 [1612] "ENSG00000231062"  "ENSG00000286513"  "ENSG00000287498" 
 [1615] "ENSG00000224342"  "ENSG00000229727"  "ENSG00000232057" 
 [1618] "ENSG00000287362"  "ENSG00000288524"  "ENSG00000223374" 
 [1621] "ENSG00000286400"  "ENSG00000229996"  "ENSG00000288080" 
 [1624] "ENSG00000286588"  "ENSG00000145063"  "ENSG00000230952" 
 [1627] "ENSG00000231403"  "ENSG00000285569"  "ENSG00000282440" 
 [1630] "ENSG00000287048"  "ENSG00000286889"  "ENSG00000286530" 
 [1633] "ENSG00000284052"  "ENSG00000235852"  "ENSG00000230686" 
 [1636] "ENSG00000231858"  "ENSG00000288064"  "ENSG00000228509" 
 [1639] "ENSG00000233230"  "ENSG00000284608"  "ENSG00000253515" 
 [1642] "ENSG00000224814"  "ENSG00000237581"  "ENSG00000286059" 
 [1645] "ENSG00000233221"  "ENSG00000285819"  "ENSG00000272054" 
 [1648] "ENSG00000232028"  "ENSG00000285925"  "ENSG00000287316" 
 [1651] "ENSG00000236213"  "ENSG00000236572"  "ENSG00000256458" 
 [1654] "ENSG00000159239"  "ENSG00000286623"  "ENSG00000286883" 
 [1657] "ENSG00000272183"  "ENSG00000230695"  "ENSG00000225166" 
 [1660] "ENSG00000228618"  "ENSG00000234938"  "ENSG00000227981" 
 [1663] "ENSG00000235321"  "ENSG00000283839"  "ENSG00000232001" 
 [1666] "ENSG00000231505"  "ENSG00000223523"  "ENSG00000272564" 
 [1669] "ENSG00000287628"  "ENSG00000273080"  "ENSG00000225057" 
 [1672] "ENSG00000283635"  "ENSG00000232306"  "ENSG00000261096" 
 [1675] "ENSG00000227033"  "ENSG00000224516"  "ENSG00000237087" 
 [1678] "ENSG00000230803"  "ENSG00000272769"  "ENSG00000286833" 
 [1681] "ENSG00000228079"  "ENSG00000238012"  "ENSG00000238201" 
 [1684] "ENSG00000225889"  "ENSG00000232408"  "ENSG00000282944" 
 [1687] "ENSG00000229797"  "ENSG00000284604"  "ENSG00000283303" 
 [1690] "ENSG00000273073"  "ENSG00000261829"  "ENSG00000224376" 
 [1693] "ENSG00000233538"  "ENSG00000286942"  "ENSG00000287049" 
 [1696] "ENSG00000219159"  "ENSG00000223991"  "ENSG00000235024" 
 [1699] "ENSG00000224090"  "ENSG00000286606"  "ENSG00000280537" 
 [1702] "ENSG00000287529"  "ENSG00000284820"  "ENSG00000230432" 
 [1705] "ENSG00000234162"  "ENSG00000233339"  "ENSG00000273165" 
 [1708] "ENSG00000271228"  "ENSG00000285548"  "ENSG00000283058" 
 [1711] "ENSG00000286412"  "ENSG00000287867"  "ENSG00000288089" 
 [1714] "ENSG00000236116"  "ENSG00000229774"  "ENSG00000271709" 
 [1717] "ENSG00000234455"  "ENSG00000225963"  "ENSG00000283118" 
 [1720] "ENSG00000287115"  "ENSG00000286207"  "ENSG00000203327" 
 [1723] "ENSG00000240401"  "ENSG00000287435"  "ENSG00000285068" 
 [1726] "ENSG00000284902"  "ENSG00000273245"  "ENSG00000234072" 
 [1729] "ENSG00000223911"  "ENSG00000284337"  "ENSG00000283684" 
 [1732] "ENSG00000282304"  "ENSG00000273471"  "ENSG00000227574" 
 [1735] "ENSG00000286307"  "ENSG00000287405"  "ENSG00000286525" 
 [1738] "ENSG00000288082"  "ENSG00000286188"  "ENSG00000286167" 
 [1741] "ENSG00000282836"  "ENSG00000236525"  "ENSG00000234389" 
 [1744] "ENSG00000241962"  "ENSG00000273155"  "ENSG00000232732" 
 [1747] "ENSG00000236145"  "ENSG00000272913"  "ENSG00000273305" 
 [1750] "ENSG00000225979"  "ENSG00000287858"  "ENSG00000233397" 
 [1753] "ENSG00000236841"  "ENSG00000229337"  "ENSG00000222043" 
 [1756] "ENSG00000213963"  "ENSG00000271825"  "ENSG00000271996" 
 [1759] "ENSG00000280374"  "ENSG00000237655"  "ENSG00000234022" 
 [1762] "ENSG00000224194"  "ENSG00000286399"  "ENSG00000236501" 
 [1765] "ENSG00000286325"  "ENSG00000286183"  "ENSG00000227479" 
 [1768] "ENSG00000270956"  "ENSG00000270277"  "ENSG00000271011" 
 [1771] "ENSG00000270574"  "ENSG00000271141"  "ENSG00000271401" 
 [1774] "ENSG00000267784"  "ENSG00000233849"  "ENSG00000229229" 
 [1777] "ENSG00000251569"  "ENSG00000269973"  "ENSG00000287305" 
 [1780] "ENSG00000188525"  "ENSG00000260476"  "ENSG00000260077" 
 [1783] "ENSG00000271787"  "ENSG00000233502"  "ENSG00000285872" 
 [1786] "ENSG00000229525"  "ENSG00000234638"  "ENSG00000286143" 
 [1789] "ENSG00000268603"  "ENSG00000268896"  "ENSG00000269068" 
 [1792] "ENSG00000228973"  "ENSG00000267919"  "ENSG00000285857" 
 [1795] "ENSG00000228950"  "ENSG00000270460"  "ENSG00000271151" 
 [1798] "ENSG00000273258"  "ENSG00000226853"  "ENSG00000237798" 
 [1801] "ENSG00000237126"  "ENSG00000241409"  "ENSG00000222001" 
 [1804] "ENSG00000236449"  "ENSG00000288066"  "ENSG00000225284" 
 [1807] "ENSG00000269210"  "ENSG00000217702"  "ENSG00000279070" 
 [1810] "ENSG00000286154"  "ENSG00000272555"  "ENSG00000231024" 
 [1813] "ENSG00000231536"  "ENSG00000235881"  "ENSG00000230499" 
 [1816] "ENSG00000271590"  "ENSG00000288658"  "ENSG00000286347" 
 [1819] "ENSG00000224879"  "ENSG00000286227"  "ENSG00000224731" 
 [1822] "ENSG00000237031"  "ENSG00000271947"  "ENSG00000274769" 
 [1825] "ENSG00000212978"  "ENSG00000271889"  "ENSG00000273302" 
 [1828] "ENSG00000237633"  "ENSG00000235480"  "ENSG00000286654" 
 [1831] "ENSG00000286864"  "ENSG00000235192"  "ENSG00000229195" 
 [1834] "ENSG00000232411"  "ENSG00000287133"  "ENSG00000273209" 
 [1837] "ENSG00000271936"  "ENSG00000286645"  "ENSG00000272667" 
 [1840] "ENSG00000286873"  "ENSG00000234174"  "ENSG00000234997" 
 [1843] "ENSG00000272563"  "ENSG00000273306"  "ENSG00000230393" 
 [1846] "ENSG00000286058"  "ENSG00000225884"  "ENSG00000287250" 
 [1849] "ENSG00000286244"  "ENSG00000235499"  "ENSG00000286335" 
 [1852] "ENSG00000286081"  "ENSG00000183308"  "ENSG00000232719" 
 [1855] "ENSG00000234431"  "ENSG00000288048"  "ENSG00000286557" 
 [1858] "ENSG00000226963"  "ENSG00000288707"  "ENSG00000229498" 
 [1861] "ENSG00000226681"  "ENSG00000234595"  "ENSG00000225570" 
 [1864] "ENSG00000225420"  "ENSG00000240040"  "ENSG00000233060" 
 [1867] "ENSG00000234584"  "ENSG00000270557"  "ENSG00000271320" 
 [1870] "ENSG00000272729"  "ENSG00000286165"  "ENSG00000273240" 
 [1873] "ENSG00000272622"  "ENSG00000261379"  "ENSG00000215023" 
 [1876] "ENSG00000224272"  "ENSG00000235151"  "ENSG00000226423" 
 [1879] "ENSG00000287971"  "LINC01238.1"      "ENSG00000224132" 
 [1882] "ENSG00000222022"  "ENSG00000222032"  "ENSG00000231731" 
 [1885] "ENSG00000272789"  "ENSG00000281904"  "ENSG00000228222" 
 [1888] "ENSG00000287742"  "ENSG00000224918"  "ENSG00000288030" 
 [1891] "ENSG00000229642"  "ENSG00000223727"  "ENSG00000285969" 
 [1894] "ENSG00000226238"  "ENSG00000235629"  "ENSG00000287720" 
 [1897] "ENSG00000227498"  "ENSG00000287623"  "ENSG00000287505" 
 [1900] "ENSG00000226022"  "ENSG00000286689"  "ENSG00000272334" 
 [1903] "ENSG00000271716"  "ENSG00000229271"  "ENSG00000261468" 
 [1906] "ENSG00000270207"  "ENSG00000285731"  "ENSG00000287348" 
 [1909] "ENSG00000224239"  "ENSG00000225044"  "ENSG00000269391" 
 [1912] "ENSG00000286363"  "ENSG00000235158"  "ENSG00000261572" 
 [1915] "ENSG00000230172"  "ENSG00000271993"  "ENSG00000286962" 
 [1918] "ENSG00000272554"  "ENSG00000287641"  "ENSG00000287042" 
 [1921] "ENSG00000285906"  "ENSG00000274840"  "ENSG00000227549" 
 [1924] "ENSG00000283849"  "ENSG00000230599"  "ENSG00000287964" 
 [1927] "ENSG00000272483"  "ENSG00000189229"  "ENSG00000231873" 
 [1930] "ENSG00000224884"  "ENSG00000225386"  "ENSG00000287981" 
 [1933] "ENSG00000272498"  "ENSG00000255021"  "ENSG00000287140" 
 [1936] "ENSG00000271192"  "ENSG00000285885"  "ENSG00000287620" 
 [1939] "ENSG00000283392"  "ENSG00000287774"  "ENSG00000286579" 
 [1942] "ENSG00000283563"  "ENSG00000228351"  "ENSG00000287415" 
 [1945] "ENSG00000287059"  "ENSG00000272529"  "ENSG00000287069" 
 [1948] "ENSG00000285766"  "ENSG00000272121"  "ENSG00000268279" 
 [1951] "ENSG00000237838"  "ENSG00000227245"  "ENSG00000226302" 
 [1954] "ENSG00000271964"  "ENSG00000287377"  "ENSG00000233096" 
 [1957] "ENSG00000236452"  "ENSG00000271653"  "ENSG00000231401" 
 [1960] "ENSG00000228008"  "ENSG00000213600"  "ENSG00000282987" 
 [1963] "ENSG00000235845"  "ENSG00000287780"  "ENSG00000287649" 
 [1966] "ENSG00000286952"  "ENSG00000288050"  "ENSG00000235886" 
 [1969] "ENSG00000273328"  "ENSG00000243384"  "ENSG00000281160" 
 [1972] "ENSG00000286352"  "ENSG00000284669"  "ENSG00000286353" 
 [1975] "ENSG00000287502"  "ENSG00000285654"  "ENSG00000287995" 
 [1978] "ENSG00000288063"  "ENSG00000287873"  "ENSG00000274387" 
 [1981] "ENSG00000271937"  "ENSG00000272360"  "ENSG00000241593" 
 [1984] "ENSG00000286329"  "ENSG00000230698"  "ENSG00000239767" 
 [1987] "ENSG00000243295"  "ENSG00000240573"  "ENSG00000277855" 
 [1990] "ENSG00000248839"  "ENSG00000239572"  "ENSG00000279658" 
 [1993] "ENSG00000272149"  "ENSG00000244464"  "ENSG00000272305" 
 [1996] "ENSG00000242190"  "ENSG00000287053"  "ENSG00000249474" 
 [1999] "ENSG00000288004"  "ENSG00000261292"  "ENSG00000286567" 
 [2002] "ENSG00000272202"  "ENSG00000287567"  "ENSG00000242009" 
 [2005] "ENSG00000242828"  "ENSG00000240241"  "ENSG00000270059" 
 [2008] "ENSG00000286447"  "ENSG00000243089"  "ENSG00000282527" 
 [2011] "ENSG00000287158"  "ENSG00000286516"  "ENSG00000288105" 
 [2014] "ENSG00000273374"  "ENSG00000270562"  "ENSG00000242145" 
 [2017] "ENSG00000251088"  "ENSG00000243296"  "ENSG00000285614" 
 [2020] "ENSG00000288557"  "ENSG00000285780"  "ENSG00000241884" 
 [2023] "ENSG00000285635"  "ENSG00000287682"  "ENSG00000241754" 
 [2026] "ENSG00000243696"  "ENSG00000272597"  "ENSG00000287378" 
 [2029] "ENSG00000272104"  "ENSG00000242545"  "ENSG00000286956" 
 [2032] "ENSG00000233919"  "ENSG00000239462"  "ENSG00000241280" 
 [2035] "ENSG00000239991"  "ENSG00000239828"  "ENSG00000287421" 
 [2038] "ENSG00000286854"  "ENSG00000279277"  "ENSG00000276471" 
 [2041] "ENSG00000288074"  "ENSG00000288039"  "PRICKLE2-AS1.1"  
 [2044] "ENSG00000244513"  "ENSG00000288079"  "ENSG00000243903" 
 [2047] "ENSG00000286602"  "ENSG00000287131"  "ENSG00000285708" 
 [2050] "ENSG00000280382"  "ENSG00000261364"  "ENSG00000240895" 
 [2053] "ENSG00000243081"  "ENSG00000242659"  "ENSG00000287795" 
 [2056] "ENSG00000273454"  "ENSG00000288029"  "ENSG00000287784" 
 [2059] "ENSG00000286996"  "ENSG00000272832"  "ENSG00000261786" 
 [2062] "ENSG00000239268"  "ENSG00000286915"  "ENSG00000285943" 
 [2065] "ENSG00000288022"  "ENSG00000286919"  "ENSG00000272967" 
 [2068] "ENSG00000287232"  "ENSG00000286492"  "ENSG00000285738" 
 [2071] "ENSG00000242029"  "ENSG00000286781"  "ENSG00000242880" 
 [2074] "ENSG00000240057"  "ENSG00000241596"  "ENSG00000239311" 
 [2077] "ENSG00000273461"  "ENSG00000286967"  "ENSG00000240562" 
 [2080] "ENSG00000243276"  "ENSG00000251012"  "ENSG00000285836" 
 [2083] "ENSG00000241219"  "ENSG00000250012"  "ENSG00000248468" 
 [2086] "ENSG00000273394"  "ENSG00000273291"  "ENSG00000285600" 
 [2089] "ENSG00000261734"  "ENSG00000250934"  "ENSG00000272678" 
 [2092] "ENSG00000240888"  "ENSG00000272844"  "ENSG00000287958" 
 [2095] "ENSG00000239482"  "ENSG00000286822"  "ENSG00000287143" 
 [2098] "ENSG00000268129"  "ENSG00000286660"  "ENSG00000203644" 
 [2101] "ENSG00000261051"  "ENSG00000240086"  "ENSG00000242791" 
 [2104] "ENSG00000286735"  "ENSG00000261763"  "ENSG00000285660" 
 [2107] "ENSG00000250608"  "ENSG00000243620"  "ENSG00000243305" 
 [2110] "ENSG00000241679"  "ENSG00000240207"  "ENSG00000248773" 
 [2113] "ENSG00000287688"  "ENSG00000261167"  "ENSG00000282860" 
 [2116] "ENSG00000243733"  "ENSG00000240354"  "ENSG00000269888" 
 [2119] "ENSG00000243415"  "ENSG00000244358"  "ENSG00000241048" 
 [2122] "ENSG00000239941"  "ENSG00000241792"  "ENSG00000248932" 
 [2125] "ENSG00000239922"  "ENSG00000288585"  "ENSG00000242795" 
 [2128] "ENSG00000244468"  "ENSG00000272609"  "ENSG00000271778" 
 [2131] "ENSG00000244545"  "ENSG00000286714"  "ENSG00000241220" 
 [2134] "ENSG00000286994"  "ENSG00000287155"  "ENSG00000240095" 
 [2137] "ENSG00000269984"  "ENSG00000249417"  "ENSG00000249290" 
 [2140] "ENSG00000287916"  "ENSG00000241912"  "ENSG00000241168" 
 [2143] "ENSG00000272797"  "ENSG00000248710"  "ENSG00000242578" 
 [2146] "ENSG00000288087"  "ENSG00000244650"  "ENSG00000270135" 
 [2149] "ENSG00000240792"  "ENSG00000239628"  "ENSG00000239219" 
 [2152] "ENSG00000285218"  "ENSG00000287899"  "ENSG00000285557" 
 [2155] "ENSG00000236385"  "ENSG00000288111"  "ENSG00000261146" 
 [2158] "ENSG00000239774"  "ENSG00000250643"  "ENSG00000272990" 
 [2161] "ENSG00000251058"  "ENSG00000226782"  "ENSG00000244738" 
 [2164] "ENSG00000288104"  "ENSG00000239739"  "ENSG00000273177" 
 [2167] "ENSG00000223930"  "ENSG00000272247"  "ENSG00000272087" 
 [2170] "ENSG00000241882"  "ENSG00000270096"  "ENSG00000270321" 
 [2173] "ENSG00000260217"  "ENSG00000243273"  "ENSG00000285558" 
 [2176] "ENSG00000242012"  "ENSG00000237473"  "ENSG00000287012" 
 [2179] "ENSG00000273486"  "ENSG00000243885"  "ENSG00000240478" 
 [2182] "ENSG00000286827"  "ENSG00000225790"  "ENSG00000286913" 
 [2185] "ENSG00000286003"  "ENSG00000286695"  "ENSG00000287706" 
 [2188] "ENSG00000273181"  "ENSG00000269889"  "ENSG00000288032" 
 [2191] "ENSG00000285798"  "ENSG00000243486"  "ENSG00000228561" 
 [2194] "CCDC39.1"         "ENSG00000242816"  "ENSG00000287605" 
 [2197] "ENSG00000240033"  "ENSG00000287207"  "ENSG00000285336" 
 [2200] "ENSG00000287366"  "ENSG00000273261"  "ENSG00000240497" 
 [2203] "ENSG00000286585"  "ENSG00000286361"  "ENSG00000285619" 
 [2206] "ENSG00000285938"  "ENSG00000243944"  "ENSG00000244327" 
 [2209] "ENSG00000275163"  "ENSG00000273370"  "ENSG00000286453" 
 [2212] "ENSG00000260377"  "ENSG00000242536"  "ENSG00000287005" 
 [2215] "ENSG00000241231"  "ENSG00000230454"  "ENSG00000260234" 
 [2218] "ENSG00000286870"  "ENSG00000287398"  "ENSG00000224049" 
 [2221] "ENSG00000273308"  "ENSG00000238031"  "ENSG00000286086" 
 [2224] "ENSG00000241770"  "ENSG00000286017"  "ENSG00000261826" 
 [2227] "ENSG00000286624"  "ENSG00000229178"  "ENSG00000198491" 
 [2230] "ENSG00000239381"  "ENSG00000240063"  "ENSG00000235126" 
 [2233] "ENSG00000286909"  "ENSG00000286501"  "ENSG00000225058" 
 [2236] "ENSG00000236864"  "ENSG00000273455"  "ENSG00000276407" 
 [2239] "ENSG00000243861"  "ENSG00000233987"  "ENSG00000232874" 
 [2242] "ENSG00000197099"  "ENSG00000244706"  "ENSG00000236833" 
 [2245] "ENSG00000237167"  "ENSG00000238043"  "ENSG00000236412" 
 [2248] "ENSG00000283175"  "ENSG00000229912"  "ENSG00000287286" 
 [2251] "ENSG00000229964"  "ENSG00000234136"  "ENSG00000287073" 
 [2254] "ENSG00000228028"  "ENSG00000273375"  "ENSG00000286661" 
 [2257] "ENSG00000234238"  "ENSG00000223812"  "ENSG00000223711" 
 [2260] "ENSG00000287206"  "ENSG00000273013"  "ENSG00000283765" 
 [2263] "ENSG00000287941"  "ENSG00000230732"  "ENSG00000272741" 
 [2266] "ENSG00000286755"  "ENSG00000244268"  "ENSG00000214919" 
 [2269] "ENSG00000250543"  "ENSG00000249725"  "ENSG00000243176" 
 [2272] "ENSG00000251471"  "ENSG00000284952"  "ENSG00000286317" 
 [2275] "ENSG00000232130"  "ENSG00000286856"  "ENSG00000228804" 
 [2278] "ENSG00000287805"  "ENSG00000251270"  "ENSG00000239661" 
 [2281] "ENSG00000286584"  "ENSG00000240521"  "ENSG00000287198" 
 [2284] "ENSG00000286806"  "ENSG00000286699"  "ENSG00000260633" 
 [2287] "ENSG00000286982"  "ENSG00000206567"  "ENSG00000287086" 
 [2290] "ENSG00000272410"  "ENSG00000235236"  "ENSG00000223343" 
 [2293] "ENSG00000273211"  "ENSG00000272434"  "ENSG00000286892" 
 [2296] "ENSG00000271843"  "ENSG00000272181"  "ENSG00000241490" 
 [2299] "ENSG00000259976"  "ENSG00000243969"  "ENSG00000243953" 
 [2302] "ENSG00000242790"  "ENSG00000261159"  "ENSG00000231305" 
 [2305] "ENSG00000287110"  "ENSG00000273123"  "ENSG00000231243" 
 [2308] "ENSG00000283877"  "ENSG00000286570"  "ENSG00000206549" 
 [2311] "ENSG00000284672"  "ENSG00000260743"  "ENSG00000242539" 
 [2314] "ENSG00000272699"  "ENSG00000272910"  "ENSG00000272660" 
 [2317] "ENSG00000244675"  "ENSG00000229334"  "ENSG00000272707" 
 [2320] "ENSG00000233912"  "ENSG00000268509"  "ENSG00000230944" 
 [2323] "ENSG00000287882"  "ENSG00000260670"  "ENSG00000244345" 
 [2326] "ENSG00000242568"  "ENSG00000242775"  "ENSG00000242317" 
 [2329] "ENSG00000240777"  "ENSG00000240842"  "ENSG00000241667" 
 [2332] "ENSG00000272970"  "ENSG00000273403"  "ENSG00000272922" 
 [2335] "ENSG00000288576"  "ENSG00000285631"  "ENSG00000250592" 
 [2338] "ENSG00000250129"  "CYB561D2.1"       "ENSG00000269886" 
 [2341] "ENSG00000283189"  "ENSG00000259970"  "ENSG00000269982" 
 [2344] "ENSG00000263826"  "ENSG00000231724"  "ENSG00000286988" 
 [2347] "ENSG00000272656"  "ENSG00000248790"  "ENSG00000282950" 
 [2350] "ENSG00000287319"  "ENSG00000260572"  "ENSG00000285585" 
 [2353] "ENSG00000239994"  "ENSG00000242622"  "ENSG00000287707" 
 [2356] "ENSG00000272762"  "ENSG00000285685"  "ENSG00000286419" 
 [2359] "ENSG00000173366"  "ENSG00000243224"  "ENSG00000288662" 
 [2362] "ENSG00000288667"  "ENSG00000251448"  "ENSG00000287440" 
 [2365] "ENSG00000287273"  "ENSG00000286004"  "ENSG00000286168" 
 [2368] "ENSG00000272263"  "ENSG00000285908"  "ENSG00000225399" 
 [2371] "ENSG00000272774"  "ENSG00000242618"  "ENSG00000287595" 
 [2374] "ENSG00000288654"  "ENSG00000287645"  "ENSG00000287669" 
 [2377] "ENSG00000283148"  "ENSG00000273493"  "ENSG00000272182" 
 [2380] "ENSG00000288698"  "ENSG00000283149"  "ENSG00000271870" 
 [2383] "ENSG00000273174"  "ENSG00000273437"  "ENSG00000285788" 
 [2386] "ENSG00000230084"  "ENSG00000287629"  "ENSG00000285539" 
 [2389] "ENSG00000280571"  "ENSG00000287417"  "ENSG00000235288" 
 [2392] "ENSG00000285749"  "ENSG00000272077"  "ENSG00000288077" 
 [2395] "ENSG00000232353"  "ENSG00000287178"  "ENSG00000288679" 
 [2398] "ENSG00000244380"  "ENSG00000271973"  "ENSG00000229102" 
 [2401] "ENSG00000235978"  "ENSG00000260236"  "ENSG00000214773" 
 [2404] "ENSG00000239716"  "ENSG00000243150"  "ENSG00000287045" 
 [2407] "ENSG00000243818"  "ENSG00000272477"  "ENSG00000287878" 
 [2410] "ENSG00000249225"  "ENSG00000288550"  "ENSG00000288720" 
 [2413] "ENSG00000288717"  "ENSG00000288703"  "ENSG00000288724" 
 [2416] "ENSG00000288718"  "ENSG00000286531"  "ENSG00000271916" 
 [2419] "ENSG00000271976"  "ENSG00000260391"  "ENSG00000288713" 
 [2422] "ENSG00000284624"  "ENSG00000272840"  "ENSG00000287617" 
 [2425] "ENSG00000248787"  "ENSG00000248607"  "ENSG00000287022" 
 [2428] "ENSG00000254485"  "ENSG00000288700"  "ENSG00000286729" 
 [2431] "ENSG00000286273"  "ENSG00000286705"  "ENSG00000205959" 
 [2434] "ENSG00000286318"  "ENSG00000287104"  "ENSG00000250039" 
 [2437] "ENSG00000249988"  "ENSG00000249219"  "ENSG00000251652" 
 [2440] "ENSG00000283183"  "ENSG00000250259"  "ENSG00000248516" 
 [2443] "ENSG00000287081"  "ENSG00000270090"  "ENSG00000248343" 
 [2446] "ENSG00000272927"  "ENSG00000187904"  "ENSG00000272885" 
 [2449] "ENSG00000288589"  "ENSG00000275426"  "ENSG00000250092" 
 [2452] "ENSG00000233799"  "ENSG00000251152"  "ENSG00000251148" 
 [2455] "ENSG00000272588"  "ENSG00000250371"  "ENSG00000286205" 
 [2458] "ENSG00000249678"  "ENSG00000251412"  "ENSG00000251679" 
 [2461] "ENSG00000250681"  "ENSG00000250915"  "ENSG00000251434" 
 [2464] "ENSG00000249998"  "ENSG00000286900"  "ENSG00000251517" 
 [2467] "ENSG00000249592"  "ENSG00000287659"  "ENSG00000260296" 
 [2470] "ENSG00000250098"  "ENSG00000260878"  "ENSG00000248262" 
 [2473] "ENSG00000248936"  "ENSG00000248417"  "ENSG00000248939" 
 [2476] "ENSG00000260262"  "ENSG00000287762"  "ENSG00000248425" 
 [2479] "ENSG00000250893"  "ENSG00000249334"  "ENSG00000281016" 
 [2482] "ENSG00000249228"  "ENSG00000286212"  "ENSG00000251615" 
 [2485] "ENSG00000170846"  "ENSG00000287389"  "ENSG00000287099" 
 [2488] "ENSG00000250243"  "ENSG00000288321"  "ENSG00000251186" 
 [2491] "ENSG00000273179"  "ENSG00000286297"  "ENSG00000248399" 
 [2494] "ENSG00000251642"  "ENSG00000261490"  "ENSG00000251080" 
 [2497] "ENSG00000286599"  "ENSG00000248254"  "ENSG00000286141" 
 [2500] "ENSG00000287999"  "ENSG00000248515"  "ENSG00000250541" 
 [2503] "ENSG00000287182"  "ENSG00000286349"  "ENSG00000286046" 
 [2506] "ENSG00000284684"  "ENSG00000249453"  "ENSG00000249216" 
 [2509] "ENSG00000287320"  "ENSG00000248176"  "ENSG00000250863" 
 [2512] "ENSG00000250137"  "ENSG00000286089"  "ENSG00000250597" 
 [2515] "ENSG00000205830"  "ENSG00000285454"  "ENSG00000250954" 
 [2518] "ENSG00000287360"  "ENSG00000282904"  "ENSG00000249631" 
 [2521] "ENSG00000249330"  "ENSG00000245748"  "ENSG00000249892" 
 [2524] "ENSG00000249441"  "ENSG00000248138"  "ENSG00000251410" 
 [2527] "ENSG00000248416"  "ENSG00000250333"  "ENSG00000271958" 
 [2530] "ENSG00000251009"  "ENSG00000287382"  "ENSG00000248545" 
 [2533] "ENSG00000248837"  "ENSG00000288073"  "ENSG00000250078" 
 [2536] "ENSG00000251055"  "ENSG00000286321"  "ENSG00000251048" 
 [2539] "ENSG00000247193"  "ENSG00000286294"  "ENSG00000287534" 
 [2542] "ENSG00000258507"  "ENSG00000250220"  "ENSG00000250906" 
 [2545] "ENSG00000285998"  "ENSG00000260519"  "ENSG00000286596" 
 [2548] "ENSG00000251459"  "ENSG00000249706"  "ENSG00000248518" 
 [2551] "ENSG00000250657"  "ENSG00000287154"  "ENSG00000287331" 
 [2554] "ENSG00000227189"  "ENSG00000249122"  "ENSG00000286189" 
 [2557] "ENSG00000272969"  "ENSG00000286097"  "ENSG00000260918" 
 [2560] "ENSG00000249547"  "ENSG00000247810"  "ENSG00000287037" 
 [2563] "ENSG00000287778"  "ENSG00000286784"  "ENSG00000248646" 
 [2566] "ENSG00000250781"  "ENSG00000272650"  "ENSG00000248744" 
 [2569] "ENSG00000249771"  "ENSG00000249111"  "ENSG00000249831" 
 [2572] "ENSG00000249413"  "ENSG00000251325"  "ENSG00000251264" 
 [2575] "ENSG00000286150"  "ENSG00000272626"  "ENSG00000287239" 
 [2578] "ENSG00000250064"  "ENSG00000272862"  "ENSG00000253170" 
 [2581] "ENSG00000255458"  "ENSG00000287174"  "ENSG00000287375" 
 [2584] "ENSG00000224218"  "ENSG00000250696"  "ENSG00000286490" 
 [2587] "ENSG00000250775"  "ENSG00000248373"  "ENSG00000272856" 
 [2590] "ENSG00000250740"  "ENSG00000286664"  "ENSG00000272304" 
 [2593] "ENSG00000286147"  "ENSG00000250735"  "ENSG00000249392" 
 [2596] "ENSG00000263923"  "ENSG00000248627"  "ENSG00000248242" 
 [2599] "ENSG00000282278"  "ENSG00000250920"  "ENSG00000251170" 
 [2602] "ENSG00000251081"  "ENSG00000248984"  "ENSG00000286291" 
 [2605] "ENSG00000249635"  "ENSG00000251577"  "ENSG00000253825" 
 [2608] "ENSG00000286637"  "ENSG00000250670"  "ENSG00000250522" 
 [2611] "ENSG00000249171"  "ENSG00000251339"  "ENSG00000251309" 
 [2614] "ENSG00000250950"  "ENSG00000251438"  "ENSG00000269506" 
 [2617] "ENSG00000287520"  "ENSG00000250149"  "ENSG00000286269" 
 [2620] "ENSG00000286124"  "ENSG00000286241"  "ENSG00000287845" 
 [2623] "ENSG00000286136"  "ENSG00000286891"  "ENSG00000249942" 
 [2626] "ENSG00000260091"  "ENSG00000251185"  "ENSG00000287101" 
 [2629] "ENSG00000287290"  "ENSG00000249036"  "ENSG00000250546" 
 [2632] "ENSG00000249341"  "ENSG00000287383"  "ENSG00000250938" 
 [2635] "ENSG00000250344"  "ENSG00000286467"  "ENSG00000205682" 
 [2638] "ENSG00000287748"  "ENSG00000250338"  "ENSG00000248369" 
 [2641] "ENSG00000251523"  "ENSG00000261668"  "ENSG00000254044" 
 [2644] "ENSG00000250241"  "ENSG00000260641"  "ENSG00000249837" 
 [2647] "ENSG00000251454"  "ENSG00000248491"  "ENSG00000287416" 
 [2650] "ENSG00000272777"  "ENSG00000287021"  "ENSG00000249806" 
 [2653] "ENSG00000214559"  "ENSG00000248749"  "ENSG00000251049" 
 [2656] "ENSG00000250193"  "ENSG00000250075"  "ENSG00000249727" 
 [2659] "ENSG00000261166"  "ENSG00000246541"  "ENSG00000251199" 
 [2662] "ENSG00000248335"  "ENSG00000273077"  "ENSG00000250791" 
 [2665] "ENSG00000248571"  "ENSG00000250698"  "ENSG00000273156" 
 [2668] "ENSG00000286761"  "ENSG00000249207"  "ENSG00000226655" 
 [2671] "ENSG00000251687"  "ENSG00000249091"  "ENSG00000248802" 
 [2674] "ENSG00000249463"  "ENSG00000250375"  "ENSG00000287841" 
 [2677] "ENSG00000261129"  "ENSG00000287542"  "ENSG00000287565" 
 [2680] "ENSG00000248434"  "ENSG00000249000"  "ENSG00000250532" 
 [2683] "ENSG00000272995"  "ENSG00000272632"  "ENSG00000286888" 
 [2686] "ENSG00000246090"  "ENSG00000250977"  "ENSG00000251010" 
 [2689] "ENSG00000273472"  "ENSG00000270302"  "ENSG00000250945" 
 [2692] "ENSG00000251600"  "ENSG00000249184"  "ENSG00000253917" 
 [2695] "ENSG00000248719"  "ENSG00000287117"  "ENSG00000251388" 
 [2698] "ENSG00000251567"  "ENSG00000287968"  "ENSG00000260244" 
 [2701] "ENSG00000248165"  "ENSG00000249752"  "ENSG00000250038" 
 [2704] "ENSG00000286580"  "ENSG00000287210"  "ENSG00000251455" 
 [2707] "ENSG00000251511"  "ENSG00000250723"  "ENSG00000249708" 
 [2710] "ENSG00000250538"  "ENSG00000249847"  "ENSG00000249041" 
 [2713] "ENSG00000272576"  "ENSG00000249710"  "ENSG00000270720" 
 [2716] "ENSG00000245213"  "ENSG00000250905"  "ENSG00000287072" 
 [2719] "ENSG00000250503"  "ENSG00000287555"  "ENSG00000288003" 
 [2722] "ENSG00000285783"  "ENSG00000250326"  "ENSG00000250027" 
 [2725] "ENSG00000248187"  "ENSG00000287552"  "ENSG00000278981" 
 [2728] "ENSG00000248747"  "ENSG00000250908"  "ENSG00000250777" 
 [2731] "ENSG00000248511"  "ENSG00000286251"  "ENSG00000249675" 
 [2734] "ENSG00000250406"  "ENSG00000270883"  "ENSG00000251488" 
 [2737] "ENSG00000287441"  "ENSG00000250354"  "ENSG00000251598" 
 [2740] "ENSG00000287292"  "ENSG00000250665"  "ENSG00000250126" 
 [2743] "ENSG00000286253"  "ENSG00000251249"  "ENSG00000285713" 
 [2746] "ENSG00000270681"  "ENSG00000248912"  "ENSG00000286558" 
 [2749] "ENSG00000249309"  "ENSG00000249275"  "ENSG00000286711" 
 [2752] "ENSG00000249419"  "ENSG00000251171"  "ENSG00000249568" 
 [2755] "ENSG00000286862"  "ENSG00000250865"  "ENSG00000250131" 
 [2758] "ENSG00000248266"  "ENSG00000248629"  "ENSG00000249479" 
 [2761] "ENSG00000249883"  "ENSG00000251176"  "ENSG00000250192" 
 [2764] "ENSG00000287948"  "ENSG00000249924"  "ENSG00000280005" 
 [2767] "ENSG00000251445"  "ENSG00000250034"  "ENSG00000287424" 
 [2770] "ENSG00000249951"  "ENSG00000248388"  "ENSG00000250180" 
 [2773] "ENSG00000249513"  "ENSG00000280241"  "ENSG00000287144" 
 [2776] "ENSG00000250604"  "ENSG00000249609"  "ENSG00000233110" 
 [2779] "ENSG00000250626"  "ENSG00000287730"  "ENSG00000251248" 
 [2782] "ENSG00000249955"  "ENSG00000287216"  "ENSG00000286494" 
 [2785] "ENSG00000273180"  "ENSG00000287083"  "ENSG00000235149" 
 [2788] "ENSG00000272784"  "ENSG00000272297"  "ENSG00000286292" 
 [2791] "ENSG00000272744"  "ENSG00000249901"  "ENSG00000248206" 
 [2794] "ENSG00000235902"  "ENSG00000248431"  "ENSG00000287226" 
 [2797] "ENSG00000286371"  "ENSG00000287433"  "ENSG00000248816" 
 [2800] "ENSG00000287298"  "ENSG00000287775"  "ENSG00000249875" 
 [2803] "ENSG00000249317"  "ENSG00000287169"  "ENSG00000249008" 
 [2806] "ENSG00000250993"  "ENSG00000287571"  "ENSG00000249642" 
 [2809] "ENSG00000250024"  "ENSG00000249269"  "ENSG00000249742" 
 [2812] "ENSG00000232648"  "ENSG00000249084"  "ENSG00000250431" 
 [2815] "ENSG00000260303"  "ENSG00000251584"  "ENSG00000287544" 
 [2818] "ENSG00000251200"  "ENSG00000250829"  "ENSG00000250910" 
 [2821] "ENSG00000270426"  "ENSG00000287349"  "ENSG00000286720" 
 [2824] "ENSG00000248694"  "ENSG00000270265"  "ENSG00000287504" 
 [2827] "ENSG00000248601"  "ENSG00000250150"  "ENSG00000249409" 
 [2830] "ENSG00000249679"  "ENSG00000286119"  "ENSG00000272218" 
 [2833] "ENSG00000286302"  "ENSG00000287183"  "ENSG00000250704" 
 [2836] "ENSG00000251244"  "ENSG00000250410"  "ENSG00000273449" 
 [2839] "ENSG00000287822"  "ENSG00000283383"  "ENSG00000249458" 
 [2842] "ENSG00000286734"  "ENSG00000250357"  "ENSG00000286860" 
 [2845] "ENSG00000272566"  "ENSG00000250706"  "ENSG00000250971" 
 [2848] "ENSG00000250658"  "ENSG00000248991"  "ENSG00000250957" 
 [2851] "ENSG00000286641"  "ENSG00000248551"  "ENSG00000272646" 
 [2854] "ENSG00000251416"  "ENSG00000286133"  "ENSG00000250195" 
 [2857] "ENSG00000249690"  "ENSG00000251095"  "ENSG00000251213" 
 [2860] "ENSG00000249945"  "ENSG00000251377"  "ENSG00000250577" 
 [2863] "ENSG00000251490"  "ENSG00000249818"  "ENSG00000287660" 
 [2866] "ENSG00000250501"  "ENSG00000287667"  "ENSG00000251310" 
 [2869] "ENSG00000249877"  "ENSG00000249052"  "ENSG00000247130" 
 [2872] "ENSG00000286700"  "ENSG00000287392"  "ENSG00000250497" 
 [2875] "ENSG00000249049"  "ENSG00000287512"  "ENSG00000286066" 
 [2878] "ENSG00000286821"  "ENSG00000249106"  "ENSG00000286055" 
 [2881] "ENSG00000251298"  "ENSG00000251555"  "ENSG00000282917" 
 [2884] "ENSG00000259959"  "ENSG00000260120"  "ENSG00000286161" 
 [2887] "ENSG00000248115"  "ENSG00000285563"  "ENSG00000250887" 
 [2890] "ENSG00000286848"  "ENSG00000272986"  "ENSG00000273007" 
 [2893] "ENSG00000248774"  "ENSG00000288025"  "ENSG00000286226" 
 [2896] "ENSG00000261646"  "ENSG00000286039"  "ENSG00000249502" 
 [2899] "ENSG00000250043"  "ENSG00000251216"  "ENSG00000272783" 
 [2902] "ENSG00000244459"  "ENSG00000286280"  "ENSG00000249234" 
 [2905] "ENSG00000287951"  "ENSG00000249125"  "ENSG00000269949" 
 [2908] "ENSG00000287369"  "ENSG00000273133"  "ENSG00000288606" 
 [2911] "ENSG00000284695"  "ENSG00000287262"  "ENSG00000248676" 
 [2914] "ENSG00000251379"  "ENSG00000288075"  "ENSG00000287972" 
 [2917] "ENSG00000288637"  "ENSG00000248479"  "ENSG00000251527" 
 [2920] "ENSG00000287642"  "ENSG00000249022"  "ENSG00000285458" 
 [2923] "ENSG00000284968"  "ENSG00000250572"  "ENSG00000255723" 
 [2926] "ENSG00000248764"  "ENSG00000248346"  "ENSG00000260090" 
 [2929] "ENSG00000287632"  "ENSG00000260278"  "ENSG00000251139" 
 [2932] "ENSG00000286256"  "ENSG00000251259"  "ENSG00000287692" 
 [2935] "ENSG00000250623"  "ENSG00000288659"  "ENSG00000229717" 
 [2938] "ENSG00000254094"  "ENSG00000253399"  "ENSG00000288563" 
 [2941] "ENSG00000274238"  "ENSG00000277695"  "ENSG00000276542" 
 [2944] "ENSG00000228919"  "ENSG00000273267"  "ENSG00000251460" 
 [2947] "ENSG00000287181"  "ENSG00000286978"  "ENSG00000250511" 
 [2950] "ENSG00000288692"  "ENSG00000248656"  "ENSG00000250855" 
 [2953] "ENSG00000249815"  "ENSG00000288691"  "ENSG00000288685" 
 [2956] "ENSG00000260526"  "ENSG00000272567"  "ENSG00000286035" 
 [2959] "ENSG00000250057"  "ENSG00000287188"  "ENSG00000248317" 
 [2962] "ENSG00000250646"  "ENSG00000287060"  "ENSG00000251399" 
 [2965] "ENSG00000288695"  "ENSG00000273257"  "ENSG00000271172" 
 [2968] "ENSG00000287449"  "ENSG00000249685"  "ENSG00000248567" 
 [2971] "ENSG00000250877"  "ENSG00000273447"  "ENSG00000285330" 
 [2974] "ENSG00000286420"  "ENSG00000248356"  "ENSG00000251126" 
 [2977] "ENSG00000249373"  "ENSG00000286618"  "ENSG00000287164" 
 [2980] "ENSG00000249001"  "ENSG00000249604"  "ENSG00000248161" 
 [2983] "ENSG00000260651"  "ENSG00000286242"  "ENSG00000250969" 
 [2986] "ENSG00000286771"  "ENSG00000287786"  "ENSG00000251408" 
 [2989] "ENSG00000288588"  "ENSG00000286176"  "ENSG00000272717" 
 [2992] "ENSG00000286896"  "ENSG00000261268"  "ENSG00000286320" 
 [2995] "ENSG00000286093"  "ENSG00000269921"  "ENSG00000270147" 
 [2998] "ENSG00000288019"  "ENSG00000269559"  "ENSG00000286074" 
 [3001] "ENSG00000287401"  "ENSG00000273369"  "ENSG00000272936" 
 [3004] "ENSG00000250046"  "ENSG00000249304"  "ENSG00000272347" 
 [3007] "ENSG00000251532"  "ENSG00000250173"  "ENSG00000271119" 
 [3010] "ENSG00000248949"  "ENSG00000259603"  "ENSG00000287790" 
 [3013] "ENSG00000248962"  "ENSG00000249966"  "ENSG00000248137" 
 [3016] "ENSG00000285689"  "ENSG00000250481"  "ENSG00000260763" 
 [3019] "ENSG00000251506"  "ENSG00000272049"  "ENSG00000248736" 
 [3022] "ENSG00000249782"  "ENSG00000250576"  "ENSG00000248311" 
 [3025] "ENSG00000286388"  "ENSG00000215246"  "ENSG00000249994" 
 [3028] "ENSG00000286986"  "ENSG00000260515"  "ENSG00000287600" 
 [3031] "ENSG00000250001"  "ENSG00000288108"  "ENSG00000271980" 
 [3034] "ENSG00000250060"  "ENSG00000250866"  "ENSG00000248597" 
 [3037] "ENSG00000248968"  "ENSG00000251168"  "ENSG00000249731" 
 [3040] "ENSG00000250761"  "ENSG00000286441"  "ENSG00000271998" 
 [3043] "ENSG00000248994"  "ENSG00000288002"  "ENSG00000287486" 
 [3046] "ENSG00000249688"  "ENSG00000249166"  "ENSG00000251371" 
 [3049] "ENSG00000288549"  "ENSG00000250453"  "ENSG00000271892" 
 [3052] "ENSG00000260981"  "ENSG00000271715"  "ENSG00000287199" 
 [3055] "ENSG00000286751"  "ENSG00000248973"  "ENSG00000253766" 
 [3058] "ENSG00000286556"  "ENSG00000286961"  "ENSG00000253104" 
 [3061] "ENSG00000248537"  "ENSG00000248223"  "ENSG00000272417" 
 [3064] "ENSG00000248490"  "ENSG00000248813"  "ENSG00000286432" 
 [3067] "ENSG00000283286"  "ENSG00000249941"  "ENSG00000287581" 
 [3070] "ENSG00000248145"  "ENSG00000286377"  "ENSG00000251654" 
 [3073] "ENSG00000286753"  "ENSG00000286625"  "ENSG00000249016" 
 [3076] "ENSG00000286271"  "ENSG00000286254"  "ENSG00000286741" 
 [3079] "ENSG00000287471"  "ENSG00000248918"  "ENSG00000249102" 
 [3082] "ENSG00000248969"  "ENSG00000287940"  "ENSG00000225230" 
 [3085] "ENSG00000250619"  "ENSG00000248624"  "ENSG00000260786" 
 [3088] "ENSG00000260066"  "ENSG00000231291"  "ENSG00000249748" 
 [3091] "ENSG00000260761"  "ENSG00000251678"  "ENSG00000249198" 
 [3094] "ENSG00000248148"  "ENSG00000249404"  "ENSG00000251189" 
 [3097] "ENSG00000261604"  "ENSG00000248378"  "ENSG00000250418" 
 [3100] "ENSG00000259663"  "ENSG00000250764"  "ENSG00000287947" 
 [3103] "ENSG00000251391"  "ENSG00000251599"  "ENSG00000251307" 
 [3106] "ENSG00000287090"  "ENSG00000248605"  "ENSG00000249099" 
 [3109] "ENSG00000249638"  "ENSG00000248240"  "ENSG00000287087" 
 [3112] "ENSG00000248898"  "ENSG00000250524"  "ENSG00000248783" 
 [3115] "ENSG00000251033"  "ENSG00000286647"  "ENSG00000250032" 
 [3118] "ENSG00000225407"  "ENSG00000249199"  "ENSG00000251294" 
 [3121] "ENSG00000285552"  "ENSG00000250360"  "ENSG00000249359" 
 [3124] "ENSG00000287176"  "ENSG00000251613"  "ENSG00000250066" 
 [3127] "ENSG00000285000"  "ENSG00000250164"  "ENSG00000234553" 
 [3130] "ENSG00000285999"  "ENSG00000287179"  "ENSG00000272335" 
 [3133] "ENSG00000271752"  "ENSG00000250234"  "ENSG00000287597" 
 [3136] "ENSG00000249664"  "ENSG00000250124"  "ENSG00000286970" 
 [3139] "ENSG00000249865"  "ENSG00000250874"  "ENSG00000249114" 
 [3142] "ENSG00000272354"  "ENSG00000250629"  "ENSG00000248285" 
 [3145] "ENSG00000250258"  "ENSG00000287540"  "ENSG00000285997" 
 [3148] "ENSG00000272370"  "ENSG00000287162"  "ENSG00000248475" 
 [3151] "ENSG00000271714"  "ENSG00000250697"  "ENSG00000249405" 
 [3154] "ENSG00000250421"  "ENSG00000248393"  "ENSG00000248779" 
 [3157] "ENSG00000249776"  "ENSG00000287447"  "ENSG00000287367" 
 [3160] "ENSG00000286638"  "ENSG00000247345"  "ENSG00000212930" 
 [3163] "ENSG00000228650"  "ENSG00000272130"  "ENSG00000271828" 
 [3166] "ENSG00000271874"  "ENSG00000249236"  "ENSG00000248733" 
 [3169] "ENSG00000286314"  "ENSG00000249572"  "ENSG00000248870" 
 [3172] "ENSG00000286818"  "ENSG00000250081"  "ENSG00000250615" 
 [3175] "ENSG00000283462"  "ENSG00000249153"  "ENSG00000247121" 
 [3178] "ENSG00000271904"  "ENSG00000249276"  "ENSG00000250694" 
 [3181] "ENSG00000249743"  "ENSG00000251376"  "ENSG00000288539" 
 [3184] "ENSG00000287434"  "ENSG00000271862"  "ENSG00000250955" 
 [3187] "ENSG00000251675"  "ENSG00000248935"  "ENSG00000248876" 
 [3190] "ENSG00000270133"  "ENSG00000250978"  "ENSG00000241059" 
 [3193] "ENSG00000214942"  "ENSG00000248195"  "ENSG00000249894" 
 [3196] "ENSG00000286721"  "ENSG00000251093"  "ENSG00000250049" 
 [3199] "ENSG00000249100"  "ENSG00000251023"  "ENSG00000237705" 
 [3202] "ENSG00000272021"  "ENSG00000251076"  "ENSG00000288035" 
 [3205] "ENSG00000246316"  "ENSG00000286853"  "ENSG00000248701" 
 [3208] "ENSG00000253584"  "ENSG00000248363"  "ENSG00000253572" 
 [3211] "ENSG00000285151"  "ENSG00000285809"  "ENSG00000248199" 
 [3214] "ENSG00000235635"  "ENSG00000251125"  "ENSG00000232633" 
 [3217] "ENSG00000250961"  "ENSG00000248203"  "ENSG00000251044" 
 [3220] "ENSG00000248440"  "ENSG00000249318"  "ENSG00000248428" 
 [3223] "ENSG00000249787"  "ENSG00000254138"  "ENSG00000285042" 
 [3226] "ENSG00000250377"  "ENSG00000248664"  "ENSG00000253613" 
 [3229] "ENSG00000249169"  "ENSG00000286048"  "ENSG00000248296" 
 [3232] "ENSG00000249697"  "ENSG00000234292"  "ENSG00000249426" 
 [3235] "ENSG00000271797"  "ENSG00000286121"  "ENSG00000251132" 
 [3238] "ENSG00000251409"  "ENSG00000248261"  "ENSG00000285831" 
 [3241] "ENSG00000251421"  "ENSG00000250383"  "ENSG00000249494" 
 [3244] "ENSG00000250882"  "ENSG00000248753"  "ENSG00000272123" 
 [3247] "ENSG00000249807"  "ENSG00000248268"  "ENSG00000279232" 
 [3250] "ENSG00000286577"  "ENSG00000262211"  "ENSG00000287390" 
 [3253] "ENSG00000250122"  "ENSG00000272234"  "ENSG00000250244" 
 [3256] "ENSG00000250831"  "ENSG00000271737"  "ENSG00000250260" 
 [3259] "ENSG00000261269"  "ENSG00000250567"  "ENSG00000261037" 
 [3262] "ENSG00000285204"  "ENSG00000253776"  "ENSG00000250237" 
 [3265] "ENSG00000287054"  "ENSG00000248359"  "ENSG00000249899" 
 [3268] "ENSG00000248029"  "ENSG00000250242"  "ENSG00000285804" 
 [3271] "ENSG00000287634"  "ENSG00000251601"  "ENSG00000248482" 
 [3274] "ENSG00000286615"  "ENSG00000250949"  "ENSG00000248443" 
 [3277] "ENSG00000283897"  "ENSG00000286408"  "ENSG00000249984" 
 [3280] "ENSG00000249349"  "ENSG00000251206"  "ENSG00000286745" 
 [3283] "ENSG00000287709"  "ENSG00000249023"  "ENSG00000250409" 
 [3286] "ENSG00000277619"  "ENSG00000247796"  "ENSG00000234758" 
 [3289] "ENSG00000250348"  "ENSG00000272416"  "ENSG00000249588" 
 [3292] "ENSG00000251574"  "ENSG00000251616"  "ENSG00000229855" 
 [3295] "ENSG00000259968"  "ENSG00000251367"  "ENSG00000249261" 
 [3298] "ENSG00000253744"  "ENSG00000249150"  "ENSG00000249249" 
 [3301] "ENSG00000249791"  "ENSG00000259861"  "ENSG00000286543" 
 [3304] "ENSG00000248884"  "ENSG00000287938"  "ENSG00000249842" 
 [3307] "ENSG00000251187"  "ENSG00000253404"  "ENSG00000250167" 
 [3310] "ENSG00000249017"  "ENSG00000270021"  "ENSG00000249492" 
 [3313] "ENSG00000248559"  "ENSG00000283782"  "ENSG00000248127" 
 [3316] "ENSG00000250555"  "ENSG00000272154"  "ENSG00000279686" 
 [3319] "ENSG00000286454"  "ENSG00000251281"  "ENSG00000249478" 
 [3322] "ENSG00000270697"  "ENSG00000279240"  "ENSG00000250602" 
 [3325] "ENSG00000250806"  "ENSG00000285616"  "ENSG00000286111" 
 [3328] "ENSG00000248245"  "ENSG00000272203"  "ENSG00000248927" 
 [3331] "ENSG00000248752"  "ENSG00000249483"  "ENSG00000249746" 
 [3334] "ENSG00000249021"  "ENSG00000259802"  "ENSG00000249364" 
 [3337] "ENSG00000286882"  "ENSG00000284762"  "ENSG00000248709" 
 [3340] "ENSG00000246214"  "ENSG00000249605"  "ENSG00000286828" 
 [3343] "ENSG00000248758"  "ENSG00000251680"  "ENSG00000251387" 
 [3346] "ENSG00000249335"  "ENSG00000253865"  "ENSG00000272239" 
 [3349] "ENSG00000223652"  "ENSG00000251293"  "ENSG00000288008" 
 [3352] "ENSG00000250402"  "ENSG00000279983"  "ENSG00000249803" 
 [3355] "ENSG00000286503"  "ENSG00000272772"  "ENSG00000248533" 
 [3358] "ENSG00000249738"  "ENSG00000247877"  "ENSG00000249159" 
 [3361] "ENSG00000248600"  "ENSG00000248529"  "ENSG00000275871" 
 [3364] "ENSG00000254246"  "ENSG00000286062"  "ENSG00000249881" 
 [3367] "ENSG00000278936"  "ENSG00000251054"  "ENSG00000253811" 
 [3370] "ENSG00000248588"  "ENSG00000286839"  "ENSG00000271792" 
 [3373] "ENSG00000248667"  "ENSG00000286809"  "ENSG00000271871" 
 [3376] "ENSG00000281938"  "ENSG00000250362"  "ENSG00000250583" 
 [3379] "ENSG00000249713"  "ENSG00000249429"  "ENSG00000253456" 
 [3382] "ENSG00000250842"  "ENSG00000253357"  "ENSG00000285190" 
 [3385] "ENSG00000285590"  "ENSG00000240535"  "ENSG00000272255" 
 [3388] "ENSG00000251361"  "ENSG00000283235"  "ENSG00000260686" 
 [3391] "ENSG00000248514"  "ENSG00000287695"  "ENSG00000253141" 
 [3394] "ENSG00000285618"  "ENSG00000250025"  "ENSG00000248525" 
 [3397] "ENSG00000253660"  "ENSG00000250240"  "ENSG00000286644" 
 [3400] "ENSG00000287180"  "ENSG00000286238"  "ENSG00000251031" 
 [3403] "ENSG00000249476"  "ENSG00000286204"  "ENSG00000287783" 
 [3406] "ENSG00000261036"  "ENSG00000286736"  "ENSG00000269983" 
 [3409] "ENSG00000287527"  "ENSG00000253736"  "ENSG00000249792" 
 [3412] "ENSG00000285736"  "ENSG00000253947"  "ENSG00000279558" 
 [3415] "ENSG00000231585"  "ENSG00000248469"  "ENSG00000250284" 
 [3418] "ENSG00000248125"  "ENSG00000250158"  "ENSG00000253768" 
 [3421] "ENSG00000287701"  "ENSG00000273345"  "ENSG00000251214" 
 [3424] "ENSG00000287862"  "ENSG00000253925"  "ENSG00000287630" 
 [3427] "ENSG00000261757"  "ENSG00000250994"  "ENSG00000254164" 
 [3430] "ENSG00000253172"  "ENSG00000285605"  "ENSG00000251205" 
 [3433] "ENSG00000249174"  "ENSG00000253979"  "ENSG00000248367" 
 [3436] "ENSG00000247049"  "ENSG00000250159"  "ENSG00000254192" 
 [3439] "ENSG00000249772"  "ENSG00000250909"  "ENSG00000279472" 
 [3442] "ENSG00000250438"  "ENSG00000253955"  "ENSG00000253331" 
 [3445] "ENSG00000275740"  "ENSG00000287726"  "ENSG00000249856" 
 [3448] "ENSG00000253693"  "ENSG00000251414"  "ENSG00000273217" 
 [3451] "ENSG00000283413"  "ENSG00000286128"  "ENSG00000253538" 
 [3454] "ENSG00000253858"  "ENSG00000248112"  "ENSG00000285549" 
 [3457] "ENSG00000286953"  "ENSG00000250256"  "ENSG00000253792" 
 [3460] "ENSG00000250820"  "ENSG00000286509"  "ENSG00000251487" 
 [3463] "ENSG00000253628"  "ENSG00000254293"  "ENSG00000253163" 
 [3466] "ENSG00000286134"  "ENSG00000253673"  "ENSG00000272108" 
 [3469] "ENSG00000251670"  "ENSG00000251330"  "ENSG00000251257" 
 [3472] "ENSG00000287814"  "ENSG00000254239"  "ENSG00000253256" 
 [3475] "ENSG00000254186"  "ENSG00000254171"  "ENSG00000285476" 
 [3478] "ENSG00000249526"  "ENSG00000249857"  "ENSG00000286713" 
 [3481] "ENSG00000251144"  "ENSG00000249655"  "ENSG00000253927" 
 [3484] "ENSG00000230551"  "ENSG00000253348"  "ENSG00000253449" 
 [3487] "ENSG00000247199"  "ENSG00000278925"  "ENSG00000250222" 
 [3490] "ENSG00000251458"  "ENSG00000254298"  "ENSG00000250015" 
 [3493] "ENSG00000250674"  "ENSG00000248647"  "ENSG00000249639" 
 [3496] "ENSG00000253424"  "ENSG00000253687"  "ENSG00000251556" 
 [3499] "ENSG00000253445"  "ENSG00000251314"  "ENSG00000285978" 
 [3502] "ENSG00000286182"  "ENSG00000250992"  "ENSG00000253134" 
 [3505] "ENSG00000253244"  "ENSG00000279068"  "ENSG00000286310" 
 [3508] "ENSG00000249403"  "ENSG00000250101"  "ENSG00000279375" 
 [3511] "ENSG00000253295"  "ENSG00000253652"  "ENSG00000248103" 
 [3514] "ENSG00000253980"  "ENSG00000253406"  "ENSG00000248596" 
 [3517] "ENSG00000254391"  "ENSG00000254187"  "ENSG00000248484" 
 [3520] "ENSG00000204758"  "ENSG00000253653"  "ENSG00000287579" 
 [3523] "ENSG00000248965"  "ENSG00000253447"  "ENSG00000251446" 
 [3526] "ENSG00000287323"  "ENSG00000286749"  "ENSG00000286350" 
 [3529] "ENSG00000253297"  "ENSG00000254295"  "ENSG00000253852" 
 [3532] "ENSG00000280336"  "ENSG00000254135"  "ENSG00000254011" 
 [3535] "ENSG00000238035"  "ENSG00000286403"  "ENSG00000249186" 
 [3538] "ENSG00000286657"  "ENSG00000286634"  "ENSG00000285865" 
 [3541] "ENSG00000254099"  "ENSG00000271795"  "ENSG00000249175" 
 [3544] "ENSG00000253968"  "ENSG00000241956"  "ENSG00000249412" 
 [3547] "ENSG00000250378"  "ENSG00000249722"  "ENSG00000249593" 
 [3550] "ENSG00000250692"  "ENSG00000253469"  "ENSG00000280029" 
 [3553] "ENSG00000246323"  "ENSG00000254350"  "ENSG00000250564" 
 [3556] "ENSG00000254365"  "ENSG00000253269"  "ENSG00000245317" 
 [3559] "ENSG00000230612"  "ENSG00000249061"  "ENSG00000250309" 
 [3562] "ENSG00000249042"  "ENSG00000254297"  "ENSG00000248362" 
 [3565] "ENSG00000287203"  "ENSG00000272085"  "ENSG00000286164" 
 [3568] "ENSG00000272406"  "ENSG00000287003"  "ENSG00000253527" 
 [3571] "ENSG00000279047"  "ENSG00000250509"  "ENSG00000287963" 
 [3574] "ENSG00000251320"  "ENSG00000249293"  "ENSG00000254035" 
 [3577] "ENSG00000251426"  "ENSG00000253713"  "ENSG00000247679" 
 [3580] "ENSG00000249849"  "ENSG00000249684"  "ENSG00000249109" 
 [3583] "ENSG00000248943"  "ENSG00000280207"  "ENSG00000248996" 
 [3586] "ENSG00000249180"  "ENSG00000248734"  "ENSG00000272109" 
 [3589] "ENSG00000261434"  "ENSG00000260774"  "ENSG00000286001" 
 [3592] "ENSG00000248925"  "ENSG00000250385"  "ENSG00000249650" 
 [3595] "ENSG00000271781"  "MATR3.1"          "ENSG00000272742" 
 [3598] "ENSG00000272411"  "ENSG00000287031"  "ENSG00000272071" 
 [3601] "ENSG00000253403"  "ENSG00000247311"  "ENSG00000250803" 
 [3604] "ENSG00000272139"  "ENSG00000249621"  "ENSG00000249916" 
 [3607] "ENSG00000253965"  "ENSG00000249637"  "ENSG00000283155" 
 [3610] "ENSG00000279726"  "ENSG00000278907"  "ENSG00000278946" 
 [3613] "ENSG00000278915"  "ENSG00000278901"  "ENSG00000279028" 
 [3616] "ENSG00000275038"  "ENSG00000288639"  "ENSG00000288615" 
 [3619] "ENSG00000250274"  "ENSG00000254363"  "ENSG00000250069" 
 [3622] "ENSG00000258864"  "ENSG00000253321"  "ENSG00000260871" 
 [3625] "ENSG00000255647"  "ENSG00000286193"  "ENSG00000288643" 
 [3628] "ENSG00000287263"  "ENSG00000286656"  "ENSG00000271788" 
 [3631] "ENSG00000177738"  "ENSG00000251131"  "ENSG00000272382" 
 [3634] "ENSG00000215068"  "ENSG00000272144"  "ENSG00000272265" 
 [3637] "ENSG00000271918"  "ENSG00000288081"  "ENSG00000260581" 
 [3640] "ENSG00000272112"  "ENSG00000253921"  "ENSG00000275765" 
 [3643] "ENSG00000271771"  "ENSG00000259757"  "ENSG00000224015" 
 [3646] "ENSG00000271724"  "ENSG00000248842"  "ENSG00000250407" 
 [3649] "ENSG00000286468"  "ENSG00000285868"  "ENSG00000251405" 
 [3652] "ENSG00000248544"  "ENSG00000253519"  "ENSG00000247372" 
 [3655] "ENSG00000253698"  "ENSG00000245688"  "ENSG00000250999" 
 [3658] "ENSG00000274441"  "ENSG00000250155"  "ENSG00000272103" 
 [3661] "ENSG00000251423"  "ENSG00000286331"  "ENSG00000249971" 
 [3664] "ENSG00000285914"  "ENSG00000253110"  "ENSG00000261382" 
 [3667] "ENSG00000286690"  "ENSG00000254163"  "ENSG00000249085" 
 [3670] "ENSG00000271926"  "ENSG00000249959"  "ENSG00000271766" 
 [3673] "ENSG00000282925"  "ENSG00000248799"  "ENSG00000250603" 
 [3676] "ENSG00000249295"  "ENSG00000248634"  "ENSG00000286274" 
 [3679] "ENSG00000250448"  "ENSG00000249737"  "ENSG00000250415" 
 [3682] "ENSG00000249112"  "ENSG00000251456"  "ENSG00000247402" 
 [3685] "ENSG00000286338"  "ENSG00000248881"  "ENSG00000272040" 
 [3688] "ENSG00000253985"  "ENSG00000249981"  "ENSG00000288095" 
 [3691] "ENSG00000272070"  "ENSG00000280026"  "ENSG00000279855" 
 [3694] "ENSG00000273557"  "ENSG00000228737"  "ENSG00000287265" 
 [3697] "ENSG00000272465"  "ENSG00000226281"  "ENSG00000287497" 
 [3700] "ENSG00000242753"  "ENSG00000270174"  "ENSG00000176515" 
 [3703] "ENSG00000238158"  "ENSG00000287903"  "ENSG00000233068" 
 [3706] "ENSG00000270504"  "ENSG00000287626"  "ENSG00000286368" 
 [3709] "ENSG00000288046"  "ENSG00000234763"  "ENSG00000271897" 
 [3712] "ENSG00000287593"  "ENSG00000230631"  "ENSG00000225775" 
 [3715] "ENSG00000271727"  "ENSG00000288548"  "ENSG00000287614" 
 [3718] "ENSG00000233064"  "ENSG00000263667"  "ENSG00000286933" 
 [3721] "ENSG00000260673"  "ENSG00000286324"  "ENSG00000287293" 
 [3724] "ENSG00000232234"  "ENSG00000238221"  "ENSG00000285578" 
 [3727] "ENSG00000286512"  "ENSG00000286277"  "ENSG00000272468" 
 [3730] "ENSG00000287966"  "ENSG00000234427"  "ENSG00000287138" 
 [3733] "ENSG00000287359"  "ENSG00000229896"  "ENSG00000233656" 
 [3736] "ENSG00000223623"  "ENSG00000283480"  "ENSG00000224532" 
 [3739] "ENSG00000285717"  "ENSG00000272463"  "ENSG00000286590" 
 [3742] "ENSG00000285759"  "ENSG00000286633"  "ENSG00000229313" 
 [3745] "ENSG00000231811"  "ENSG00000231662"  "ENSG00000286652" 
 [3748] "ENSG00000271978"  "ENSG00000270937"  "ENSG00000269985" 
 [3751] "ENSG00000260604"  "ENSG00000275846"  "ENSG00000223342" 
 [3754] "ENSG00000287674"  "ENSG00000285703"  "ENSG00000230433" 
 [3757] "ENSG00000229646"  "ENSG00000285571"  "ENSG00000228772" 
 [3760] "ENSG00000261211"  "ENSG00000237346"  "ENSG00000285424" 
 [3763] "ENSG00000227206"  "ENSG00000272312"  "ENSG00000284656" 
 [3766] "ENSG00000285603"  "ENSG00000287252"  "ENSG00000277661" 
 [3769] "ENSG00000285849"  "ENSG00000233981"  "ENSG00000244349" 
 [3772] "ENSG00000285694"  "ENSG00000228793"  "ENSG00000261584" 
 [3775] "ENSG00000225092"  "ENSG00000285216"  "ENSG00000234261" 
 [3778] "ENSG00000246350"  "ENSG00000286281"  "ENSG00000287804" 
 [3781] "ENSG00000225173"  "ENSG00000287483"  "ENSG00000286954" 
 [3784] "ENSG00000287279"  "ENSG00000271911"  "ENSG00000287347" 
 [3787] "ENSG00000227803"  "ENSG00000286631"  "ENSG00000237685" 
 [3790] "ENSG00000282804"  "ENSG00000286885"  "ENSG00000236355" 
 [3793] "ENSG00000272279"  "ENSG00000233358"  "ENSG00000285801" 
 [3796] "ENSG00000285639"  "ENSG00000287559"  "ENSG00000203498" 
 [3799] "ENSG00000272485"  "ENSG00000271755"  "ENSG00000287404" 
 [3802] "ENSG00000228478"  "ENSG00000284823"  "ENSG00000247925" 
 [3805] "ENSG00000233848"  "ENSG00000285771"  "ENSG00000205653" 
 [3808] "ENSG00000287055"  "ENSG00000225339"  "ENSG00000232080" 
 [3811] "ENSG00000225102"  "ENSG00000249379"  "ENSG00000226070" 
 [3814] "ENSG00000272442"  "ENSG00000227089"  "ENSG00000286723" 
 [3817] "ENSG00000287137"  "ENSG00000225945"  "ENSG00000287266" 
 [3820] "ENSG00000287920"  "ENSG00000226454"  "ENSG00000234540" 
 [3823] "ENSG00000237530"  "ENSG00000288088"  "ENSG00000286680" 
 [3826] "ENSG00000232598"  "ENSG00000228689"  "ENSG00000271761" 
 [3829] "ENSG00000286417"  "ENSG00000230597"  "ENSG00000223504" 
 [3832] "ENSG00000287380"  "ENSG00000286105"  "ENSG00000231769" 
 [3835] "ENSG00000231533"  "ENSG00000230472"  "ENSG00000233835" 
 [3838] "ENSG00000280511"  "ENSG00000235743"  "ENSG00000272316" 
 [3841] "ENSG00000287745"  "ENSG00000287816"  "ENSG00000285888" 
 [3844] "ENSG00000287939"  "ENSG00000271857"  "ENSG00000285838" 
 [3847] "ENSG00000287678"  "ENSG00000233967"  "ENSG00000272541" 
 [3850] "ENSG00000285963"  "ENSG00000272008"  "ENSG00000224605" 
 [3853] "ENSG00000227215"  "ENSG00000286564"  "ENSG00000287789" 
 [3856] "ENSG00000287485"  "ENSG00000228679"  "ENSG00000236466" 
 [3859] "ENSG00000271967"  "ENSG00000287294"  "ENSG00000232120" 
 [3862] "ENSG00000237947"  "ENSG00000266579"  "ENSG00000271367" 
 [3865] "ENSG00000271860"  "ENSG00000271945"  "ENSG00000234206" 
 [3868] "ENSG00000272243"  "ENSG00000286672"  "ENSG00000224583" 
 [3871] "ENSG00000235122"  "ENSG00000281613"  "ENSG00000287557" 
 [3874] "ENSG00000227131"  "ENSG00000230309"  "ENSG00000286405" 
 [3877] "ENSG00000287728"  "ENSG00000270661"  "ENSG00000287089" 
 [3880] "ENSG00000237874"  "ENSG00000236740"  "ENSG00000260271" 
 [3883] "ENSG00000287253"  "ENSG00000286914"  "ENSG00000285961" 
 [3886] "ENSG00000287705"  "ENSG00000253194"  "ENSG00000286616" 
 [3889] "ENSG00000237643"  "ENSG00000231628"  "ENSG00000232395" 
 [3892] "ENSG00000237742"  "ENSG00000271730"  "ENSG00000287258" 
 [3895] "ENSG00000260273"  "ENSG00000287992"  "ENSG00000275773" 
 [3898] "ENSG00000287499"  "ENSG00000233470"  "ENSG00000288084" 
 [3901] "ENSG00000286550"  "ENSG00000286084"  "ENSG00000237027" 
 [3904] "ENSG00000224384"  "ENSG00000237321"  "ENSG00000282218" 
 [3907] "ENSG00000288560"  "ENSG00000232299"  "ENSG00000286663" 
 [3910] "ENSG00000285586"  "ENSG00000287578"  "ENSG00000271734" 
 [3913] "ENSG00000272472"  "ENSG00000236920"  "ENSG00000223811" 
 [3916] "ENSG00000287044"  "ENSG00000287731"  "ENSG00000236347" 
 [3919] "ENSG00000283010"  "ENSG00000271208"  "ENSG00000287598" 
 [3922] "ENSG00000283352"  "ENSG00000272476"  "ENSG00000286511" 
 [3925] "ENSG00000234117"  "ENSG00000224984"  "ENSG00000287818" 
 [3928] "ENSG00000286313"  "ENSG00000237851"  "ENSG00000285446" 
 [3931] "ENSG00000285941"  "ENSG00000232909"  "ENSG00000266680" 
 [3934] "ENSG00000261038"  "ENSG00000272356"  "ENSG00000227885" 
 [3937] "ENSG00000287413"  "ENSG00000287761"  "ENSG00000226181" 
 [3940] "ENSG00000226089"  "ENSG00000287097"  "ENSG00000213204" 
 [3943] "ENSG00000271218"  "ENSG00000225311"  "ENSG00000227535" 
 [3946] "ENSG00000237494"  "ENSG00000226079"  "ENSG00000285691" 
 [3949] "ENSG00000288054"  "ENSG00000232295"  "ENSG00000259828" 
 [3952] "ENSG00000223786"  "ENSG00000286691"  "ENSG00000270487" 
 [3955] "ENSG00000287393"  "ENSG00000277797"  "ENSG00000231683" 
 [3958] "ENSG00000232290"  "ENSG00000271551"  "ENSG00000271265" 
 [3961] "ENSG00000283608"  "ENSG00000271789"  "ENSG00000286562" 
 [3964] "ENSG00000233138"  "ENSG00000255389"  "ENSG00000233534" 
 [3967] "ENSG00000226599"  "ENSG00000233183"  "ENSG00000231329" 
 [3970] "ENSG00000287891"  "ENSG00000236389"  "ENSG00000232031" 
 [3973] "ENSG00000283265"  "ENSG00000287616"  "ENSG00000232618" 
 [3976] "ENSG00000235972"  "ENSG00000226207"  "ENSG00000223598" 
 [3979] "ENSG00000260574"  "ENSG00000261116"  "ENSG00000227192" 
 [3982] "ENSG00000224658"  "ENSG00000226149"  "ENSG00000227455" 
 [3985] "ENSG00000228124"  "ENSG00000224733"  "ENSG00000226733" 
 [3988] "ENSG00000233044"  "ENSG00000230248"  "ENSG00000269919" 
 [3991] "ENSG00000226409"  "ENSG00000285976"  "ENSG00000231883" 
 [3994] "ENSG00000231754"  "ENSG00000285726"  "ENSG00000285159" 
 [3997] "ENSG00000284999"  "ENSG00000276687"  "ENSG00000286364" 
 [4000] "ENSG00000286887"  "ENSG00000233351"  "ENSG00000228408" 
 [4003] "ENSG00000285733"  "ENSG00000236366"  "ENSG00000240056" 
 [4006] "ENSG00000269966"  "ENSG00000227627"  "ENSG00000287976" 
 [4009] "ENSG00000225879"  "ENSG00000232891"  "ENSG00000229923" 
 [4012] "ENSG00000285797"  "ENSG00000278206"  "ENSG00000287100" 
 [4015] "ENSG00000224417"  "ENSG00000231912"  "ENSG00000237596" 
 [4018] "ENSG00000236173"  "ENSG00000288101"  "ENSG00000287084" 
 [4021] "ENSG00000230960"  "ENSG00000231178"  "ENSG00000260771" 
 [4024] "ENSG00000287877"  "ENSG00000286540"  "ENSG00000225148" 
 [4027] "ENSG00000234675"  "ENSG00000285887"  "ENSG00000285652" 
 [4030] "ENSG00000235168"  "ENSG00000271820"  "ENSG00000225096" 
 [4033] "ENSG00000287823"  "ENSG00000227678"  "ENSG00000285917" 
 [4036] "ENSG00000287683"  "ENSG00000231863"  "ENSG00000288085" 
 [4039] "ENSG00000229720"  "ENSG00000236075"  "ENSG00000229600" 
 [4042] "ENSG00000229722"  "ENSG00000255330"  "ENSG00000286299" 
 [4045] "ENSG00000287820"  "ENSG00000230205"  "ENSG00000288162" 
 [4048] "ENSG00000231143"  "ENSG00000286553"  "ENSG00000235815" 
 [4051] "ENSG00000230234"  "ENSG00000224029"  "ENSG00000286452" 
 [4054] "ENSG00000227723"  "ENSG00000287473"  "ENSG00000272209" 
 [4057] "ENSG00000286438"  "ENSG00000234519"  "ENSG00000228692" 
 [4060] "ENSG00000272129"  "ENSG00000227360"  "ENSG00000288071" 
 [4063] "ENSG00000231652"  "ENSG00000287933"  "ENSG00000261003" 
 [4066] "ENSG00000272446"  "ENSG00000286482"  "ENSG00000232310" 
 [4069] "ENSG00000280148"  "ENSG00000236326"  "ENSG00000230533" 
 [4072] "ENSG00000223537"  "ENSG00000236013"  "ENSG00000237234" 
 [4075] "ENSG00000287260"  "ENSG00000237927"  "ENSG00000266896" 
 [4078] "ENSG00000287297"  "ENSG00000287656"  "ENSG00000227220" 
 [4081] "ENSG00000286498"  "ENSG00000281021"  "ENSG00000285564" 
 [4084] "ENSG00000228361"  "ENSG00000272848"  "ENSG00000236166" 
 [4087] "ENSG00000286805"  "ENSG00000226739"  "ENSG00000287558" 
 [4090] "ENSG00000233823"  "ENSG00000288520"  "ENSG00000224477" 
 [4093] "ENSG00000234647"  "ENSG00000287092"  "ENSG00000225752" 
 [4096] "ENSG00000287550"  "ENSG00000271234"  "ENSG00000226571" 
 [4099] "ENSG00000285553"  "ENSG00000234986"  "ENSG00000287407" 
 [4102] "ENSG00000224371"  "ENSG00000226249"  "ENSG00000288009" 
 [4105] "ENSG00000274023"  "ENSG00000286339"  "ENSG00000236378" 
 [4108] "ENSG00000260645"  "ENSG00000227681"  "ENSG00000287974" 
 [4111] "ENSG00000286340"  "ENSG00000233342"  "ENSG00000233330" 
 [4114] "ENSG00000287591"  "ENSG00000257065"  "ENSG00000286533" 
 [4117] "ENSG00000232640"  "ENSG00000227706"  "ENSG00000237987" 
 [4120] "ENSG00000232197"  "ENSG00000285610"  "ENSG00000286875" 
 [4123] "ENSG00000231046"  "ENSG00000227704"  "ENSG00000213121" 
 [4126] "ENSG00000287690"  "ENSG00000286819"  "ENSG00000225532" 
 [4129] "ENSG00000233682"  "ENSG00000272137"  "ENSG00000224478" 
 [4132] "ENSG00000287411"  "ENSG00000238019"  "ENSG00000273100" 
 [4135] "ENSG00000226032"  "ENSG00000229495"  "ENSG00000234484" 
 [4138] "ENSG00000234768"  "ENSG00000285492"  "ENSG00000260418" 
 [4141] "ENSG00000287811"  "ENSG00000230423"  "ENSG00000287056" 
 [4144] "ENSG00000237312"  "ENSG00000226455"  "ENSG00000285598" 
 [4147] "ENSG00000270638"  "ENSG00000270828"  "ENSG00000288551" 
 [4150] "ENSG00000288056"  "ENSG00000288529"  "ENSG00000288614" 
 [4153] "ENSG00000261745"  "ENSG00000272009"  "ENSG00000227598" 
 [4156] "ENSG00000285730"  "ENSG00000272980"  "ENSG00000284825" 
 [4159] "ENSG00000284914"  "ENSG00000286674"  "ENSG00000231720" 
 [4162] "ENSG00000228648"  "ENSG00000287268"  "ENSG00000260188" 
 [4165] "ENSG00000228365"  "ENSG00000288612"  "ENSG00000229282" 
 [4168] "ENSG00000272277"  "ENSG00000228170"  "ENSG00000272345" 
 [4171] "ENSG00000272402"  "ENSG00000272379"  "ENSG00000282024" 
 [4174] "ENSG00000272341"  "ENSG00000272236"  "ENSG00000285761" 
 [4177] "ENSG00000285763"  "ENSG00000272162"  "ENSG00000235051" 
 [4180] "ENSG00000288010"  "ENSG00000287825"  "ENSG00000231113" 
 [4183] "ENSG00000272223"  "ENSG00000245261"  "ENSG00000285844" 
 [4186] "ENSG00000243501"  "ENSG00000229852"  "ENSG00000287679" 
 [4189] "ENSG00000261068"  "ENSG00000233941"  "ENSG00000282408" 
 [4192] "ENSG00000235381"  "ENSG00000232529"  "ENSG00000288473" 
 [4195] "ENSG00000272501"  "ENSG00000271821"  "ENSG00000287824" 
 [4198] "ENSG00000231297"  "ENSG00000233365"  "ENSG00000280850" 
 [4201] "ENSG00000287189"  "ENSG00000286760"  "ENSG00000288564" 
 [4204] "ENSG00000286826"  "ENSG00000226445"  "ENSG00000233085" 
 [4207] "ENSG00000276302"  "ENSG00000225177"  "ENSG00000272558" 
 [4210] "ENSG00000272462"  "ENSG00000272810"  "ENSG00000283064" 
 [4213] "ENSG00000263020"  "ENSG00000204422"  "ENSG00000285647" 
 [4216] "ENSG00000272189"  "ENSG00000286646"  "ENSG00000235399" 
 [4219] "ENSG00000248993"  "ENSG00000223837"  "ENSG00000263756" 
 [4222] "ENSG00000231881"  "ENSG00000287562"  "ENSG00000271754" 
 [4225] "ENSG00000236961"  "ENSG00000272114"  "ENSG00000283573" 
 [4228] "ENSG00000223469"  "ENSG00000231102"  "ENSG00000269387" 
 [4231] "ENSG00000124593"  "ENSG00000268745"  "ENSG00000285565" 
 [4234] "ENSG00000236823"  "ENSG00000236627"  "ENSG00000223942" 
 [4237] "ENSG00000288646"  "ENSG00000287397"  "ENSG00000285858" 
 [4240] "ENSG00000286573"  "ENSG00000260422"  "ENSG00000230627" 
 [4243] "ENSG00000288584"  "ENSG00000288648"  "ENSG00000286301" 
 [4246] "ENSG00000261071"  "ENSG00000286316"  "ENSG00000234361" 
 [4249] "ENSG00000229502"  "ENSG00000285642"  "ENSG00000236164" 
 [4252] "ENSG00000246982"  "ENSG00000237468"  "ENSG00000227748" 
 [4255] "ENSG00000272397"  "ENSG00000227920"  "ENSG00000250264" 
 [4258] "ENSG00000226594"  "ENSG00000286811"  "ENSG00000232876" 
 [4261] "ENSG00000224374"  "ENSG00000234084"  "ENSG00000287094" 
 [4264] "ENSG00000286278"  "ENSG00000234426"  "ENSG00000286871" 
 [4267] "ENSG00000284607"  "ENSG00000284829"  "ENSG00000286974" 
 [4270] "ENSG00000285085"  "ENSG00000284954"  "ENSG00000273333" 
 [4273] "ENSG00000272540"  "ENSG00000272320"  "ENSG00000237174" 
 [4276] "ENSG00000238156"  "ENSG00000272374"  "ENSG00000228559" 
 [4279] "ENSG00000287458"  "ENSG00000228506"  "ENSG00000242973" 
 [4282] "ENSG00000244255"  "ENSG00000282988"  "ENSG00000287050" 
 [4285] "ENSG00000235099"  "ENSG00000229862"  "ENSG00000235538" 
 [4288] "ENSG00000288696"  "ENSG00000227602"  "ENSG00000272221" 
 [4291] "ENSG00000288587"  "ENSG00000272248"  "ENSG00000230648" 
 [4294] "ENSG00000254821"  "ENSG00000237716"  "ENSG00000249141" 
 [4297] "ENSG00000288714"  "ENSG00000234147"  "ENSG00000287594" 
 [4300] "ENSG00000269155"  "ENSG00000285212"  "ENSG00000235994" 
 [4303] "ENSG00000236673"  "ENSG00000226707"  "ENSG00000261839" 
 [4306] "ENSG00000230910"  "ENSG00000288712"  "ENSG00000287914" 
 [4309] "ENSG00000284615"  "ENSG00000226193"  "ENSG00000272217" 
 [4312] "ENSG00000285064"  "ENSG00000223542"  "ENSG00000234567" 
 [4315] "ENSG00000272428"  "ENSG00000278899"  "ENSG00000231760" 
 [4318] "ENSG00000285889"  "ENSG00000285991"  "ENSG00000273132" 
 [4321] "RAET1E-AS1.1"     "ENSG00000253809"  "ENSG00000287300" 
 [4324] "ENSG00000260000"  "ENSG00000288021"  "ENSG00000288708" 
 [4327] "ENSG00000261189"  "ENSG00000227516"  "ENSG00000223946" 
 [4330] "ENSG00000215022"  "ENSG00000271793"  "ENSG00000288721" 
 [4333] "ENSG00000287342"  "ENSG00000224079"  "ENSG00000233082" 
 [4336] "ENSG00000286874"  "ENSG00000261795"  "ENSG00000283991" 
 [4339] "ENSG00000241269"  "ENSG00000232581"  "ENSG00000225981" 
 [4342] "ENSG00000272732"  "ENSG00000287665"  "ENSG00000227719" 
 [4345] "ENSG00000249574"  "ENSG00000234710"  "ENSG00000239715" 
 [4348] "ENSG00000242611"  "ENSG00000240859"  "ENSG00000231704" 
 [4351] "ENSG00000242474"  "ENSG00000188365"  "ENSG00000225146" 
 [4354] "ENSG00000272745"  "ENSG00000236414"  "ENSG00000229618" 
 [4357] "ENSG00000286639"  "ENSG00000226323"  "ENSG00000273151" 
 [4360] "ENSG00000226097"  "ENSG00000237773"  "ENSG00000226291" 
 [4363] "ENSG00000286764"  "ENSG00000231927"  "ENSG00000273230" 
 [4366] "ENSG00000287409"  "ENSG00000278254"  "ENSG00000267055" 
 [4369] "ENSG00000230825"  "ENSG00000237070"  "ENSG00000235431" 
 [4372] "ENSG00000229533"  "ENSG00000244239"  "ENSG00000236510" 
 [4375] "ENSG00000232821"  "ENSG00000286710"  "ENSG00000223838" 
 [4378] "ENSG00000287883"  "ENSG00000228334"  "ENSG00000233834" 
 [4381] "ENSG00000257607"  "ENSG00000230435"  "ENSG00000243004" 
 [4384] "ENSG00000230333"  "ENSG00000237921"  "ENSG00000283321" 
 [4387] "ENSG00000240093"  "ENSG00000228675"  "ENSG00000285716" 
 [4390] "ENSG00000260951"  "ENSG00000234141"  "ENSG00000270933" 
 [4393] "ENSG00000285960"  "ENSG00000286376"  "ENSG00000236536" 
 [4396] "ENSG00000234471"  "ENSG00000229233"  "ENSG00000225974" 
 [4399] "ENSG00000228421"  "ENSG00000224330"  "ENSG00000229379" 
 [4402] "ENSG00000235728"  "ENSG00000217455"  "ENSG00000287096" 
 [4405] "ENSG00000227386"  "ENSG00000225792"  "ENSG00000233824" 
 [4408] "ENSG00000287523"  "ENSG00000283549"  "ENSG00000287093" 
 [4411] "ENSG00000235464"  "ENSG00000234286"  "ENSG00000286725" 
 [4414] "ENSG00000223813"  "ENSG00000235837"  "ENSG00000227930" 
 [4417] "ENSG00000228434"  "ENSG00000272638"  "ENSG00000231892" 
 [4420] "ENSG00000273014"  "ENSG00000286507"  "ENSG00000285081" 
 [4423] "ENSG00000285412"  "ENSG00000272908"  "ENSG00000271185" 
 [4426] "ENSG00000237713"  "ENSG00000205745"  "ENSG00000227017" 
 [4429] "ENSG00000286847"  "ENSG00000236212"  "ENSG00000230831" 
 [4432] "ENSG00000284839"  "ENSG00000287860"  "ENSG00000286738" 
 [4435] "ENSG00000287651"  "ENSG00000228735"  "ENSG00000233219" 
 [4438] "ENSG00000230680"  "ENSG00000272984"  "ENSG00000287953" 
 [4441] "ENSG00000283061"  "ENSG00000244550"  "ENSG00000273432" 
 [4444] "ENSG00000232930"  "ENSG00000228173"  "ENSG00000236529" 
 [4447] "ENSG00000237400"  "ENSG00000261184"  "ENSG00000227489" 
 [4450] "ENSG00000229970"  "ENSG00000279072"  "ENSG00000233288" 
 [4453] "ENSG00000286658"  "ENSG00000232325"  "ENSG00000226829" 
 [4456] "ENSG00000173862"  "ENSG00000223829"  "ENSG00000280920" 
 [4459] "ENSG00000286466"  "ENSG00000285596"  "ENSG00000286404" 
 [4462] "ENSG00000287893"  "ENSG00000268181"  "ENSG00000228005" 
 [4465] "ENSG00000286526"  "ENSG00000274080"  "ENSG00000229424" 
 [4468] "ENSG00000285741"  "ENSG00000227481"  "ENSG00000287588" 
 [4471] "ENSG00000286477"  "ENSG00000272328"  "ENSG00000282572" 
 [4474] "ENSG00000236531"  "ENSG00000284534"  "ENSG00000287521" 
 [4477] "ENSG00000229459"  "ENSG00000281593"  "ENSG00000285165" 
 [4480] "ENSG00000226063"  "ENSG00000236046"  "ENSG00000236494" 
 [4483] "ENSG00000230000"  "ENSG00000234686"  "ENSG00000236299" 
 [4486] "ENSG00000287019"  "ENSG00000249773"  "ENSG00000225718" 
 [4489] "ENSG00000238358"  "ENSG00000235620"  "ENSG00000286487" 
 [4492] "ENSG00000229403"  "ENSG00000233420"  "ENSG00000235450" 
 [4495] "ENSG00000238124"  "ENSG00000285670"  "ENSG00000233760" 
 [4498] "ENSG00000225537"  "ENSG00000244055"  "ENSG00000285573" 
 [4501] "ENSG00000233960"  "ENSG00000225488"  "ENSG00000261275" 
 [4504] "ENSG00000223665"  "ENSG00000229301"  "ENSG00000286987" 
 [4507] "ENSG00000227148"  "ENSG00000228627"  "ENSG00000284523" 
 [4510] "ENSG00000226587"  "ENSG00000287488"  "ENSG00000231255" 
 [4513] "ENSG00000236938"  "ENSG00000237760"  "ENSG00000234185" 
 [4516] "ENSG00000234105"  "ENSG00000230600"  "ENSG00000285725" 
 [4519] "ENSG00000272950"  "ENSG00000282381"  "ENSG00000228680" 
 [4522] "ENSG00000286397"  "ENSG00000285090"  "ENSG00000235139" 
 [4525] "ENSG00000249319"  "ENSG00000233539"  "ENSG00000286908" 
 [4528] "ENSG00000287039"  "ENSG00000223475"  "ENSG00000286995" 
 [4531] "ENSG00000233689"  "ENSG00000284292"  "ENSG00000237640" 
 [4534] "ENSG00000232817"  "ENSG00000287489"  "ENSG00000236453" 
 [4537] "ENSG00000233977"  "ENSG00000228204"  "ENSG00000285964" 
 [4540] "ENSG00000261535"  "ENSG00000231394"  "ENSG00000234273" 
 [4543] "ENSG00000235503"  "ENSG00000286076"  "ENSG00000232072" 
 [4546] "ENSG00000234826"  "ENSG00000240355"  "ENSG00000227305" 
 [4549] "ENSG00000237870"  "ENSG00000243243"  "ENSG00000233969" 
 [4552] "ENSG00000243345"  "ENSG00000285592"  "ENSG00000287827" 
 [4555] "ENSG00000260997"  "ENSG00000274272"  "ENSG00000229881" 
 [4558] "ENSG00000286742"  "ENSG00000285544"  "ENSG00000242593" 
 [4561] "ENSG00000224322"  "ENSG00000242154"  "ENSG00000260070" 
 [4564] "ENSG00000226770"  "ENSG00000241324"  "ENSG00000229679" 
 [4567] "ENSG00000286342"  "ENSG00000287011"  "ENSG00000286923" 
 [4570] "ENSG00000226680"  "ENSG00000237813"  "ENSG00000287932" 
 [4573] "ENSG00000243144"  "ENSG00000273489"  "ENSG00000237896" 
 [4576] "ENSG00000287186"  "ENSG00000234387"  "ENSG00000286921" 
 [4579] "ENSG00000285162"  "ENSG00000240790"  "ENSG00000273297" 
 [4582] "ENSG00000286390"  "ENSG00000214870"  "ENSG00000261462" 
 [4585] "ENSG00000287574"  "ENSG00000287568"  "ENSG00000231295" 
 [4588] "ENSG00000224746"  "ENSG00000234223"  "ENSG00000231170" 
 [4591] "ENSG00000286300"  "ENSG00000223646"  "ENSG00000284707" 
 [4594] "ENSG00000287865"  "ENSG00000236226"  "ENSG00000259294" 
 [4597] "ENSG00000272839"  "ENSG00000230751"  "ENSG00000225807" 
 [4600] "ENSG00000224046"  "ENSG00000242588"  "ENSG00000273391" 
 [4603] "ENSG00000287702"  "ENSG00000229660"  "ENSG00000229192" 
 [4606] "ENSG00000285821"  "ENSG00000223872"  "ENSG00000231098" 
 [4609] "ENSG00000243574"  "ENSG00000233423"  "ENSG00000271522" 
 [4612] "ENSG00000225612"  "ENSG00000228540"  "ENSG00000231980" 
 [4615] "ENSG00000287744"  "ENSG00000243797"  "ENSG00000287592" 
 [4618] "ENSG00000286478"  "ENSG00000224138"  "ENSG00000272219" 
 [4621] "ENSG00000272918"  "ENSG00000225365"  "ENSG00000227863" 
 [4624] "ENSG00000233191"  "ENSG00000244701"  "ENSG00000251660" 
 [4627] "ENSG00000286380"  "ENSG00000234210"  "ENSG00000225559" 
 [4630] "ENSG00000229177"  "ENSG00000229196"  "ENSG00000283128" 
 [4633] "ENSG00000232053"  "ENSG00000286722"  "ENSG00000224865" 
 [4636] "ENSG00000230649"  "ENSG00000225647"  "ENSG00000225209" 
 [4639] "ENSG00000270114"  "ENSG00000242078"  "ENSG00000286214" 
 [4642] "ENSG00000225457"  "ENSG00000222012"  "ENSG00000231515" 
 [4645] "ENSG00000241345"  "ENSG00000272604"  "ENSG00000273138" 
 [4648] "ENSG00000285524"  "ENSG00000286315"  "ENSG00000226965" 
 [4651] "ENSG00000197462"  "ENSG00000203335"  "ENSG00000244036" 
 [4654] "ENSG00000270157"  "ENSG00000083622"  "ENSG00000233942" 
 [4657] "ENSG00000285106"  "ENSG00000273183"  "ENSG00000287554" 
 [4660] "ENSG00000241921"  "ENSG00000240973"  "ENSG00000240571" 
 [4663] "ENSG00000241449"  "ENSG00000233363"  "ENSG00000204990" 
 [4666] "ENSG00000271204"  "ENSG00000286461"  "ENSG00000227743" 
 [4669] "ENSG00000224375"  "ENSG00000241456"  "ENSG00000226380" 
 [4672] "ENSG00000242048"  "ENSG00000273319"  "ENSG00000286013" 
 [4675] "ENSG00000234352"  "ENSG00000286831"  "ENSG00000236408" 
 [4678] "ENSG00000273329"  "ENSG00000285841"  "ENSG00000273419" 
 [4681] "ENSG00000272760"  "ENSG00000272568"  "ENSG00000228151" 
 [4684] "ENSG00000227562"  "ENSG00000261629"  "ENSG00000261842" 
 [4687] "ENSG00000286565"  "ENSG00000230746"  "ENSG00000242072" 
 [4690] "ENSG00000233517"  "ENSG00000217825"  "ENSG00000273219" 
 [4693] "ENSG00000287249"  "ENSG00000228521"  "ENSG00000241881" 
 [4696] "ENSG00000226816"  "ENSG00000241764"  "ENSG00000229603" 
 [4699] "ENSG00000223561"  "ENSG00000232667"  "ENSG00000287547" 
 [4702] "ENSG00000261797"  "ENSG00000231681"  "ENSG00000233417" 
 [4705] "ENSG00000272854"  "ENSG00000236839"  "ENSG00000285926" 
 [4708] "ENSG00000286407"  "ENSG00000228944"  "ENSG00000219445" 
 [4711] "ENSG00000267052"  "ENSG00000230941"  "ENSG00000287184" 
 [4714] "ENSG00000240499"  "ENSG00000227658"  "ENSG00000272072" 
 [4717] "ENSG00000224595"  "ENSG00000282859"  "ENSG00000218672" 
 [4720] "ENSG00000260426"  "ENSG00000288051"  "ENSG00000236544" 
 [4723] "ENSG00000227365"  "ENSG00000259826"  "ENSG00000225703" 
 [4726] "ENSG00000259628"  "ENSG00000242798"  "ENSG00000235077" 
 [4729] "ENSG00000287631"  "ENSG00000241357"  "ENSG00000286938" 
 [4732] "ENSG00000286305"  "ENSG00000285772"  "ENSG00000285953" 
 [4735] "ENSG00000243107"  "ENSG00000286458"  "ENSG00000235427" 
 [4738] "ENSG00000226851"  "ENSG00000288634"  "ENSG00000243433" 
 [4741] "ENSG00000288608"  "ENSG00000244151"  "ENSG00000272661" 
 [4744] "ENSG00000287032"  "ENSG00000227544"  "ENSG00000285892" 
 [4747] "ENSG00000281120"  "ENSG00000286855"  "ENSG00000281039" 
 [4750] "ENSG00000264520"  "ENSG00000263683"  "ENSG00000227172" 
 [4753] "ENSG00000231951"  "ENSG00000287584"  "ENSG00000228554" 
 [4756] "ENSG00000284461"  "ENSG00000226824"  "ENSG00000272831" 
 [4759] "ENSG00000288635"  "ENSG00000228368"  "ENSG00000287829" 
 [4762] "ENSG00000285904"  "ENSG00000259920"  "ENSG00000270823" 
 [4765] "ENSG00000270953"  "ENSG00000229591"  "ENSG00000272647" 
 [4768] "ENSG00000273407"  "ENSG00000230190"  "ENSG00000283504" 
 [4771] "ENSG00000283648"  "ENSG00000250614"  "ENSG00000272537" 
 [4774] "ENSG00000272361"  "ENSG00000287799"  "ENSG00000272953" 
 [4777] "ENSG00000234432"  "ENSG00000273084"  "ENSG00000230733" 
 [4780] "ENSG00000272719"  "ENSG00000273055"  "ENSG00000261305" 
 [4783] "ENSG00000231519"  "ENSG00000261467"  "ENSG00000272915" 
 [4786] "ENSG00000273184"  "ENSG00000240758"  "ENSG00000273270" 
 [4789] "ENSG00000239480"  "ENSG00000270249"  "POLR2J3.1"       
 [4792] "ENSG00000279168"  "ENSG00000205236"  "ENSG00000267645" 
 [4795] "ENSG00000286830"  "ENSG00000286436"  "ENSG00000234089" 
 [4798] "ENSG00000287517"  "ENSG00000260653"  "ENSG00000234459" 
 [4801] "ENSG00000225498"  "ENSG00000273299"  "ENSG00000223969" 
 [4804] "ENSG00000286411"  "ENSG00000225144"  "ENSG00000223436" 
 [4807] "ENSG00000225881"  "ENSG00000227197"  "ENSG00000285860" 
 [4810] "ENSG00000231539"  "ENSG00000261019"  "ENSG00000256646" 
 [4813] "ENSG00000232006"  "ENSG00000234715"  "ENSG00000228596" 
 [4816] "ENSG00000272768"  "ENSG00000239775"  "ENSG00000225000" 
 [4819] "ENSG00000250990"  "ENSG00000287815"  "ENSG00000287672" 
 [4822] "ENSG00000224970"  "ENSG00000286569"  "ENSG00000232524" 
 [4825] "ENSG00000231183"  "ENSG00000286075"  "ENSG00000271553" 
 [4828] "ENSG00000271344"  "ENSG00000230626"  "ENSG00000243230" 
 [4831] "MPP6"             "ENSG00000232759"  "ENSG00000232949" 
 [4834] "ENSG00000286703"  "ENSG00000273320"  "ENSG00000234418" 
 [4837] "ENSG00000231476"  "ENSG00000234977"  "ENSG00000205971" 
 [4840] "ENSG00000176349"  "ENSG00000286192"  "ENSG00000229263" 
 [4843] "ENSG00000250424"  "ENSG00000243018"  "ENSG00000268170" 
 [4846] "ENSG00000232533"  "ENSG00000231114"  "ENSG00000228031" 
 [4849] "ENSG00000288640"  "ENSG00000237471"  "ENSG00000229628" 
 [4852] "ENSG00000272905"  "ENSG00000287580"  "ENSG00000287869" 
 [4855] "ENSG00000189316"  "ENSG00000237513"  "ENSG00000273293" 
 [4858] "ENSG00000273011"  "ENSG00000260555"  "ENSG00000228113" 
 [4861] "ENSG00000273341"  "ENSG00000287519"  "ENSG00000272941" 
 [4864] "ENSG00000287733"  "ENSG00000231794"  "ENSG00000225606" 
 [4867] "ENSG00000284644"  "ENSG00000287610"  "ENSG00000216895" 
 [4870] "ENSG00000230033"  "ENSG00000236102"  "ENSG00000269446" 
 [4873] "ENSG00000204876"  "ENSG00000287636"  "ENSG00000273314" 
 [4876] "ENSG00000286180"  "ENSG00000286171"  "ENSG00000285666" 
 [4879] "ENSG00000273448"  "ENSG00000272843"  "ENSG00000285886" 
 [4882] "ENSG00000285702"  "ENSG00000275976"  "ENSG00000277675" 
 [4885] "ENSG00000263081"  "ENSG00000228010"  "ENSG00000274993" 
 [4888] "ENSG00000273433"  "ENSG00000272801"  "ENSG00000270182" 
 [4891] "ENSG00000257184"  "ENSG00000253508"  "ENSG00000286323" 
 [4894] "ENSG00000253308"  "ENSG00000232019"  "ENSG00000273069" 
 [4897] "ENSG00000232729"  "ENSG00000226690"  "ENSG00000287699" 
 [4900] "ENSG00000287985"  "ENSG00000286456"  "ENSG00000287317" 
 [4903] "ENSG00000286912"  "ENSG00000284048"  "ENSG00000284691" 
 [4906] "ENSG00000231418"  "ENSG00000286431"  "ENSG00000236120" 
 [4909] "ENSG00000236513"  "ENSG00000234622"  "ENSG00000280767" 
 [4912] "ENSG00000281849"  "ENSG00000234129"  "ENSG00000237531" 
 [4915] "ENSG00000223511"  "ENSG00000285679"  "ENSG00000223742" 
 [4918] "ENSG00000261030"  "ENSG00000229012"  "ENSG00000285756" 
 [4921] "ENSG00000283400"  "ENSG00000283631"  "ENSG00000286724" 
 [4924] "ENSG00000226679"  "ENSG00000287171"  "ENSG00000238178" 
 [4927] "ENSG00000285899"  "ENSG00000233928"  "ENSG00000233571" 
 [4930] "ENSG00000287700"  "ENSG00000286306"  "ENSG00000242021" 
 [4933] "ENSG00000229491"  "ENSG00000228933"  "ENSG00000259977" 
 [4936] "ENSG00000286475"  "ENSG00000228343"  "ENSG00000288546" 
 [4939] "ENSG00000283380"  "ENSG00000269902"  "ENSG00000287767" 
 [4942] "ENSG00000224610"  "ENSG00000231772"  "ENSG00000237311" 
 [4945] "ENSG00000287215"  "ENSG00000227486"  "ENSG00000283546" 
 [4948] "ENSG00000250349"  "ENSG00000226530"  "ENSG00000226484" 
 [4951] "ENSG00000229151"  "ENSG00000281566"  "ENSG00000287223" 
 [4954] "ENSG00000288059"  "ENSG00000271533"  "ENSG00000286000" 
 [4957] "ENSG00000206062"  "ENSG00000281091"  "ENSG00000286523" 
 [4960] "ENSG00000225012"  "ENSG00000239407"  "ENSG00000287619" 
 [4963] "ENSG00000282914"  "ENSG00000234405"  "ENSG00000286794" 
 [4966] "ENSG00000286077"  "ENSG00000284391"  "ENSG00000230105" 
 [4969] "ENSG00000226854"  "ENSG00000286977"  "ENSG00000232828" 
 [4972] "ENSG00000284618"  "ENSG00000204620"  "ENSG00000230159" 
 [4975] "ENSG00000286072"  "ENSG00000260585"  "ENSG00000236064" 
 [4978] "ENSG00000286163"  "ENSG00000234613"  "ENSG00000233403" 
 [4981] "ENSG00000286060"  "ENSG00000234050"  "ENSG00000237903" 
 [4984] "ENSG00000286846"  "ENSG00000285896"  "ENSG00000261101" 
 [4987] "ENSG00000225970"  "ENSG00000260683"  "ENSG00000287370" 
 [4990] "ENSG00000228160"  "ENSG00000278646"  "ENSG00000226661" 
 [4993] "ENSG00000287776"  "ENSG00000287806"  "ENSG00000227303" 
 [4996] "ENSG00000224765"  "ENSG00000286767"  "ENSG00000231110" 
 [4999] "ENSG00000284377"  "ENSG00000231447"  "ENSG00000287796" 
 [5002] "ENSG00000288258"  "ENSG00000234712"  "ENSG00000283692" 
 [5005] "ENSG00000283638"  "ENSG00000287017"  "ENSG00000273877" 
 [5008] "ENSG00000225689"  "ENSG00000227083"  "ENSG00000237208" 
 [5011] "ENSG00000231937"  "ENSG00000241489"  "ENSG00000237741" 
 [5014] "ENSG00000286085"  "ENSG00000232183"  "ENSG00000229269" 
 [5017] "ENSG00000238039"  "ENSG00000269993"  "ENSG00000287394" 
 [5020] "ENSG00000286939"  "ENSG00000235813"  "ENSG00000288098" 
 [5023] "ENSG00000287098"  "ENSG00000231963"  "ENSG00000230153" 
 [5026] "ENSG00000287379"  "ENSG00000285547"  "ENSG00000232412" 
 [5029] "ENSG00000287585"  "ENSG00000237994"  "ENSG00000230392" 
 [5032] "ENSG00000223438"  "ENSG00000203402"  "ENSG00000283743" 
 [5035] "ENSG00000224216"  "ENSG00000225393"  "ENSG00000270726" 
 [5038] "ENSG00000231830"  "ENSG00000285018"  "ENSG00000280195" 
 [5041] "TAZ"              "ENSG00000261773"  "ENSG00000235461" 
 [5044] "ENSG00000230668"  "TMSB15B.1"        "ENSG00000282840" 
 [5047] "ENSG00000288595"  "ENSG00000235834"  "ENSG00000286650" 
 [5050] "ENSG00000233103"  "ENSG00000230100"  "ENSG00000224292" 
 [5053] "ENSG00000286268"  "ENSG00000227042"  "ENSG00000234019" 
 [5056] "ENSG00000233250"  "ENSG00000232725"  "ENSG00000284987" 
 [5059] "ENSG00000285171"  "ENSG00000228427"  "ENSG00000283599" 
 [5062] "ENSG00000232611"  "ENSG00000286181"  "ENSG00000270012" 
 [5065] "ENSG00000286031"  "ENSG00000287757"  "ENSG00000224799" 
 [5068] "ENSG00000226310"  "ENSG00000287160"  "ENSG00000284800" 
 [5071] "ENSG00000285602"  "ENSG00000235806"  "ENSG00000287729" 
 [5074] "ENSG00000241886"  "ENSG00000288661"  "ENSG00000235189" 
 [5077] "ENSG00000237863"  "ENSG00000288597"  "ENSG00000287024" 
 [5080] "ENSG00000240143"  "ENSG00000233145"  "ENSG00000230707" 
 [5083] "ENSG00000233535"  "ENSG00000212663"  "ENSG00000287685" 
 [5086] "ENSG00000286366"  "ENSG00000261435"  "ENSG00000285709" 
 [5089] "ENSG00000223486"  "ENSG00000236393"  "ENSG00000285900" 
 [5092] "ENSG00000260118"  "ENSG00000287918"  "ENSG00000270052" 
 [5095] "ENSG00000214915"  "ENSG00000228543"  "ENSG00000288053" 
 [5098] "ENSG00000286964"  "ENSG00000223809"  "ENSG00000284994" 
 [5101] "ENSG00000233785"  "ENSG00000288706"  "ENSG00000270050" 
 [5104] "ENSG00000286327"  "ARMCX5-GPRASP2.1" "ENSG00000286118" 
 [5107] "ENSG00000277535"  "ENSG00000237019"  "ENSG00000228906" 
 [5110] "ENSG00000271199"  "ENSG00000287549"  "ENSG00000182776" 
 [5113] "ENSG00000279750"  "ENSG00000179028"  "ENSG00000254207" 
 [5116] "ENSG00000275427"  "ENSG00000272267"  "ENSG00000254839" 
 [5119] "ENSG00000272505"  "ENSG00000253252"  "ENSG00000281961" 
 [5122] "ENSG00000286969"  "ENSG00000253280"  "ENSG00000254237" 
 [5125] "ENSG00000261451"  "ENSG00000253496"  "ENSG00000270074" 
 [5128] "ENSG00000253887"  "ENSG00000282686"  "ENSG00000282692" 
 [5131] "ENSG00000187229"  "ENSG00000253130"  "ENSG00000260721" 
 [5134] "ENSG00000287740"  "ENSG00000287476"  "ENSG00000254242" 
 [5137] "ENSG00000253125"  "ENSG00000284956"  "ENSG00000286622" 
 [5140] "ENSG00000255076"  "ENSG00000285675"  "ENSG00000248896" 
 [5143] "ENSG00000250714"  "ENSG00000254160"  "ENSG00000253896" 
 [5146] "ENSG00000287747"  "ENSG00000253189"  "ENSG00000269918" 
 [5149] "ENSG00000253184"  "ENSG00000253775"  "ENSG00000254340" 
 [5152] "ENSG00000285861"  "ENSG00000254026"  "ENSG00000253880" 
 [5155] "ENSG00000253855"  "ENSG00000253510"  "ENSG00000254153" 
 [5158] "ENSG00000279932"  "ENSG00000287303"  "ENSG00000288580" 
 [5161] "ENSG00000254575"  "ENSG00000260093"  "ENSG00000282375" 
 [5164] "ENSG00000286910"  "ENSG00000253735"  "ENSG00000254813" 
 [5167] "ENSG00000287812"  "ENSG00000254260"  "ENSG00000253162" 
 [5170] "ENSG00000249258"  "ENSG00000286346"  "ENSG00000254007" 
 [5173] "ENSG00000253270"  "ENSG00000253168"  "ENSG00000253853" 
 [5176] "ENSG00000253678"  "ENSG00000251034"  "ENSG00000287134" 
 [5179] "ENSG00000253648"  "ENSG00000254092"  "ENSG00000253690" 
 [5182] "ENSG00000286934"  "ENSG00000253444"  "ENSG00000261026" 
 [5185] "ENSG00000253343"  "ENSG00000285606"  "ENSG00000277526" 
 [5188] "ENSG00000248235"  "ENSG00000282759"  "ENSG00000254936" 
 [5191] "ENSG00000254753"  "ENSG00000254002"  "ENSG00000254319" 
 [5194] "ENSG00000253604"  "ENSG00000272256"  "ENSG00000253632" 
 [5197] "ENSG00000240015"  "ENSG00000253452"  "PINX1.1"         
 [5200] "ENSG00000253275"  "ENSG00000253112"  "ENSG00000253557" 
 [5203] "ENSG00000253388"  "ENSG00000286804"  "ENSG00000253932" 
 [5206] "ENSG00000287152"  "ENSG00000288110"  "ENSG00000282142" 
 [5209] "ENSG00000253164"  "ENSG00000253377"  "ENSG00000253100" 
 [5212] "ENSG00000253535"  "ENSG00000253396"  "ENSG00000253746" 
 [5215] "ENSG00000253381"  "ENSG00000253774"  "ENSG00000253888" 
 [5218] "ENSG00000253891"  "ENSG00000253505"  "ENSG00000282160" 
 [5221] "ENSG00000253108"  "ENSG00000253182"  "ENSG00000253939" 
 [5224] "ENSG00000253335"  "ENSG00000259366"  "ENSG00000248538" 
 [5227] "ENSG00000287204"  "ENSG00000254111"  "ENSG00000285977" 
 [5230] "ENSG00000253524"  "ENSG00000254362"  "ENSG00000253476" 
 [5233] "ENSG00000248738"  "ENSG00000253133"  "ENSG00000248964" 
 [5236] "ENSG00000253344"  "ENSG00000254370"  "ENSG00000253643" 
 [5239] "ENSG00000287166"  "ENSG00000260588"  "LINC01605.1"     
 [5242] "ENSG00000253200"  "ENSG00000255495"  "ENSG00000254095" 
 [5245] "ENSG00000285601"  "ENSG00000272338"  "ENSG00000279949" 
 [5248] "ENSG00000253875"  "ENSG00000272163"  "ENSG00000285669" 
 [5251] "ENSG00000246130"  "ENSG00000253206"  "ENSG00000253174" 
 [5254] "ENSG00000253903"  "ENSG00000253455"  "ENSG00000253838" 
 [5257] "ENSG00000253837"  "ENSG00000254165"  "ENSG00000272375" 
 [5260] "ENSG00000254033"  "ENSG00000253142"  "ENSG00000287590" 
 [5263] "ENSG00000245025"  "ENSG00000286693"  "ENSG00000253642" 
 [5266] "ENSG00000253390"  "ENSG00000253354"  "ENSG00000253356" 
 [5269] "ENSG00000246582"  "ENSG00000272024"  "ENSG00000253300" 
 [5272] "ENSG00000272457"  "ENSG00000254556"  "ENSG00000253369" 
 [5275] "ENSG00000285880"  "ENSG00000253380"  "ENSG00000253139" 
 [5278] "ENSG00000286648"  "ENSG00000253986"  "ENSG00000253181" 
 [5281] "ENSG00000253695"  "ENSG00000253961"  "ENSG00000254222" 
 [5284] "ENSG00000286131"  "ENSG00000272076"  "ENSG00000260253" 
 [5287] "ENSG00000285992"  "ENSG00000254287"  "ENSG00000253363" 
 [5290] "ENSG00000253342"  "ENSG00000253430"  "ENSG00000254194" 
 [5293] "ENSG00000253664"  "ENSG00000254625"  "ENSG00000270154" 
 [5296] "ENSG00000253616"  "ENSG00000253140"  "ENSG00000286798" 
 [5299] "ENSG00000287535"  "ENSG00000253879"  "ENSG00000269924" 
 [5302] "ENSG00000253475"  "ENSG00000253608"  "ENSG00000253892" 
 [5305] "ENSG00000253844"  "ENSG00000247134"  "ENSG00000253397" 
 [5308] "ENSG00000253708"  "ENSG00000253317"  "ENSG00000253474" 
 [5311] "ENSG00000253484"  "ENSG00000286348"  "ENSG00000253976" 
 [5314] "ENSG00000253190"  "ENSG00000253205"  "ENSG00000287844" 
 [5317] "ENSG00000253711"  "ENSG00000253688"  "ENSG00000285632" 
 [5320] "ENSG00000254001"  "ENSG00000253147"  "ENSG00000253523" 
 [5323] "ENSG00000253123"  "ENSG00000254325"  "ENSG00000254136" 
 [5326] "ENSG00000270076"  "ENSG00000260955"  "ENSG00000254288" 
 [5329] "ENSG00000284948"  "ENSG00000253659"  "ENSG00000254204" 
 [5332] "ENSG00000228801"  "ENSG00000254775"  "ENSG00000253849" 
 [5335] "ENSG00000253235"  "ENSG00000286675"  "ENSG00000254162" 
 [5338] "ENSG00000287185"  "ENSG00000253214"  "ENSG00000254367" 
 [5341] "ENSG00000253762"  "ENSG00000286471"  "ENSG00000286113" 
 [5344] "ENSG00000254330"  "ENSG00000286837"  "ENSG00000254177" 
 [5347] "ENSG00000272264"  "ENSG00000254086"  "ENSG00000276418" 
 [5350] "ENSG00000253287"  "ENSG00000253983"  "ENSG00000253238" 
 [5353] "ENSG00000287052"  "ENSG00000254314"  "ENSG00000254383" 
 [5356] "ENSG00000272425"  "ENSG00000254432"  "ENSG00000253836" 
 [5359] "ENSG00000237807"  "ENSG00000258677"  "ENSG00000254020" 
 [5362] "ENSG00000253358"  "ENSG00000253577"  "ENSG00000258256" 
 [5365] "ENSG00000285744"  "ENSG00000254231"  "ENSG00000251136" 
 [5368] "ENSG00000253682"  "ENSG00000260398"  "ENSG00000251867" 
 [5371] "ENSG00000251127"  "ENSG00000253634"  "ENSG00000246792" 
 [5374] "ENSG00000254089"  "ENSG00000254538"  "ENSG00000260493" 
 [5377] "ENSG00000270077"  "ENSG00000260317"  "ENSG00000253681" 
 [5380] "ENSG00000288005"  "ENSG00000253116"  "ENSG00000254366" 
 [5383] "ENSG00000248762"  "ENSG00000253871"  "ENSG00000287352" 
 [5386] "ENSG00000253675"  "ENSG00000287927"  "ENSG00000254048" 
 [5389] "ENSG00000272518"  "ENSG00000287959"  "ENSG00000253115" 
 [5392] "ENSG00000253334"  "ENSG00000285758"  "ENSG00000270866" 
 [5395] "ENSG00000253901"  "ENSG00000287975"  "ENSG00000253105" 
 [5398] "ENSG00000286763"  "ENSG00000254208"  "ENSG00000253217" 
 [5401] "ENSG00000249328"  "ENSG00000270131"  "ENSG00000253177" 
 [5404] "ENSG00000253872"  "ENSG00000253960"  "ENSG00000271156" 
 [5407] "ENSG00000253416"  "ENSG00000254060"  "ENSG00000286484" 
 [5410] "ENSG00000254055"  "ENSG00000254027"  "ENSG00000254180" 
 [5413] "ENSG00000257962"  "ENSG00000264578"  "ENSG00000253859" 
 [5416] "ENSG00000253503"  "ENSG00000255101"  "ENSG00000254205" 
 [5419] "ENSG00000254380"  "ENSG00000254224"  "ENSG00000254202" 
 [5422] "ENSG00000254251"  "ENSG00000253704"  "ENSG00000254219" 
 [5425] "ENSG00000253553"  "ENSG00000253737"  "ENSG00000272249" 
 [5428] "ENSG00000287615"  "ENSG00000253576"  "ENSG00000253374" 
 [5431] "ENSG00000253699"  "ENSG00000271148"  "ENSG00000255402" 
 [5434] "ENSG00000271971"  "ENSG00000253894"  "ENSG00000253260" 
 [5437] "ENSG00000253585"  "ENSG00000255289"  "ENSG00000287998" 
 [5440] "ENSG00000254315"  "ENSG00000286308"  "ENSG00000286554" 
 [5443] "ENSG00000253749"  "ENSG00000254339"  "ENSG00000286578" 
 [5446] "ENSG00000245970"  "ENSG00000254777"  "ENSG00000285579" 
 [5449] "ENSG00000254024"  "ENSG00000253171"  "ENSG00000287654" 
 [5452] "ENSG00000272155"  "ENSG00000287127"  "ENSG00000253633" 
 [5455] "ENSG00000253477"  "ENSG00000253197"  "ENSG00000253509" 
 [5458] "ENSG00000254236"  "ENSG00000183154"  "ENSG00000254057" 
 [5461] "ENSG00000259607"  "ENSG00000253857"  "ENSG00000260640" 
 [5464] "ENSG00000253784"  "ENSG00000254143"  "ENSG00000227170" 
 [5467] "ENSG00000254802"  "ENSG00000286984"  "ENSG00000254006" 
 [5470] "ENSG00000253355"  "ENSG00000253500"  "ENSG00000271882" 
 [5473] "ENSG00000254302"  "ENSG00000261670"  "ENSG00000254000" 
 [5476] "ENSG00000253395"  "ENSG00000286878"  "ENSG00000254303" 
 [5479] "ENSG00000254290"  "ENSG00000253551"  "ENSG00000253154" 
 [5482] "ENSG00000246528"  "ENSG00000254337"  "ENSG00000254031" 
 [5485] "ENSG00000253489"  "ENSG00000253622"  "ENSG00000253614" 
 [5488] "ENSG00000254201"  "ENSG00000253842"  "ENSG00000228862" 
 [5491] "ENSG00000287301"  "ENSG00000254040"  "ENSG00000253834" 
 [5494] "ENSG00000248318"  "ENSG00000237061"  "ENSG00000254129" 
 [5497] "ENSG00000272321"  "ENSG00000253258"  "ENSG00000253471" 
 [5500] "ENSG00000260949"  "ENSG00000253281"  "ENSG00000254306" 
 [5503] "ENSG00000254248"  "ENSG00000253619"  "ENSG00000253339" 
 [5506] "ENSG00000245330"  "ENSG00000253583"  "ENSG00000253376" 
 [5509] "ENSG00000253911"  "ENSG00000271830"  "ENSG00000286282" 
 [5512] "ENSG00000254084"  "ENSG00000272128"  "ENSG00000287788" 
 [5515] "ENSG00000253967"  "ENSG00000253851"  "ENSG00000287942" 
 [5518] "ENSG00000253207"  "ENSG00000254102"  "ENSG00000253227" 
 [5521] "ENSG00000285791"  "ENSG00000288041"  "ENSG00000248050" 
 [5524] "ENSG00000253398"  "ENSG00000253726"  "ENSG00000254113" 
 [5527] "ENSG00000263443"  "ENSG00000254347"  "ENSG00000253717" 
 [5530] "ENSG00000254041"  "ENSG00000272502"  "ENSG00000286677" 
 [5533] "ENSG00000287781"  "ENSG00000253821"  "ENSG00000254357" 
 [5536] "ENSG00000255310"  "ENSG00000253513"  "ENSG00000272010" 
 [5539] "ENSG00000253322"  "ENSG00000287819"  "ENSG00000260368" 
 [5542] "ENSG00000286362"  "ENSG00000286701"  "ENSG00000285982" 
 [5545] "ENSG00000283157"  "ENSG00000254343"  "ENSG00000214803" 
 [5548] "ENSG00000254334"  "ENSG00000253629"  "ENSG00000285890" 
 [5551] "ENSG00000285655"  "ENSG00000272479"  "ENSG00000253924" 
 [5554] "ENSG00000253745"  "ENSG00000253656"  "ENSG00000287949" 
 [5557] "ENSG00000283674"  "ENSG00000253196"  "ENSG00000253427" 
 [5560] "ENSG00000287467"  "ENSG00000253111"  "ENSG00000255321" 
 [5563] "ENSG00000253432"  "ENSG00000253720"  "ENSG00000286034" 
 [5566] "ENSG00000287230"  "ENSG00000286937"  "ENSG00000259820" 
 [5569] "ENSG00000287826"  "ENSG00000254178"  "ENSG00000287657" 
 [5572] "ENSG00000253573"  "ENSG00000253389"  "ENSG00000254557" 
 [5575] "ENSG00000254139"  "ENSG00000253796"  "ENSG00000253988" 
 [5578] "ENSG00000286010"  "ENSG00000255130"  "ENSG00000253782" 
 [5581] "ENSG00000258417"  "ENSG00000254230"  "ENSG00000225885" 
 [5584] "ENSG00000286337"  "ENSG00000254394"  "ENSG00000244791" 
 [5587] "ENSG00000254028"  "ENSG00000254263"  "ENSG00000253507" 
 [5590] "ENSG00000253288"  "ENSG00000254278"  "ENSG00000288067" 
 [5593] "ENSG00000167912"  "ENSG00000253407"  "ENSG00000253672" 
 [5596] "ENSG00000253220"  "ENSG00000285817"  "ENSG00000253783" 
 [5599] "ENSG00000253561"  "ENSG00000255456"  "ENSG00000253143" 
 [5602] "ENSG00000277332"  "ENSG00000255182"  "ENSG00000270137" 
 [5605] "ENSG00000253728"  "ENSG00000253627"  "ENSG00000261044" 
 [5608] "ENSG00000287201"  "ENSG00000287195"  "ENSG00000253715" 
 [5611] "ENSG00000253165"  "ENSG00000254533"  "ENSG00000264668" 
 [5614] "ENSG00000223697"  "ENSG00000254372"  "ENSG00000253259" 
 [5617] "ENSG00000253593"  "ENSG00000261693"  "ENSG00000286535" 
 [5620] "ENSG00000254249"  "ENSG00000254258"  "ENSG00000286122" 
 [5623] "ENSG00000286266"  "ENSG00000254254"  "ENSG00000253824" 
 [5626] "ENSG00000253992"  "ENSG00000261710"  "ENSG00000253286" 
 [5629] "ENSG00000259631"  "ENSG00000254227"  "ENSG00000253470" 
 [5632] "ENSG00000254361"  "ENSG00000253530"  "ENSG00000253607" 
 [5635] "ENSG00000255313"  "ENSG00000287332"  "ENSG00000263612" 
 [5638] "ENSG00000253372"  "ENSG00000287677"  "ENSG00000253567" 
 [5641] "ENSG00000254431"  "ENSG00000251218"  "ENSG00000255325" 
 [5644] "ENSG00000253949"  "ENSG00000253266"  "ENSG00000255206" 
 [5647] "ENSG00000286946"  "ENSG00000253806"  "ENSG00000272384" 
 [5650] "ENSG00000272456"  "ENSG00000272172"  "ENSG00000255366" 
 [5653] "ENSG00000254317"  "ENSG00000287322"  "ENSG00000272043" 
 [5656] "ENSG00000254277"  "ENSG00000254578"  "ENSG00000287479" 
 [5659] "ENSG00000253282"  "ENSG00000265393"  "ENSG00000272037" 
 [5662] "ENSG00000285683"  "ENSG00000253373"  "ENSG00000286927" 
 [5665] "ENSG00000253956"  "ENSG00000266289"  "ENSG00000253122" 
 [5668] "ENSG00000271555"  "ENSG00000255487"  "ENSG00000254898" 
 [5671] "ENSG00000272092"  "ENSG00000272159"  "ENSG00000255201" 
 [5674] "ENSG00000253361"  "ENSG00000254321"  "ENSG00000253574" 
 [5677] "ENSG00000269954"  "ENSG00000255046"  "ENSG00000254238" 
 [5680] "ENSG00000253596"  "ENSG00000254080"  "ENSG00000253944" 
 [5683] "ENSG00000253671"  "ENSG00000253215"  "ENSG00000254054" 
 [5686] "ENSG00000245281"  "ENSG00000286542"  "ENSG00000285971" 
 [5689] "ENSG00000254050"  "ENSG00000287105"  "ENSG00000240915" 
 [5692] "ENSG00000253121"  "ENSG00000261542"  "ENSG00000253706" 
 [5695] "ENSG00000254043"  "ENSG00000272157"  "ENSG00000253832" 
 [5698] "ENSG00000288055"  "ENSG00000287785"  "ENSG00000253926" 
 [5701] "ENSG00000285108"  "ENSG00000254690"  "ENSG00000271698" 
 [5704] "ENSG00000272115"  "ENSG00000285624"  "ENSG00000254687" 
 [5707] "ENSG00000260484"  "ENSG00000253210"  "ENSG00000253307" 
 [5710] "ENSG00000254019"  "ENSG00000254197"  "ENSG00000254291" 
 [5713] "ENSG00000261655"  "ENSG00000244998"  "ENSG00000271959" 
 [5716] "ENSG00000272343"  "ENSG00000254673"  "ENSG00000287214" 
 [5719] "ENSG00000254574"  "ENSG00000254548"  "ENSG00000254973" 
 [5722] "ENSG00000287222"  "ENSG00000255343"  "ENSG00000285599" 
 [5725] "ENSG00000288096"  "ENSG00000255224"  "ENSG00000254307" 
 [5728] "ENSG00000272509"  "ENSG00000253878"  "ENSG00000272293" 
 [5731] "ENSG00000250267"  "ENSG00000253666"  "ENSG00000254364" 
 [5734] "ENSG00000253740"  "ENSG00000253754"  "ENSG00000259891" 
 [5737] "ENSG00000253586"  "ENSG00000253829"  "ENSG00000253645" 
 [5740] "ENSG00000260838"  "ENSG00000272254"  "ENSG00000253636" 
 [5743] "ENSG00000271938"  "ENSG00000261449"  "ENSG00000253106" 
 [5746] "ENSG00000255491"  "ENSG00000286955"  "ENSG00000287095" 
 [5749] "ENSG00000288677"  "ENSG00000285881"  "ENSG00000254064" 
 [5752] "ENSG00000271930"  "ENSG00000229625"  "ENSG00000253562" 
 [5755] "ENSG00000253532"  "ENSG00000253539"  "ENSG00000287952" 
 [5758] "ENSG00000254115"  "ENSG00000253778"  "ENSG00000284606" 
 [5761] "ENSG00000268955"  "ENSG00000254021"  "ENSG00000253582" 
 [5764] "ENSG00000253420"  "ENSG00000254141"  "ENSG00000253526" 
 [5767] "ENSG00000287289"  "ENSG00000287208"  "ENSG00000286766" 
 [5770] "ENSG00000287325"  "ENSG00000226490"  "ENSG00000253854" 
 [5773] "ENSG00000253722"  "ENSG00000253848"  "ENSG00000253931" 
 [5776] "ENSG00000287576"  "ENSG00000254859"  "ENSG00000255050" 
 [5779] "ENSG00000254741"  "ENSG00000254812"  "ENSG00000283959" 
 [5782] "ENSG00000253385"  "ENSG00000253263"  "ENSG00000254038" 
 [5785] "ENSG00000286681"  "ENSG00000255164"  "ENSG00000280273" 
 [5788] "ENSG00000246477"  "ENSG00000255020"  "ENSG00000284957" 
 [5791] "ENSG00000286985"  "ENSG00000287755"  "ENSG00000287798" 
 [5794] "ENSG00000282021"  "ENSG00000253982"  "ENSG00000287464" 
 [5797] "ENSG00000285957"  "ENSG00000253764"  "KBTBD11-OT1.1"   
 [5800] "ENSG00000270988"  "ENSG00000253805"  "ENSG00000287970" 
 [5803] "ENSG00000272812"  "ENSG00000272240"  "ENSG00000273402" 
 [5806] "ENSG00000249868"  "ENSG00000177725"  "ENSG00000179577" 
 [5809] "ENSG00000246089"  "ENSG00000288076"  "ENSG00000271743" 
 [5812] "ENSG00000226669"  "ENSG00000237359"  "ENSG00000224972" 
 [5815] "ENSG00000225489"  "ENSG00000235533"  "ENSG00000287465" 
 [5818] "ENSG00000225408"  "ENSG00000236199"  "ENSG00000226197" 
 [5821] "ENSG00000286685"  "ENSG00000286162"  "ENSG00000236921" 
 [5824] "ENSG00000286684"  "ENSG00000284418"  "ENSG00000287759" 
 [5827] "ENSG00000228165"  "ENSG00000236924"  "ENSG00000273056" 
 [5830] "ENSG00000285688"  "ENSG00000287139"  "ENSG00000237414" 
 [5833] "ENSG00000272866"  "ENSG00000226376"  "ENSG00000260912" 
 [5836] "ENSG00000287038"  "ENSG00000228739"  "ENSG00000231509" 
 [5839] "ENSG00000233906"  "ENSG00000261696"  "ENSG00000230365" 
 [5842] "ENSG00000254261"  "ENSG00000286322"  "ENSG00000270372" 
 [5845] "ENSG00000269957"  "ENSG00000276759"  "ENSG00000266446" 
 [5848] "ENSG00000258885"  "ENSG00000285784"  "ENSG00000287318" 
 [5851] "ENSG00000261402"  "ENSG00000224549"  "ENSG00000233367" 
 [5854] "ENSG00000288571"  "ENSG00000225472"  "ENSG00000260390" 
 [5857] "ENSG00000260100"  "ENSG00000264545"  "ENSG00000287696" 
 [5860] "ENSG00000287551"  "ENSG00000288042"  "ENSG00000250850" 
 [5863] "ENSG00000287514"  "ENSG00000275649"  "ENSG00000287838" 
 [5866] "ENSG00000276266"  "ENSG00000284612"  "ENSG00000287168" 
 [5869] "ENSG00000236733"  "ENSG00000225655"  "ENSG00000237153" 
 [5872] "ENSG00000285911"  "ENSG00000224935"  "ENSG00000233242" 
 [5875] "ENSG00000283982"  "ENSG00000275390"  "ENSG00000225085" 
 [5878] "ENSG00000231212"  "ENSG00000229311"  "ENSG00000229422" 
 [5881] "ENSG00000229109"  "ENSG00000287355"  "ENSG00000260995" 
 [5884] "ENSG00000285580"  "ENSG00000273226"  "ENSG00000233651" 
 [5887] "ENSG00000233926"  "ENSG00000286823"  "ENSG00000261447" 
 [5890] "ENSG00000260412"  "ENSG00000236376"  "ENSG00000237529" 
 [5893] "ENSG00000267559"  "ENSG00000276412"  "ENSG00000287212" 
 [5896] "ENSG00000272904"  "ENSG00000233178"  "ENSG00000286612" 
 [5899] "ENSG00000286414"  "ENSG00000235523"  "ENSG00000233262" 
 [5902] "ENSG00000228467"  "ENSG00000233424"  "ENSG00000236507" 
 [5905] "ENSG00000287769"  "ENSG00000229454"  "ENSG00000227809" 
 [5908] "ENSG00000287333"  "ENSG00000285907"  "ENSG00000231193" 
 [5911] "ENSG00000229345"  "ENSG00000232749"  "ENSG00000275297" 
 [5914] "ENSG00000286332"  "ENSG00000287329"  "ENSG00000286451" 
 [5917] "ENSG00000237422"  "ENSG00000285634"  "ENSG00000226206" 
 [5920] "ENSG00000275676"  "ENSG00000230303"  "ENSG00000234860" 
 [5923] "ENSG00000228216"  "ENSG00000204814"  "ENSG00000232211" 
 [5926] "ENSG00000277412"  "ENSG00000231990"  "ENSG00000224945" 
 [5929] "ENSG00000287287"  "ENSG00000276462"  "ENSG00000237357" 
 [5932] "ENSG00000287955"  "ENSG00000170161"  "ENSG00000226566" 
 [5935] "ENSG00000223716"  "ENSG00000267026"  "ENSG00000276422" 
 [5938] "ENSG00000228658"  "ENSG00000228174"  "ENSG00000254571" 
 [5941] "ENSG00000237461"  "ENSG00000273381"  "ENSG00000204802" 
 [5944] "ENSG00000234394"  "ENSG00000223446"  "ENSG00000224267" 
 [5947] "ENSG00000237336"  "ENSG00000285269"  "ENSG00000233569" 
 [5950] "ENSG00000230537"  "ENSG00000274893"  "ENSG00000237626" 
 [5953] "ENSG00000234921"  "ENSG00000230846"  "ENSG00000227068" 
 [5956] "ENSG00000259953"  "ENSG00000286428"  "ENSG00000236896" 
 [5959] "ENSG00000260454"  "ENSG00000287233"  "ENSG00000233817" 
 [5962] "ENSG00000285483"  "ENSG00000270412"  "ENSG00000284977" 
 [5965] "ENSG00000288271"  "ENSG00000230826"  "ENSG00000203364" 
 [5968] "ENSG00000232494"  "ENSG00000288575"  "ENSG00000235819" 
 [5971] "ENSG00000287782"  "ENSG00000232896"  "ENSG00000288062" 
 [5974] "ENSG00000265194"  "ENSG00000287070"  "ENSG00000225337" 
 [5977] "ENSG00000286835"  "ENSG00000230782"  "ENSG00000231521" 
 [5980] "ENSG00000227482"  "ENSG00000286842"  "ENSG00000227269" 
 [5983] "ENSG00000229582"  "ENSG00000233721"  "ENSG00000260677" 
 [5986] "ENSG00000238010"  "ENSG00000287302"  "ENSG00000235204" 
 [5989] "ENSG00000232939"  "ENSG00000287843"  "ENSG00000227958" 
 [5992] "ENSG00000236403"  "ENSG00000288541"  "ENSG00000286834" 
 [5995] "ENSG00000260564"  "ENSG00000288537"  "ENSG00000285987" 
 [5998] "ENSG00000229587"  "ENSG00000231901"  "ENSG00000285082" 
 [6001] "ENSG00000233936"  "ENSG00000229019"  "LINC00484.1"     
 [6004] "ENSG00000226078"  "ENSG00000236668"  "ENSG00000272934" 
 [6007] "ENSG00000287708"  "ENSG00000233081"  "ENSG00000234789" 
 [6010] "ENSG00000254473"  "ENSG00000275329"  "ENSG00000227200" 
 [6013] "ENSG00000226047"  "ENSG00000280366"  "ENSG00000231460" 
 [6016] "ENSG00000226007"  "ENSG00000231902"  "ENSG00000231227" 
 [6019] "ENSG00000235138"  "ENSG00000224842"  "ENSG00000227531" 
 [6022] "ENSG00000228714"  "ENSG00000261018"  "UNQ6494"         
 [6025] "ENSG00000286840"  "ENSG00000283769"  "ENSG00000233884" 
 [6028] "ENSG00000232413"  "ENSG00000286944"  "ENSG00000225050" 
 [6031] "ENSG00000230030"  "ENSG00000236461"  "ENSG00000231149" 
 [6034] "ENSG00000286945"  "ENSG00000232590"  "ENSG00000223795" 
 [6037] "ENSG00000237073"  "ENSG00000234692"  "ENSG00000237419" 
 [6040] "ENSG00000228877"  "ENSG00000286502"  "ENSG00000227150" 
 [6043] "ENSG00000226706"  "ENSG00000203987"  "ENSG00000230684" 
 [6046] "ENSG00000228707"  "ENSG00000260970"  "ENSG00000270755" 
 [6049] "ENSG00000238058"  "ENSG00000226609"  "ENSG00000285706" 
 [6052] "ENSG00000287368"  "ENSG00000285103"  "ENSG00000272842" 
 [6055] "ENSG00000225960"  "ENSG00000228392"  "ENSG00000226904" 
 [6058] "ENSG00000235572"  "ENSG00000226798"  "ENSG00000286536" 
 [6061] "ENSG00000236687"  "ENSG00000286375"  "ENSG00000232978" 
 [6064] "ENSG00000286474"  "ENSG00000236643"  "ENSG00000273473" 
 [6067] "ENSG00000271833"  "ENSG00000279571"  "ENSG00000286196" 
 [6070] "ENSG00000225032"  "ENSG00000230848"  "ENSG00000230536" 
 [6073] "ENSG00000272696"  "ENSG00000207955"  "ENSG00000273186" 
 [6076] "ENSG00000286782"  "ENSG00000287868"  "ENSG00000236115" 
 [6079] "ENSG00000285650"  "ENSG00000226877"  "ENSG00000231616" 
 [6082] "ENSG00000235298"  "ENSG00000227463"  "ENSG00000288586" 
 [6085] "ENSG00000231393"  "ENSG00000227933"  "ENSG00000228843" 
 [6088] "ENSG00000227388"  "ENSG00000285645"  "ENSG00000287986" 
 [6091] "ENSG00000283411"  "ENSG00000283205"  "ENSG00000287750" 
 [6094] "ENSG00000231756"  "ENSG00000230694"  "ENSG00000235880" 
 [6097] "ENSG00000227155"  "ENSG00000228115"  "ENSG00000226403" 
 [6100] "ENSG00000227914"  "ENSG00000237385"  "ENSG00000239593" 
 [6103] "ENSG00000253400"  "ENSG00000254396"  "ENSG00000237734" 
 [6106] "ENSG00000236543"  "ENSG00000228487"  "ENSG00000260190" 
 [6109] "ENSG00000284341"  "ENSG00000279073"  "ENSG00000236394" 
 [6112] "ENSG00000229257"  "ENSG00000231864"  "ENSG00000261793" 
 [6115] "ENSG00000284976"  "ENSG00000260996"  "ENSG00000288234" 
 [6118] "ENSG00000225002"  "ENSG00000229297"  "ENSG00000237062" 
 [6121] "ENSG00000228142"  "ENSG00000268926"  "ENSG00000237212" 
 [6124] "ENSG00000275465"  "ENSG00000287187"  "ENSG00000231678" 
 [6127] "ENSG00000288570"  "ENSG00000236658"  "ENSG00000234055" 
 [6130] "ENSG00000268707"  "ENSG00000224307"  "ENSG00000268615" 
 [6133] "ENSG00000230676"  "ENSG00000226355"  "ENSG00000261334" 
 [6136] "ENSG00000235007"  "ENSG00000204055"  "ENSG00000224038" 
 [6139] "ENSG00000231140"  "ENSG00000283886"  "ENSG00000284116" 
 [6142] "ENSG00000228136"  "ENSG00000240240"  "ENSG00000271631" 
 [6145] "ENSG00000261094"  "ENSG00000286718"  "ENSG00000243888" 
 [6148] "ENSG00000229312"  "ENSG00000285169"  "ENSG00000285130" 
 [6151] "ENSG00000204003"  "ENSG00000272896"  "ENSG00000273066" 
 [6154] "ENSG00000272679"  "ENSG00000228401"  "ENSG00000227512" 
 [6157] "ENSG00000228317"  "ENSG00000234160"  "ENSG00000256966" 
 [6160] "ENSG00000255872"  "ENSG00000236986"  "ENSG00000246851" 
 [6163] "ENSG00000285637"  "ENSG00000234740"  "ENSG00000230289" 
 [6166] "ENSG00000277350"  "ENSG00000276348"  "ENSG00000288023" 
 [6169] "ENSG00000230815"  "ENSG00000236095"  "ENSG00000224764" 
 [6172] "ENSG00000285807"  "ENSG00000229065"  "ENSG00000257524" 
 [6175] "ENSG00000227218"  "ENSG00000224848"  "ENSG00000244757" 
 [6178] "ENSG00000230894"  "ENSG00000285820"  "ENSG00000233516" 
 [6181] "ENSG00000261534"  "ENSG00000269970"  "ENSG00000286547" 
 [6184] "ENSG00000235119"  "ENSG00000273399"  "ENSG00000272871" 
 [6187] "ENSG00000286500"  "ENSG00000283647"  "ENSG00000285556" 
 [6190] "ENSG00000287930"  "ENSG00000228072"  "ENSG00000260947" 
 [6193] "ENSG00000287063"  "ENSG00000227301"  "ENSG00000287495" 
 [6196] "ENSG00000228352"  "ENSG00000227355"  "ENSG00000229854" 
 [6199] "ENSG00000274421"  "ENSG00000232086"  "ENSG00000223966" 
 [6202] "ENSG00000283001"  "ENSG00000226334"  "ENSG00000234181" 
 [6205] "ENSG00000227167"  "ENSG00000288699"  "ENSG00000230729" 
 [6208] "ENSG00000258728"  "ENSG00000261215"  "ENSG00000187186" 
 [6211] "ENSG00000230074"  "ENSG00000288583"  "ENSG00000285245" 
 [6214] "ENSG00000242375"  "ENSG00000203279"  "ENSG00000235494" 
 [6217] "ENSG00000239705"  "ENSG00000223440"  "ENSG00000230516" 
 [6220] "ENSG00000288684"  "ENSG00000224992"  "ENSG00000227917" 
 [6223] "ENSG00000228395"  "ENSG00000280474"  "ENSG00000280758" 
 [6226] "ENSG00000231052"  "ENSG00000286670"  "ENSG00000267834" 
 [6229] "ENSG00000287234"  "ENSG00000223478"  "ENSG00000286112" 
 [6232] "ENSG00000251184"  "ENSG00000286078"  "ENSG00000227619" 
 [6235] "ENSG00000225411"  "ENSG00000236724"  "ENSG00000230001" 
 [6238] "ENSG00000228322"  "ENSG00000233616"  "ENSG00000234156" 
 [6241] "ENSG00000287480"  "ENSG00000232063"  "ENSG00000286850" 
 [6244] "ENSG00000271384"  "ENSG00000271314"  "ENSG00000271155" 
 [6247] "ENSG00000271659"  "ENSG00000224644"  "ENSG00000176868" 
 [6250] "ENSG00000276502"  "ENSG00000235389"  "ENSG00000234021" 
 [6253] "ENSG00000230920"  "ENSG00000232035"  "ENSG00000235659" 
 [6256] "ENSG00000223379"  "ENSG00000276898"  "ENSG00000284779" 
 [6259] "ENSG00000285581"  "ENSG00000287935"  "ENSG00000254443" 
 [6262] "ENSG00000267940"  "ENSG00000256206"  "ENSG00000240801" 
 [6265] "ENSG00000255367"  "ENSG00000271758"  "ENSG00000254951" 
 [6268] "ENSG00000286959"  "ENSG00000282556"  "ENSG00000254444" 
 [6271] "ENSG00000256006"  "ENSG00000254966"  "ENSG00000255558" 
 [6274] "ENSG00000255260"  "ENSG00000287548"  "ENSG00000286960" 
 [6277] "ENSG00000255351"  "ENSG00000254878"  "ENSG00000230483" 
 [6280] "ENSG00000255496"  "ENSG00000286998"  "ENSG00000255179" 
 [6283] "ENSG00000254789"  "ENSG00000286626"  "ENSG00000255029" 
 [6286] "ENSG00000254540"  "ENSG00000255272"  "ENSG00000286521" 
 [6289] "ENSG00000246225"  "ENSG00000286275"  "ENSG00000254577" 
 [6292] "ENSG00000255092"  "ENSG00000255525"  "ENSG00000287227" 
 [6295] "ENSG00000285658"  "ENSG00000283341"  "ENSG00000228061" 
 [6298] "ENSG00000254532"  "ENSG00000254619"  "ENSG00000254606" 
 [6301] "ENSG00000255462"  "ENSG00000255186"  "ENSG00000254627" 
 [6304] "ENSG00000254645"  "ENSG00000254695"  "ENSG00000254861" 
 [6307] "ENSG00000254754"  "ENSG00000255167"  "ENSG00000255227" 
 [6310] "ENSG00000255244"  "ENSG00000287538"  "ENSG00000254907" 
 [6313] "ENSG00000255477"  "ENSG00000255271"  "ENSG00000255060" 
 [6316] "ENSG00000285705"  "ENSG00000254836"  "ENSG00000254686" 
 [6319] "ENSG00000256897"  "ENSG00000288177"  "ENSG00000254526" 
 [6322] "ENSG00000255523"  "ENSG00000286983"  "ENSG00000286382" 
 [6325] "ENSG00000255357"  "ENSG00000255375"  "ENSG00000254919" 
 [6328] "ENSG00000255202"  "ENSG00000255279"  "ENSG00000254927" 
 [6331] "ENSG00000285283"  "ENSG00000285895"  "ENSG00000254669" 
 [6334] "ENSG00000254768"  "ENSG00000255451"  "ENSG00000255139" 
 [6337] "ENSG00000255118"  "ENSG00000255160"  "ENSG00000254822" 
 [6340] "ENSG00000254566"  "ENSG00000257058"  "ENSG00000254734" 
 [6343] "ENSG00000254584"  "ENSG00000255252"  "ENSG00000270060" 
 [6346] "ENSG00000286450"  "ENSG00000255520"  "ENSG00000283217" 
 [6349] "ENSG00000269570"  "ENSG00000254477"  "ENSG00000255091" 
 [6352] "ENSG00000255845"  "ENSG00000255508"  "ENSG00000287373" 
 [6355] "ENSG00000254404"  "ENSG00000250659"  "ENSG00000270117" 
 [6358] "ENSG00000255959"  "ENSG00000255446"  "ENSG00000254906" 
 [6361] "ENSG00000287264"  "ENSG00000255306"  "ENSG00000255126" 
 [6364] "ENSG00000285740"  "ENSG00000255355"  "ENSG00000284969" 
 [6367] "ENSG00000286418"  "ENSG00000285751"  "ENSG00000260877" 
 [6370] "ENSG00000255031"  "ENSG00000285656"  "ENSG00000254651" 
 [6373] "ENSG00000286369"  "ENSG00000256813"  "ENSG00000254614" 
 [6376] "ENSG00000254605"  "ENSG00000255041"  "ENSG00000254501" 
 [6379] "ENSG00000255340"  "ENSG00000255421"  "ENSG00000255236" 
 [6382] "ENSG00000259854"  "ENSG00000255081"  "ENSG00000260679" 
 [6385] "ENSG00000287912"  "ENSG00000255395"  "ENSG00000254514" 
 [6388] "ENSG00000254746"  "ENSG00000285816"  "ENSG00000256568" 
 [6391] "ENSG00000255132"  "ENSG00000254885"  "ENSG00000287821" 
 [6394] "ENSG00000286665"  "ENSG00000260348"  "ENSG00000284722" 
 [6397] "ENSG00000254649"  "ENSG00000254563"  "ENSG00000254721" 
 [6400] "ENSG00000255928"  "ENSG00000260808"  "ENSG00000255191" 
 [6403] "ENSG00000268635"  "ENSG00000254971"  "ENSG00000255482" 
 [6406] "ENSG00000233536"  "ENSG00000255209"  "ENSG00000255929" 
 [6409] "ENSG00000255539"  "ENSG00000287917"  "ENSG00000255084" 
 [6412] "ENSG00000281655"  "ENSG00000255143"  "ENSG00000250519" 
 [6415] "ENSG00000256469"  "ENSG00000287802"  "ENSG00000254599" 
 [6418] "ENSG00000277459"  "ENSG00000255980"  "ENSG00000285835" 
 [6421] "ENSG00000255102"  "ENSG00000255256"  "ENSG00000255337" 
 [6424] "ENSG00000255345"  "ENSG00000287028"  "ENSG00000255471" 
 [6427] "ENSG00000254587"  "ENSG00000284057"  "ENSG00000255028" 
 [6430] "ENSG00000255548"  "ENSG00000261098"  "ENSG00000286555" 
 [6433] "ENSG00000260008"  "ENSG00000254987"  "ENSG00000270179" 
 [6436] "ENSG00000285842"  "ENSG00000269895"  "ENSG00000255893" 
 [6439] "ENSG00000247137"  "ENSG00000254830"  "ENSG00000255516" 
 [6442] "ENSG00000255129"  "ENSG00000288012"  "ENSG00000254434" 
 [6445] "ENSG00000256916"  "ENSG00000288538"  "ENSG00000254604" 
 [6448] "ENSG00000286345"  "ENSG00000255606"  "ENSG00000254980" 
 [6451] "ENSG00000254963"  "ENSG00000255428"  "ENSG00000255173" 
 [6454] "ENSG00000255528"  "ENSG00000255478"  "ENSG00000256928" 
 [6457] "ENSG00000254422"  "ENSG00000254511"  "ENSG00000255429" 
 [6460] "ENSG00000255241"  "ENSG00000254484"  "ENSG00000254676" 
 [6463] "ENSG00000254420"  "ENSG00000261347"  "ENSG00000250390" 
 [6466] "ENSG00000287245"  "ENSG00000286028"  "ENSG00000247416" 
 [6469] "ENSG00000255005"  "ENSG00000255580"  "ENSG00000285568" 
 [6472] "ENSG00000254844"  "ENSG00000254740"  "ENSG00000288047" 
 [6475] "ENSG00000255435"  "ENSG00000287556"  "ENSG00000286731" 
 [6478] "ENSG00000245385"  "ENSG00000255605"  "ENSG00000256452" 
 [6481] "ENSG00000271390"  "ENSG00000285813"  "ENSG00000256448" 
 [6484] "ENSG00000255689"  "ENSG00000255246"  "ENSG00000285769" 
 [6487] "ENSG00000255299"  "ENSG00000288020"  "ENSG00000255599" 
 [6490] "ENSG00000286023"  "ENSG00000227125"  "ENSG00000246790" 
 [6493] "ENSG00000255094"  "ENSG00000255422"  "ENSG00000260254" 
 [6496] "ENSG00000254429"  "ENSG00000245552"  "ENSG00000255455" 
 [6499] "ENSG00000288528"  "ENSG00000237612"  "ENSG00000254561" 
 [6502] "ENSG00000287238"  "ENSG00000286943"  "ENSG00000255216" 
 [6505] "ENSG00000256315"  "ENSG00000255045"  "ENSG00000286497" 
 [6508] "ENSG00000255087"  "ENSG00000245498"  "ENSG00000288097" 
 [6511] "ENSG00000231698"  "ENSG00000285909"  "ENSG00000286044" 
 [6514] "ENSG00000255015"  "ENSG00000279342"  "ENSG00000255475" 
 [6517] "ENSG00000250073"  "ENSG00000255348"  "ENSG00000281386" 
 [6520] "ENSG00000236129"  "ENSG00000256281"  "ENSG00000278376" 
 [6523] "ENSG00000254551"  "ENSG00000286374"  "ENSG00000254854" 
 [6526] "ENSG00000288061"  "ENSG00000254648"  "ENSG00000256603" 
 [6529] "ENSG00000254989"  "ENSG00000286341"  "ENSG00000254943" 
 [6532] "ENSG00000254573"  "ENSG00000255176"  "ENSG00000272642" 
 [6535] "ENSG00000288013"  "ENSG00000254568"  "ENSG00000287545" 
 [6538] "ENSG00000254607"  "ENSG00000287068"  "ENSG00000255219" 
 [6541] "ENSG00000287251"  "ENSG00000285640"  "ENSG00000255537" 
 [6544] "ENSG00000256757"  "ENSG00000254433"  "ENSG00000254528" 
 [6547] "ENSG00000287897"  "ENSG00000256972"  "ENSG00000254710" 
 [6550] "ENSG00000214788"  "ENSG00000255234"  "ENSG00000288070" 
 [6553] "ENSG00000259290"  "ENSG00000255136"  "ENSG00000245869" 
 [6556] "ENSG00000254932"  "ENSG00000285693"  "ENSG00000184566" 
 [6559] "ENSG00000254693"  "ENSG00000286992"  "ENSG00000270403" 
 [6562] "ENSG00000254626"  "ENSG00000286756"  "ENSG00000287006" 
 [6565] "ENSG00000254460"  "ENSG00000255326"  "ENSG00000255434" 
 [6568] "ENSG00000254630"  "ENSG00000247867"  "ENSG00000254826" 
 [6571] "ENSG00000254814"  "ENSG00000176984"  "ENSG00000259541" 
 [6574] "ENSG00000256116"  "ENSG00000257086"  "ENSG00000236935" 
 [6577] "ENSG00000231492"  "ENSG00000286816"  "ENSG00000232500" 
 [6580] "ENSG00000236897"  "ENSG00000224091"  "ENSG00000284931" 
 [6583] "ENSG00000239920"  "ENSG00000224513"  "ENSG00000254592" 
 [6586] "ENSG00000254757"  "ENSG00000287906"  "ENSG00000287312" 
 [6589] "ENSG00000255240"  "ENSG00000214797"  "ENSG00000255158" 
 [6592] "ENSG00000269915"  "ENSG00000255284"  "ENSG00000255142" 
 [6595] "ENSG00000255108"  "ENSG00000250397"  "ENSG00000255467" 
 [6598] "ENSG00000285696"  "ENSG00000255334"  "ENSG00000254638" 
 [6601] "ENSG00000268472"  "ENSG00000255292"  "ENSG00000249086" 
 [6604] "ENSG00000237654"  "ENSG00000285980"  "ENSG00000238117" 
 [6607] "ENSG00000224700"  "ENSG00000285561"  "ENSG00000255521" 
 [6610] "ENSG00000251194"  "ENSG00000255542"  "ENSG00000256100" 
 [6613] "ENSG00000256824"  "ENSG00000256481"  "ENSG00000256341" 
 [6616] "ENSG00000251143"  "ENSG00000284844"  "ENSG00000204971" 
 [6619] "ENSG00000285864"  "ENSG00000255843"  "ENSG00000183562" 
 [6622] "ENSG00000255476"  "ENSG00000286561"  "ENSG00000254865" 
 [6625] "ENSG00000254554"  "ENSG00000254519"  "ENSG00000255426" 
 [6628] "ENSG00000255447"  "ENSG00000255498"  "ENSG00000254653" 
 [6631] "ENSG00000255314"  "ENSG00000254639"  "ENSG00000286459" 
 [6634] "ENSG00000255038"  "ENSG00000255320"  "ENSG00000254461" 
 [6637] "ENSG00000254855"  "ENSG00000254762"  "ENSG00000245156" 
 [6640] "ENSG00000254452"  "ENSG00000254458"  "ENSG00000254756" 
 [6643] "ENSG00000255468"  "ENSG00000254510"  "ENSG00000250230" 
 [6646] "ENSG00000255947"  "ENSG00000254586"  "ENSG00000256947" 
 [6649] "ENSG00000256195"  "ENSG00000255663"  "ENSG00000276505" 
 [6652] "ENSG00000254662"  "ENSG00000254979"  "ENSG00000254680" 
 [6655] "ENSG00000254983"  "ENSG00000285644"  "ENSG00000234791" 
 [6658] "ENSG00000255741"  "ENSG00000261625"  "ENSG00000261276" 
 [6661] "ENSG00000287725"  "ENSG00000260895"  "ENSG00000261070" 
 [6664] "ENSG00000254873"  "ENSG00000285827"  "ENSG00000269944" 
 [6667] "ENSG00000255384"  "ENSG00000286264"  "ENSG00000254733" 
 [6670] "ENSG00000254731"  "ENSG00000255250"  "ENSG00000254990" 
 [6673] "ENSG00000258529"  "ENSG00000287412"  "ENSG00000203520" 
 [6676] "ENSG00000256789"  "ENSG00000255233"  "ENSG00000255448" 
 [6679] "ENSG00000255470"  "ENSG00000285562"  "ENSG00000254804" 
 [6682] "ENSG00000255146"  "ENSG00000284732"  "ENSG00000288675" 
 [6685] "ENSG00000254991"  "ENSG00000255400"  "ENSG00000254847" 
 [6688] "ENSG00000267811"  "ENSG00000269176"  "ENSG00000269463" 
 [6691] "ENSG00000256690"  "ENSG00000254602"  "ENSG00000256034" 
 [6694] "ENSG00000255847"  "ENSG00000287425"  "ENSG00000245008" 
 [6697] "ENSG00000256514"  "ENSG00000274251"  "ENSG00000275484" 
 [6700] "ENSG00000254921"  "ENSG00000254905"  "ENSG00000255062" 
 [6703] "ENSG00000246308"  "ENSG00000250041"  "ENSG00000250493" 
 [6706] "ENSG00000288018"  "ENSG00000231487"  "ENSG00000250644" 
 [6709] "ENSG00000235027"  "ENSG00000229512"  "ENSG00000287484" 
 [6712] "ENSG00000230834"  "ENSG00000255517"  "ENSG00000256349" 
 [6715] "ENSG00000286688"  "ENSG00000250105"  "ENSG00000255197" 
 [6718] "ENSG00000270072"  "ENSG00000231880"  "ENSG00000254631" 
 [6721] "ENSG00000255440"  "ENSG00000254928"  "ENSG00000254837" 
 [6724] "ENSG00000255301"  "ENSG00000288534"  "ENSG00000255557" 
 [6727] "ENSG00000255404"  "ENSG00000254705"  "ENSG00000255506" 
 [6730] "ENSG00000254874"  "ENSG00000255480"  "ENSG00000254972" 
 [6733] "ENSG00000285933"  "ENSG00000260209"  "ENSG00000255027" 
 [6736] "ENSG00000254790"  "ENSG00000261257"  "ENSG00000287666" 
 [6739] "ENSG00000254833"  "ENSG00000254694"  "ENSG00000257052" 
 [6742] "ENSG00000256944"  "ENSG00000256196"  "ENSG00000256733" 
 [6745] "ENSG00000229368"  "ENSG00000254688"  "ENSG00000255067" 
 [6748] "ENSG00000203258"  "ENSG00000254495"  "ENSG00000246889" 
 [6751] "ENSG00000227726"  "ENSG00000286708"  "ENSG00000254682" 
 [6754] "ENSG00000254698"  "ENSG00000255503"  "ENSG00000254468" 
 [6757] "ENSG00000255229"  "ENSG00000254559"  "ENSG00000255026" 
 [6760] "ENSG00000254910"  "ENSG00000251661"  "ENSG00000255089" 
 [6763] "ENSG00000255328"  "ENSG00000270972"  "ENSG00000255237" 
 [6766] "ENSG00000215841"  "ENSG00000260401"  "ENSG00000257038" 
 [6769] "ENSG00000250699"  "ENSG00000288681"  "ENSG00000254467" 
 [6772] "ENSG00000254787"  "ENSG00000255555"  "ENSG00000254459" 
 [6775] "ENSG00000254691"  "ENSG00000255449"  "ENSG00000254829" 
 [6778] "ENSG00000254675"  "ENSG00000254400"  "ENSG00000254641" 
 [6781] "ENSG00000285338"  "ENSG00000255680"  "ENSG00000255410" 
 [6784] "ENSG00000255479"  "ENSG00000254810"  "ENSG00000236304" 
 [6787] "ENSG00000254975"  "ENSG00000254632"  "ENSG00000255100" 
 [6790] "ENSG00000261578"  "ENSG00000254988"  "ENSG00000284922" 
 [6793] "ENSG00000285921"  "ENSG00000287426"  "ENSG00000255159" 
 [6796] "ENSG00000253973"  "ENSG00000286935"  "ENSG00000255097" 
 [6799] "ENSG00000254397"  "ENSG00000268403"  "ENSG00000256220" 
 [6802] "ENSG00000256591"  "ENSG00000255931"  "ENSG00000256443" 
 [6805] "ENSG00000254964"  "ENSG00000255432"  "ENSG00000257002" 
 [6808] "ENSG00000254428"  "ENSG00000255114"  "ENSG00000271751" 
 [6811] "ENSG00000287934"  "ENSG00000287851"  "ENSG00000255119" 
 [6814] "ENSG00000283977"  "ENSG00000283415"  "ENSG00000260196" 
 [6817] "ENSG00000286463"  "ENSG00000285545"  "ENSG00000287898" 
 [6820] "ENSG00000251364"  "ENSG00000254864"  "ENSG00000275612" 
 [6823] "ENSG00000276668"  "ENSG00000254707"  "ENSG00000226645" 
 [6826] "ENSG00000236267"  "ENSG00000285513"  "ENSG00000224077" 
 [6829] "ENSG00000287962"  "ENSG00000255372"  "ENSG00000254820" 
 [6832] "ENSG00000256739"  "ENSG00000255672"  "ENSG00000256403" 
 [6835] "ENSG00000286948"  "ENSG00000288033"  "ENSG00000254739" 
 [6838] "ENSG00000254933"  "ENSG00000255135"  "ENSG00000254732" 
 [6841] "ENSG00000256588"  "ENSG00000246250"  "ENSG00000283375" 
 [6844] "ENSG00000254409"  "ENSG00000244953"  "ENSG00000255165" 
 [6847] "ENSG00000254900"  "ENSG00000254665"  "ENSG00000260966" 
 [6850] "ENSG00000285878"  "ENSG00000287984"  "ENSG00000254664" 
 [6853] "ENSG00000254497"  "ENSG00000254469"  "ENSG00000254938" 
 [6856] "ENSG00000255317"  "ENSG00000203334"  "ENSG00000226694" 
 [6859] "ENSG00000287653"  "ENSG00000237500"  "ENSG00000233052" 
 [6862] "ENSG00000286610"  "ENSG00000227912"  "ENSG00000287848" 
 [6865] "ENSG00000213994"  "ENSG00000232638"  "ENSG00000226990" 
 [6868] "ENSG00000236990"  "ENSG00000234306"  "ENSG00000285845" 
 [6871] "ENSG00000287023"  "ENSG00000287120"  "ENSG00000231601" 
 [6874] "ENSG00000286687"  "ENSG00000231039"  "ENSG00000285671" 
 [6877] "ENSG00000229751"  "ENSG00000229672"  "ENSG00000285988" 
 [6880] "ENSG00000228353"  "ENSG00000224251"  "ENSG00000230121" 
 [6883] "ENSG00000235281"  "ENSG00000230096"  "ENSG00000286439" 
 [6886] "ENSG00000229206"  "ENSG00000271046"  "ENSG00000287277" 
 [6889] "ENSG00000231496"  "ENSG00000226861"  "ENSG00000236892" 
 [6892] "ENSG00000236495"  "ENSG00000287175"  "ENSG00000235410" 
 [6895] "ENSG00000229664"  "ENSG00000285994"  "ENSG00000286858" 
 [6898] "ENSG00000286442"  "ENSG00000287246"  "ENSG00000285852" 
 [6901] "ENSG00000272516"  "ENSG00000223808"  "ENSG00000234296" 
 [6904] "ENSG00000285520"  "ENSG00000225213"  "ENSG00000234961" 
 [6907] "ENSG00000273153"  "ENSG00000285743"  "ENSG00000287124" 
 [6910] "ENSG00000272366"  "ENSG00000233825"  "ENSG00000279623" 
 [6913] "ENSG00000203565"  "ENSG00000233451"  "ENSG00000230322" 
 [6916] "ENSG00000238246"  "ENSG00000287309"  "ENSG00000234244" 
 [6919] "ENSG00000271981"  "ENSG00000286832"  "ENSG00000260205" 
 [6922] "ENSG00000286958"  "ENSG00000234091"  "ENSG00000285859" 
 [6925] "ENSG00000233968"  "ENSG00000229327"  "ENSG00000286810" 
 [6928] "ENSG00000235637"  "ENSG00000287402"  "ENSG00000287852" 
 [6931] "ENSG00000243349"  "ENSG00000254929"  "ENSG00000260137" 
 [6934] "ENSG00000231187"  "ENSG00000287925"  "ENSG00000287613" 
 [6937] "ENSG00000226576"  "ENSG00000237389"  "ENSG00000228426" 
 [6940] "ENSG00000232807"  "ENSG00000203496"  "ENSG00000261671" 
 [6943] "ENSG00000286409"  "ENSG00000287945"  "ENSG00000273012" 
 [6946] "ENSG00000223462"  "ENSG00000259869"  "ENSG00000273363" 
 [6949] "ENSG00000286413"  "ENSG00000228302"  "ENSG00000233472" 
 [6952] "ENSG00000273107"  "ENSG00000234504"  "ENSG00000224919" 
 [6955] "ENSG00000235020"  "ENSG00000227101"  "ENSG00000235356" 
 [6958] "ENSG00000226842"  "ENSG00000226304"  "ENSG00000286951" 
 [6961] "ENSG00000228527"  "ENSG00000286924"  "ENSG00000227734" 
 [6964] "ENSG00000287278"  "ENSG00000235843"  "ENSG00000269952" 
 [6967] "ENSG00000286715"  "ENSG00000286993"  "ENSG00000285300" 
 [6970] "ENSG00000226296"  "ENSG00000230555"  "ENSG00000228683" 
 [6973] "ENSG00000285739"  "ENSG00000282906"  "ENSG00000287173" 
 [6976] "ENSG00000285958"  "ENSG00000231964"  "ENSG00000260400" 
 [6979] "ENSG00000226163"  "ENSG00000238258"  "ENSG00000229543" 
 [6982] "ENSG00000204049"  "ENSG00000271409"  "ENSG00000261076" 
 [6985] "ENSG00000270002"  "ENSG00000233258"  "ENSG00000269256" 
 [6988] "ENSG00000233144"  "ENSG00000272692"  "ENSG00000286445" 
 [6991] "ENSG00000235279"  "ENSG00000229711"  "ENSG00000235858" 
 [6994] "ENSG00000272630"  "ENSG00000271933"  "ENSG00000226659" 
 [6997] "ENSG00000228280"  "ENSG00000268659"  "ENSG00000282952" 
 [7000] "ENSG00000223502"  "ENSG00000230229"  "ENSG00000273248" 
 [7003] "ENSG00000261368"  "ENSG00000270087"  "ENSG00000224504" 
 [7006] "ENSG00000285846"  "ENSG00000283096"  "ENSG00000288090" 
 [7009] "ENSG00000227029"  "ENSG00000286116"  "ENSG00000238176" 
 [7012] "ENSG00000285786"  "ENSG00000287016"  "ENSG00000229458" 
 [7015] "ENSG00000238291"  "ENSG00000231132"  "ENSG00000287057" 
 [7018] "ENSG00000272748"  "ENSG00000226426"  "ENSG00000282121" 
 [7021] "ENSG00000288559"  "ENSG00000287009"  "ENSG00000287528" 
 [7024] "ENSG00000285810"  "ENSG00000287221"  "ENSG00000228566" 
 [7027] "ENSG00000251413"  "ENSG00000227683"  "ENSG00000287150" 
 [7030] "ENSG00000286373"  "ENSG00000277757"  "ENSG00000286981" 
 [7033] "ENSG00000227253"  "ENSG00000272817"  "ENSG00000224750" 
 [7036] "ENSG00000224934"  "ENSG00000270589"  "ENSG00000231970" 
 [7039] "ENSG00000286683"  "ENSG00000237768"  "ENSG00000228778" 
 [7042] "ENSG00000285884"  "ENSG00000228403"  "ENSG00000227475" 
 [7045] "ENSG00000232682"  "ENSG00000279607"  "ENSG00000236556" 
 [7048] "ENSG00000287564"  "ENSG00000283053"  "ENSG00000272914" 
 [7051] "ENSG00000230575"  "ENSG00000226578"  "ENSG00000236800" 
 [7054] "ENSG00000287732"  "ENSG00000235140"  "ENSG00000286876" 
 [7057] "ENSG00000272599"  "ENSG00000236842"  "ENSG00000270075" 
 [7060] "ENSG00000272988"  "ENSG00000228748"  "ENSG00000272983" 
 [7063] "ENSG00000241577"  "ENSG00000227851"  "ENSG00000236308" 
 [7066] "ENSG00000224301"  "ENSG00000236514"  "ENSG00000287969" 
 [7069] "ENSG00000230967"  "ENSG00000234580"  "ENSG00000273108" 
 [7072] "ENSG00000232739"  "ENSG00000286344"  "ENSG00000234393" 
 [7075] "ENSG00000229272"  "ENSG00000225936"  "ENSG00000227186" 
 [7078] "ENSG00000227492"  "ENSG00000286609"  "ENSG00000287077" 
 [7081] "ENSG00000232985"  "ENSG00000287419"  "ENSG00000225292" 
 [7084] "ENSG00000258539"  "ENSG00000274461"  "ENSG00000249967" 
 [7087] "ENSG00000231188"  "ENSG00000237002"  "ENSG00000287427" 
 [7090] "ENSG00000232767"  "ENSG00000285615"  "ENSG00000233340" 
 [7093] "ENSG00000249456"  "ENSG00000275024"  "ENSG00000234149" 
 [7096] "ENSG00000287231"  "ENSG00000282772"  "ENSG00000261438" 
 [7099] "ENSG00000231138"  "ENSG00000232935"  "ENSG00000226899" 
 [7102] "ENSG00000230534"  "ENSG00000286289"  "ENSG00000233665" 
 [7105] "ENSG00000282863"  "ENSG00000238276"  "ENSG00000203434" 
 [7108] "ENSG00000234542"  "ENSG00000271434"  "ENSG00000227307" 
 [7111] "ENSG00000232259"  "ENSG00000278601"  "ENSG00000225850" 
 [7114] "ENSG00000287361"  "ENSG00000273599"  "ENSG00000226431" 
 [7117] "ENSG00000276490"  "ENSG00000260461"  "ENSG00000277687" 
 [7120] "ENSG00000278518"  "ENSG00000278831"  "ENSG00000287609" 
 [7123] "ENSG00000285676"  "ENSG00000227076"  "ENSG00000278484" 
 [7126] "ENSG00000225208"  "ENSG00000280561"  "ENSG00000288107" 
 [7129] "ENSG00000277959"  "ENSG00000287047"  "ENSG00000231104" 
 [7132] "ENSG00000286575"  "ENSG00000282787"  "ENSG00000285955" 
 [7135] "ENSG00000225424"  "ENSG00000229278"  "ENSG00000228027" 
 [7138] "ENSG00000283095"  "ENSG00000287327"  "ENSG00000287326" 
 [7141] "ENSG00000234677"  "ENSG00000287466"  "ENSG00000234134" 
 [7144] "ENSG00000287655"  "DNAJC9-AS1.1"     "ENSG00000260917" 
 [7147] "ENSG00000273521"  "ENSG00000234640"  "ENSG00000285932" 
 [7150] "ENSG00000258114"  "ENSG00000228021"  "ENSG00000273485" 
 [7153] "ENSG00000285582"  "ENSG00000235010"  "ENSG00000287768" 
 [7156] "ENSG00000272933"  "ENSG00000285529"  "ENSG00000236426" 
 [7159] "ENSG00000287857"  "ENSG00000232342"  "ENSG00000271670" 
 [7162] "ENSG00000234699"  "ENSG00000286295"  "ENSG00000285540" 
 [7165] "ENSG00000277879"  "ENSG00000287358"  "ENSG00000254536" 
 [7168] "ENSG00000223528"  "ENSG00000272627"  "ENSG00000232470" 
 [7171] "ENSG00000286088"  "ENSG00000228484"  "ENSG00000287936" 
 [7174] "ENSG00000263041"  "ENSG00000273312"  "ENSG00000286789" 
 [7177] "ENSG00000229418"  "ENSG00000229227"  "ENSG00000260475" 
 [7180] "ENSG00000235198"  "ENSG00000288172"  "ENSG00000233547" 
 [7183] "ENSG00000226425"  "ENSG00000270099"  "ENSG00000224215" 
 [7186] "ENSG00000225527"  "ENSG00000240291"  "ENSG00000225152" 
 [7189] "ENSG00000231705"  "ENSG00000234311"  "ENSG00000226900" 
 [7192] "ENSG00000288052"  "ENSG00000272592"  "ENSG00000273262" 
 [7195] "ENSG00000237590"  "ENSG00000229116"  "ENSG00000287901" 
 [7198] "ENSG00000225761"  "ENSG00000225519"  "ENSG00000273124" 
 [7201] "ENSG00000285803"  "ENSG00000288011"  "ENSG00000285837" 
 [7204] "ENSG00000285551"  "ENSG00000238280"  "ENSG00000227374" 
 [7207] "ENSG00000275327"  "ENSG00000275005"  "ENSG00000287997" 
 [7210] "ENSG00000286881"  "ENSG00000262412"  "ENSG00000272631" 
 [7213] "ENSG00000256462"  "ENSG00000287566"  "ENSG00000287235" 
 [7216] "ENSG00000226647"  "ENSG00000272764"  "ENSG00000280660" 
 [7219] "ENSG00000280485"  "ENSG00000272912"  "ENSG00000231575" 
 [7222] "ENSG00000228553"  "ENSG00000273450"  "ENSG00000244332" 
 [7225] "ENSG00000233021"  "ENSG00000224500"  "ENSG00000276850" 
 [7228] "ENSG00000273760"  "ENSG00000259994"  "ENSG00000285824" 
 [7231] "ENSG00000287420"  "ENSG00000228800"  "ENSG00000230298" 
 [7234] "ENSG00000285630"  "ENSG00000228417"  "ENSG00000285871" 
 [7237] "ENSG00000268584"  "ENSG00000272791"  "ENSG00000272140" 
 [7240] "ENSG00000272916"  "ENSG00000224195"  "ENSG00000229990" 
 [7243] "ENSG00000286401"  "ENSG00000235939"  "ENSG00000287043" 
 [7246] "ENSG00000282390"  "ENSG00000229261"  "ENSG00000231748" 
 [7249] "ENSG00000287306"  "ENSG00000236154"  "ENSG00000223834" 
 [7252] "ENSG00000286694"  "ENSG00000224250"  "ENSG00000276742" 
 [7255] "ENSG00000273891"  "ENSG00000285715"  "ENSG00000285973" 
 [7258] "ENSG00000234182"  "ENSG00000287560"  "ENSG00000278419" 
 [7261] "ENSG00000236968"  "ENSG00000227338"  "ENSG00000287428" 
 [7264] "ENSG00000234173"  "ENSG00000236958"  "ENSG00000236744" 
 [7267] "ENSG00000223800"  "ENSG00000228048"  "ENSG00000288566" 
 [7270] "ENSG00000286795"  "ENSG00000272447"  "ENSG00000283913" 
 [7273] "ENSG00000288657"  "ENSG00000284024"  "ENSG00000282915" 
 [7276] "ENSG00000285750"  "ENSG00000229190"  "ENSG00000229869" 
 [7279] "ENSG00000205740"  "ENSG00000279458"  "ENSG00000285402" 
 [7282] "ENSG00000230526"  "ENSG00000229569"  "ENSG00000235426" 
 [7285] "ENSG00000241317"  "ENSG00000244733"  "ENSG00000272489" 
 [7288] "ENSG00000287475"  "ENSG00000286359"  "ENSG00000227896" 
 [7291] "ENSG00000231829"  "ENSG00000288526"  "ENSG00000234026" 
 [7294] "ENSG00000240527"  "ENSG00000230928"  "ENSG00000287261" 
 [7297] "ENSG00000237761"  "ENSG00000225303"  "ENSG00000223761" 
 [7300] "ENSG00000225913"  "ENSG00000196566"  "ENSG00000224745" 
 [7303] "ENSG00000255339"  "ENSG00000272572"  "ENSG00000273476" 
 [7306] "ENSG00000236662"  "ENSG00000273162"  "ENSG00000232110" 
 [7309] "ENSG00000236716"  "ENSG00000273980"  "ENSG00000226699" 
 [7312] "ENSG00000274685"  "ENSG00000286489"  "ENSG00000224817" 
 [7315] "ENSG00000285587"  "ENSG00000273413"  "ENSG00000271880" 
 [7318] "ENSG00000151303"  "ENSG00000272508"  "ENSG00000229969" 
 [7321] "ENSG00000237280"  "ENSG00000232934"  "ENSG00000234918" 
 [7324] "ENSG00000237224"  "ENSG00000277218"  "ENSG00000286514" 
 [7327] "ENSG00000233256"  "ENSG00000227175"  "ENSG00000282246" 
 [7330] "ENSG00000239665"  "ENSG00000273474"  "ENSG00000225112" 
 [7333] "ENSG00000232936"  "ENSG00000225836"  "ENSG00000235100" 
 [7336] "ENSG00000240996"  "ENSG00000285712"  "ENSG00000223432" 
 [7339] "ENSG00000260370"  "ENSG00000225140"  "ENSG00000273360" 
 [7342] "ENSG00000225299"  "ENSG00000272892"  "ENSG00000277758" 
 [7345] "ENSG00000286135"  "ENSG00000256694"  "ENSG00000255746" 
 [7348] "ENSG00000255639"  "ENSG00000287712"  "ENSG00000256540" 
 [7351] "ENSG00000258092"  "ENSG00000256654"  "ENSG00000283138" 
 [7354] "ENSG00000288043"  "ENSG00000256969"  "ENSG00000285523" 
 [7357] "ENSG00000249790"  "ENSG00000275367"  "ENSG00000250899" 
 [7360] "ENSG00000278356"  "ENSG00000261799"  "ENSG00000256020" 
 [7363] "ENSG00000255882"  "ENSG00000256948"  "ENSG00000275850" 
 [7366] "ENSG00000286911"  "ENSG00000256803"  "ENSG00000257027" 
 [7369] "ITFG2-AS1.1"      "ENSG00000284393"  "ENSG00000284697" 
 [7372] "ENSG00000255829"  "ENSG00000255608"  "ENSG00000276417" 
 [7375] "ENSG00000282080"  "ENSG00000255801"  "ENSG00000284634" 
 [7378] "ENSG00000287713"  "ENSG00000255825"  "ENSG00000275119" 
 [7381] "ENSG00000256084"  "ENSG00000286303"  "ENSG00000255790" 
 [7384] "ENSG00000255641"  "ENSG00000256339"  "ENSG00000255621" 
 [7387] "ENSG00000256513"  "ENSG00000287074"  "ENSG00000287577" 
 [7390] "ENSG00000256256"  "ENSG00000256564"  "ENSG00000285854" 
 [7393] "ENSG00000287075"  "ENSG00000214772"  "ENSG00000256712" 
 [7396] "ENSG00000257062"  "ENSG00000247934"  "ENSG00000256237" 
 [7399] "ENSG00000256973"  "ENSG00000272917"  "ENSG00000257262" 
 [7402] "ENSG00000285724"  "ENSG00000261324"  "ENSG00000256923" 
 [7405] "ENSG00000255910"  "ENSG00000285870"  "ENSG00000286566" 
 [7408] "ENSG00000275278"  "ENSG00000255983"  "ENSG00000275764" 
 [7411] "ENSG00000284513"  "ENSG00000255649"  "ENSG00000256482" 
 [7414] "ENSG00000287388"  "ENSG00000234428"  "ENSG00000256538" 
 [7417] "ENSG00000256894"  "ENSG00000274624"  "ENSG00000283240" 
 [7420] "ENSG00000257176"  "ENSG00000256691"  "ENSG00000256381" 
 [7423] "ENSG00000272921"  "ENSG00000288532"  "ENSG00000257258" 
 [7426] "ENSG00000255565"  "ENSG00000256615"  "ENSG00000286866" 
 [7429] "ENSG00000257042"  "ENSG00000275286"  "ENSG00000256686" 
 [7432] "ENSG00000256995"  "ENSG00000275476"  "ENSG00000278733" 
 [7435] "ENSG00000257964"  "ENSG00000286752"  "ENSG00000257700" 
 [7438] "ENSG00000255871"  "ENSG00000257261"  "ENSG00000257319" 
 [7441] "ENSG00000285732"  "ENSG00000255858"  "ENSG00000256321" 
 [7444] "ENSG00000287455"  "ENSG00000274723"  "ENSG00000286671" 
 [7447] "ENSG00000256185"  "ENSG00000274591"  "ENSG00000245482" 
 [7450] "ENSG00000256226"  "ENSG00000255921"  "ENSG00000275778" 
 [7453] "ENSG00000258763"  "ENSG00000273853"  "ENSG00000255628" 
 [7456] "ENSG00000257588"  "ENSG00000257735"  "ENSG00000287386" 
 [7459] "ENSG00000275769"  "ENSG00000274682"  "ENSG00000257228" 
 [7462] "ENSG00000272368"  "ENSG00000256473"  "ENSG00000115934" 
 [7465] "ENSG00000257947"  "ENSG00000285517"  "ENSG00000256440" 
 [7468] "ENSG00000249695"  "ENSG00000274124"  "ENSG00000273046" 
 [7471] "ENSG00000259937"  "ENSG00000287835"  "ENSG00000256389" 
 [7474] "ENSG00000257023"  "ENSG00000257932"  "ENSG00000257298" 
 [7477] "ENSG00000276272"  "ENSG00000258231"  "ENSG00000257880" 
 [7480] "ENSG00000255671"  "ENSG00000287442"  "ENSG00000286402" 
 [7483] "ENSG00000286351"  "ENSG00000246331"  "ENSG00000258119" 
 [7486] "ENSG00000274979"  "ENSG00000273805"  "ENSG00000257634" 
 [7489] "ENSG00000269514"  "ENSG00000276390"  "ENSG00000257378" 
 [7492] "ENSG00000273049"  "ENSG00000258096"  "ENSG00000257534" 
 [7495] "ENSG00000286563"  "ENSG00000285528"  "ENSG00000257265" 
 [7498] "ENSG00000286279"  "ENSG00000278475"  "ENSG00000257165" 
 [7501] "ENSG00000257808"  "ENSG00000260470"  "ENSG00000255652" 
 [7504] "ENSG00000255745"  "ENSG00000245651"  "ENSG00000256879" 
 [7507] "ENSG00000257948"  "ENSG00000276136"  "ENSG00000258178" 
 [7510] "ENSG00000258077"  "ENSG00000249753"  "ENSG00000257475" 
 [7513] "ENSG00000257830"  "ENSG00000258088"  "ENSG00000286043" 
 [7516] "ENSG00000258214"  "ENSG00000276727"  "ENSG00000248576" 
 [7519] "ENSG00000258302"  "ENSG00000273765"  "ENSG00000258170" 
 [7522] "ENSG00000277738"  "ENSG00000286576"  "ENSG00000257235" 
 [7525] "ENSG00000257400"  "ENSG00000258035"  "ENSG00000288102" 
 [7528] "ENSG00000271259"  "ENSG00000258365"  "ENSG00000285191" 
 [7531] "ENSG00000257953"  "ENSG00000258312"  "ENSG00000257454" 
 [7534] "ENSG00000257239"  "ENSG00000286591"  "ENSG00000257252" 
 [7537] "ENSG00000257183"  "ENSG00000258338"  "ENSG00000258066" 
 [7540] "ENSG00000258303"  "ENSG00000257837"  "ENSG00000257194" 
 [7543] "ENSG00000258048"  "ENSG00000258162"  "ENSG00000247363" 
 [7546] "ENSG00000256571"  "ENSG00000257434"  "ENSG00000274021" 
 [7549] "ENSG00000257256"  "ENSG00000274902"  "ENSG00000277130" 
 [7552] "ENSG00000258084"  "ENSG00000257787"  "ENSG00000257729" 
 [7555] "ENSG00000258064"  "ENSG00000287051"  "ENSG00000257431" 
 [7558] "ENSG00000257496"  "ENSG00000257202"  "ENSG00000258185" 
 [7561] "ENSG00000257337"  "ENSG00000258068"  "ENSG00000257283" 
 [7564] "ENSG00000288530"  "ENSG00000257829"  "ENSG00000257835" 
 [7567] "ENSG00000257824"  "ENSG00000258234"  "ENSG00000257989" 
 [7570] "ENSG00000286608"  "ENSG00000287537"  "ENSG00000257191" 
 [7573] "ENSG00000275481"  "ENSG00000257746"  "ENSG00000257322" 
 [7576] "ENSG00000258253"  "ENSG00000258044"  "ENSG00000257124" 
 [7579] "ENSG00000286259"  "ENSG00000277595"  "ENSG00000257764" 
 [7582] "ENSG00000257515"  "ENSG00000258137"  "ENSG00000257438" 
 [7585] "ENSG00000257879"  "ENSG00000245904"  "ENSG00000276454" 
 [7588] "ENSG00000258026"  "ENSG00000288092"  "ENSG00000257530" 
 [7591] "ENSG00000257682"  "ENSG00000260597"  "ENSG00000258086" 
 [7594] "ENSG00000271382"  "ENSG00000258125"  "ENSG00000271327" 
 [7597] "ENSG00000277342"  "ENSG00000286107"  "ENSG00000256915" 
 [7600] "ENSG00000256325"  "ENSG00000257253"  "ENSG00000257849" 
 [7603] "ENSG00000287957"  "ENSG00000275228"  "ENSG00000257519" 
 [7606] "ENSG00000257514"  "ENSG00000257517"  "ENSG00000257587" 
 [7609] "ENSG00000286903"  "ENSG00000257325"  "ENSG00000257894" 
 [7612] "ENSG00000286069"  "ENSG00000257878"  "ENSG00000257761" 
 [7615] "ENSG00000286056"  "ENSG00000277299"  "ENSG00000257703" 
 [7618] "ENSG00000258337"  "ENSG00000257222"  "ENSG00000258272" 
 [7621] "ENSG00000256546"  "ENSG00000260329"  "ENSG00000258240" 
 [7624] "ENSG00000256569"  "ENSG00000274029"  "ENSG00000271579" 
 [7627] "ENSG00000283459"  "ENSG00000270482"  "ENSG00000257181" 
 [7630] "ENSG00000257373"  "ENSG00000274560"  "ENSG00000257470" 
 [7633] "ENSG00000258007"  "ENSG00000257526"  "ENSG00000247903" 
 [7636] "ENSG00000258216"  "ENSG00000258131"  "ENSG00000277840" 
 [7639] "ENSG00000255686"  "ENSG00000257359"  "ENSG00000257543" 
 [7642] "ENSG00000258294"  "ENSG00000256442"  "ENSG00000286434" 
 [7645] "ENSG00000274315"  "ENSG00000253284"  "ENSG00000257568" 
 [7648] "ENSG00000270048"  "ENSG00000255886"  "ENSG00000274598" 
 [7651] "ENSG00000258177"  "ENSG00000256101"  "ENSG00000276900" 
 [7654] "ENSG00000276308"  "ENSG00000258308"  "ENSG00000258355" 
 [7657] "ENSG00000250166"  "ENSG00000249028"  "ENSG00000286678" 
 [7660] "ENSG00000258053"  "ENSG00000287030"  "ENSG00000257545" 
 [7663] "ENSG00000256234"  "ENSG00000257940"  "ENSG00000257603" 
 [7666] "ENSG00000258115"  "ENSG00000256811"  "ENSG00000257294" 
 [7669] "ENSG00000287237"  "ENSG00000258140"  "ENSG00000278095" 
 [7672] "ENSG00000286476"  "ENSG00000257407"  "ENSG00000278112" 
 [7675] "ENSG00000269997"  "ENSG00000286504"  "ENSG00000258313" 
 [7678] "ENSG00000287136"  "ENSG00000274670"  "ENSG00000257995" 
 [7681] "ENSG00000277715"  "ENSG00000270130"  "ENSG00000258435" 
 [7684] "ENSG00000276972"  "ENSG00000278084"  "ENSG00000274964" 
 [7687] "ENSG00000257910"  "ENSG00000256298"  "ENSG00000256001" 
 [7690] "ENSG00000255946"  "ENSG00000257548"  "ENSG00000235872" 
 [7693] "ENSG00000273680"  "ENSG00000257997"  "ENSG00000287454" 
 [7696] "ENSG00000287229"  "ENSG00000269938"  "ENSG00000287493" 
 [7699] "ENSG00000287014"  "ENSG00000256071"  "ENSG00000257410" 
 [7702] "ENSG00000258172"  "ENSG00000256312"  "ENSG00000286907" 
 [7705] "ENSG00000257863"  "ENSG00000251536"  "ENSG00000267285" 
 [7708] "ENSG00000274859"  "ENSG00000257696"  "ENSG00000256343" 
 [7711] "ENSG00000256810"  "ENSG00000256950"  "ENSG00000256988" 
 [7714] "ENSG00000255968"  "ENSG00000270061"  "ENSG00000255750" 
 [7717] "ENSG00000248636"  "ENSG00000286493"  "ENSG00000258225" 
 [7720] "ENSG00000258274"  "ENSG00000256364"  "ENSG00000256149" 
 [7723] "ENSG00000277173"  "ENSG00000281333"  "ENSG00000273989" 
 [7726] "ENSG00000257715"  "ENSG00000270095"  "ENSG00000257386" 
 [7729] "ENSG00000257456"  "ENSG00000277423"  "ENSG00000277283" 
 [7732] "ENSG00000255595"  "ENSG00000286008"  "ENSG00000257890" 
 [7735] "ENSG00000257958"  "ENSG00000275759"  "ENSG00000274427" 
 [7738] "ENSG00000261650"  "ENSG00000255856"  "ENSG00000257918" 
 [7741] "ENSG00000282964"  "ENSG00000277011"  "ENSG00000278011" 
 [7744] "ENSG00000286248"  "ENSG00000276115"  "ENSG00000256825" 
 [7747] "ENSG00000260030"  "ENSG00000287714"  "ENSG00000274874" 
 [7750] "ENSG00000257500"  "ENSG00000276188"  "ENSG00000257433" 
 [7753] "ENSG00000287311"  "ENSG00000257443"  "ENSG00000277873" 
 [7756] "ENSG00000276122"  "ENSG00000257474"  "ENSG00000256943" 
 [7759] "ENSG00000287365"  "ENSG00000249388"  "ENSG00000277223" 
 [7762] "ENSG00000256085"  "ENSG00000257781"  "ENSG00000276487" 
 [7765] "ENSG00000258034"  "ENSG00000257286"  "ENSG00000256542" 
 [7768] "ENSG00000256250"  "ENSG00000256204"  "ENSG00000250280" 
 [7771] "ENSG00000256299"  "ENSG00000250748"  "ENSG00000256695" 
 [7774] "ENSG00000286386"  "ENSG00000259862"  "ENSG00000256273" 
 [7777] "ENSG00000277566"  "ENSG00000255916"  "ENSG00000236617" 
 [7780] "ENSG00000286016"  "ENSG00000256732"  "ENSG00000273824" 
 [7783] "ENSG00000275389"  "ENSG00000257711"  "ENSG00000257000" 
 [7786] "ENSG00000256596"  "ENSG00000250790"  "ENSG00000256484" 
 [7789] "ENSG00000286067"  "ENSG00000286991"  "ENSG00000255944" 
 [7792] "ENSG00000286049"  "ENSG00000286586"  "ENSG00000287982" 
 [7795] "ENSG00000256417"  "ENSG00000256064"  "ENSG00000274695" 
 [7798] "ENSG00000287792"  "ENSG00000275936"  "ENSG00000255866" 
 [7801] "ENSG00000257025"  "ENSG00000274292"  "ENSG00000275232" 
 [7804] "ENSG00000257817"  "ENSG00000286520"  "ENSG00000286394" 
 [7807] "ENSG00000286246"  "ENSG00000256008"  "ENSG00000272849" 
 [7810] "ENSG00000256286"  "ENSG00000286354"  "ENSG00000286410" 
 [7813] "ENSG00000258343"  "ENSG00000287112"  "ENSG00000275409" 
 [7816] "ENSG00000276292"  "ENSG00000258117"  "ENSG00000272369" 
 [7819] "ENSG00000258346"  "ENSG00000286791"  "ENSG00000257327" 
 [7822] "ENSG00000257925"  "ENSG00000278266"  "ENSG00000256218" 
 [7825] "ENSG00000276693"  "ENSG00000258181"  "ENSG00000256714" 
 [7828] "ENSG00000258830"  "ENSG00000287622"  "ENSG00000286233" 
 [7831] "ENSG00000256137"  "ENSG00000287339"  "ENSG00000257767" 
 [7834] "ENSG00000286895"  "ENSG00000286922"  "ENSG00000256146" 
 [7837] "ENSG00000256209"  "ENSG00000271963"  "ENSG00000258108" 
 [7840] "ENSG00000286462"  "ENSG00000257754"  "ENSG00000257726" 
 [7843] "ENSG00000275097"  "ENSG00000286662"  "ENSG00000255945" 
 [7846] "ENSG00000288523"  "ENSG00000285627"  "ENSG00000287698" 
 [7849] "ENSG00000256706"  "ENSG00000203593"  "ENSG00000282022" 
 [7852] "ENSG00000257105"  "ENSG00000256427"  "ENSG00000258254" 
 [7855] "ENSG00000258001"  "ENSG00000287200"  "ENSG00000285133" 
 [7858] "ENSG00000224713"  "ENSG00000287908"  "ENSG00000257342" 
 [7861] "ENSG00000257921"  "ENSG00000270039"  "ENSG00000269903" 
 [7864] "ENSG00000258167"  "ENSG00000266923"  "ENSG00000256861" 
 [7867] "ENSG00000256967"  "ENSG00000285770"  "ENSG00000255572" 
 [7870] "ENSG00000247131"  "ENSG00000258052"  "ENSG00000257241" 
 [7873] "ENSG00000287132"  "ENSG00000285704"  "ENSG00000250132" 
 [7876] "ENSG00000249094"  "ENSG00000257354"  "ENSG00000275180" 
 [7879] "ENSG00000255648"  "ENSG00000257452"  "ENSG00000111780" 
 [7882] "ENSG00000278344"  "ENSG00000272822"  "ENSG00000258283" 
 [7885] "ENSG00000257346"  "ENSG00000258017"  "ENSG00000219410" 
 [7888] "ENSG00000270068"  "ENSG00000269892"  "ENSG00000275703" 
 [7891] "ENSG00000272173"  "ENSG00000271969"  "ENSG00000284934" 
 [7894] "ENSG00000257329"  "ENSG00000257453"  "ENSG00000257839" 
 [7897] "ENSG00000257390"  "ENSG00000257509"  "ENSG00000273973" 
 [7900] "ENSG00000258554"  "ENSG00000287715"  "ENSG00000268069" 
 [7903] "ENSG00000276691"  "ENSG00000274737"  "ENSG00000205537" 
 [7906] "ENSG00000278385"  "ENSG00000258203"  "ENSG00000257985" 
 [7909] "ENSG00000257955"  "ENSG00000276814"  "ENSG00000255839" 
 [7912] "ENSG00000286092"  "ENSG00000257095"  "ENSG00000256884" 
 [7915] "ENSG00000256609"  "ENSG00000256311"  "ENSG00000248100" 
 [7918] "ENSG00000256377"  "ENSG00000276261"  "ENSG00000256504" 
 [7921] "ENSG00000256747"  "ENSG00000256512"  "ENSG00000277945" 
 [7924] "ENSG00000256083"  "ENSG00000255775"  "ENSG00000287202" 
 [7927] "ENSG00000257221"  "ENSG00000286869"  "ENSG00000256306" 
 [7930] "ENSG00000277935"  "ENSG00000287928"  "ENSG00000258449" 
 [7933] "ENSG00000276842"  "ENSG00000274987"  "ENSG00000275197" 
 [7936] "ENSG00000278743"  "ENSG00000258168"  "ENSG00000277247" 
 [7939] "ENSG00000256139"  "ENSG00000255655"  "ENSG00000275265" 
 [7942] "ENSG00000274191"  "ENSG00000256249"  "ENSG00000256152" 
 [7945] "ENSG00000256028"  "ENSG00000260122"  "ENSG00000260473" 
 [7948] "ENSG00000261586"  "ENSG00000257663"  "ENSG00000257860" 
 [7951] "ENSG00000286197"  "ENSG00000257737"  "ENSG00000257766" 
 [7954] "ENSG00000257681"  "ENSG00000258921"  "ENSG00000258311" 
 [7957] "ENSG00000258056"  "ENSG00000275898"  "ENSG00000258249" 
 [7960] "ENSG00000257883"  "ENSG00000257654"  "ENSG00000275467" 
 [7963] "ENSG00000274554"  "ENSG00000256433"  "ENSG00000276718" 
 [7966] "ENSG00000285625"  "ENSG00000283536"  "ENSG00000288663" 
 [7969] "ENSG00000258344"  "ENSG00000276232"  "ENSG00000255966" 
 [7972] "ENSG00000269968"  "ENSG00000245667"  "ENSG00000285238" 
 [7975] "ENSG00000247853"  "ENSG00000274943"  "ENSG00000257225" 
 [7978] "ENSG00000255692"  "ENSG00000286258"  "ENSG00000257732" 
 [7981] "ENSG00000257279"  "ENSG00000277895"  "ENSG00000256199" 
 [7984] "ENSG00000256670"  "ENSG00000225195"  "ENSG00000256314" 
 [7987] "ENSG00000285901"  "ENSG00000287618"  "ENSG00000255817" 
 [7990] "ENSG00000255629"  "ENSG00000288665"  "ENSG00000288591" 
 [7993] "ENSG00000286682"  "ENSG00000198671"  "ENSG00000276853" 
 [7996] "ENSG00000214650"  "ENSG00000287242"  "ENSG00000274156" 
 [7999] "ENSG00000274797"  "ENSG00000278126"  "ENSG00000256258" 
 [8002] "ENSG00000287639"  "ENSG00000249926"  "ENSG00000255933" 
 [8005] "ENSG00000256955"  "ENSG00000255992"  "ENSG00000273568" 
 [8008] "ENSG00000274373"  "ENSG00000256783"  "ENSG00000256875" 
 [8011] "ENSG00000277186"  "ENSG00000256632"  "ENSG00000257429" 
 [8014] "ENSG00000255644"  "ENSG00000257022"  "ENSG00000275567" 
 [8017] "ENSG00000278351"  "ENSG00000257657"  "ENSG00000273015" 
 [8020] "ENSG00000276148"  "ENSG00000274105"  "ENSG00000275854" 
 [8023] "ENSG00000258210"  "ENSG00000257268"  "ENSG00000258101" 
 [8026] "ENSG00000258232"  "ENSG00000258334"  "ENSG00000273890" 
 [8029] "ENSG00000257449"  "ENSG00000257411"  "ENSG00000257553" 
 [8032] "ENSG00000258345"  "ENSG00000258317"  "ENSG00000257809" 
 [8035] "ENSG00000258199"  "ENSG00000258260"  "ENSG00000144785" 
 [8038] "ENSG00000257303"  "ENSG00000257740"  "ENSG00000286950" 
 [8041] "ENSG00000274976"  "ENSG00000257653"  "ENSG00000269980" 
 [8044] "ENSG00000256814"  "ENSG00000287240"  "ENSG00000228144" 
 [8047] "ENSG00000256072"  "ENSG00000257083"  "ENSG00000288623" 
 [8050] "ENSG00000275963"  "ENSG00000257004"  "ENSG00000256658" 
 [8053] "ENSG00000273987"  "ENSG00000257497"  "ENSG00000257009" 
 [8056] "ENSG00000258235"  "ENSG00000257435"  "ENSG00000258121" 
 [8059] "ENSG00000257870"  "ENSG00000255670"  "ENSG00000256011" 
 [8062] "ENSG00000278255"  "ENSG00000285555"  "ENSG00000285734" 
 [8065] "ENSG00000257458"  "ENSG00000258039"  "ENSG00000287675" 
 [8068] "ENSG00000274227"  "ENSG00000258323"  "ENSG00000257494" 
 [8071] "ENSG00000288710"  "ENSG00000257579"  "ENSG00000258136" 
 [8074] "ENSG00000257398"  "ENSG00000286209"  "ENSG00000257379" 
 [8077] "ENSG00000270175"  "ENSG00000257550"  "ENSG00000285692" 
 [8080] "ENSG00000275964"  "ENSG00000231358"  "ENSG00000285840" 
 [8083] "ENSG00000288103"  "ENSG00000283579"  "ENSG00000238185" 
 [8086] "ENSG00000287887"  "ENSG00000234535"  "ENSG00000288542" 
 [8089] "ENSG00000273167"  "ENSG00000277020"  "ENSG00000286286" 
 [8092] "ENSG00000285806"  "ENSG00000275202"  "ENSG00000286779" 
 [8095] "ENSG00000287274"  "ENSG00000270522"  "ENSG00000273552" 
 [8098] "ENSG00000273507"  "ENSG00000243008"  "ENSG00000287460" 
 [8101] "ENSG00000229791"  "ENSG00000232986"  "ENSG00000277047" 
 [8104] "ENSG00000223732"  "ENSG00000287842"  "ENSG00000286709" 
 [8107] "ENSG00000260509"  "ENSG00000274001"  "ENSG00000276854" 
 [8110] "ENSG00000279325"  "ENSG00000274090"  "ENSG00000271901" 
 [8113] "ENSG00000237378"  "ENSG00000285935"  "ENSG00000287128" 
 [8116] "ENSG00000287376"  "ENSG00000286537"  "ENSG00000287722" 
 [8119] "ENSG00000287029"  "ENSG00000286469"  "ENSG00000277386" 
 [8122] "ENSG00000281883"  "ENSG00000230490"  "ENSG00000217576" 
 [8125] "ENSG00000285588"  "ENSG00000287837"  "ENSG00000273919" 
 [8128] "ENSG00000278722"  "ENSG00000284809"  "ENSG00000288015" 
 [8131] "ENSG00000287876"  "ENSG00000287996"  "ENSG00000287880" 
 [8134] "ENSG00000273550"  "ENSG00000285742"  "ENSG00000271776" 
 [8137] "ENSG00000285764"  "ENSG00000281167"  "ENSG00000286395" 
 [8140] "ENSG00000287247"  "ENSG00000287477"  "ENSG00000266505" 
 [8143] "ENSG00000235625"  "ENSG00000286330"  "ENSG00000286746" 
 [8146] "ENSG00000285902"  "ENSG00000285566"  "ENSG00000279463" 
 [8149] "ENSG00000285680"  "ENSG00000285834"  "ENSG00000284196" 
 [8152] "ENSG00000287861"  "ENSG00000177596"  "ENSG00000287270" 
 [8155] "ENSG00000288038"  "ENSG00000287635"  "ENSG00000288016" 
 [8158] "ENSG00000276527"  "ENSG00000276672"  "ENSG00000226619" 
 [8161] "ENSG00000272046"  "ENSG00000285929"  "ENSG00000274331" 
 [8164] "ENSG00000233379"  "ENSG00000285699"  "ENSG00000286544" 
 [8167] "ENSG00000272515"  "ENSG00000287456"  "ENSG00000277863" 
 [8170] "ENSG00000230731"  "ENSG00000274718"  "ENSG00000226134" 
 [8173] "ENSG00000285672"  "ENSG00000285684"  "ENSG00000287546" 
 [8176] "ENSG00000272329"  "ENSG00000287438"  "ENSG00000282997" 
 [8179] "ENSG00000286843"  "ENSG00000287734"  "ENSG00000224356" 
 [8182] "ENSG00000228573"  "ENSG00000275741"  "ENSG00000276012" 
 [8185] "ENSG00000283347"  "ENSG00000287330"  "ENSG00000286446" 
 [8188] "ENSG00000276434"  "ENSG00000287575"  "ENSG00000286385" 
 [8191] "ENSG00000285448"  "ENSG00000288060"  "ENSG00000284966" 
 [8194] "ENSG00000278698"  "ENSG00000223576"  "ENSG00000287159" 
 [8197] "ENSG00000277831"  "ENSG00000285773"  "ENSG00000280710" 
 [8200] "ENSG00000275248"  "ENSG00000286343"  "ENSG00000288001" 
 [8203] "ENSG00000274204"  "ENSG00000269125"  "ENSG00000285534" 
 [8206] "ENSG00000285572"  "ENSG00000286422"  "ENSG00000287923" 
 [8209] "ENSG00000285789"  "ENSG00000270725"  "ENSG00000229309" 
 [8212] "ENSG00000286780"  "ENSG00000285811"  "ENSG00000275830" 
 [8215] "ENSG00000285621"  "ENSG00000286284"  "ENSG00000276809" 
 [8218] "ENSG00000287018"  "ENSG00000276740"  "ENSG00000204398" 
 [8221] "ENSG00000286906"  "ENSG00000283828"  "ENSG00000269189" 
 [8224] "ENSG00000275216"  "ENSG00000269599"  "ENSG00000260385" 
 [8227] "ENSG00000288581"  "ENSG00000197991"  "ENSG00000276269" 
 [8230] "ENSG00000276916"  "ENSG00000285643"  "ENSG00000286757" 
 [8233] "ENSG00000278177"  "ENSG00000276248"  "ENSG00000232252" 
 [8236] "ENSG00000280169"  "ENSG00000286820"  "ENSG00000287746" 
 [8239] "ENSG00000280455"  "ENSG00000232636"  "ENSG00000288552" 
 [8242] "ENSG00000287357"  "ENSG00000262198"  "ENSG00000283075" 
 [8245] "ENSG00000277684"  "ENSG00000287599"  "ENSG00000274929" 
 [8248] "ENSG00000274270"  "ENSG00000286191"  "ENSG00000274652" 
 [8251] "ENSG00000287530"  "SPATA13.1"        "ENSG00000270008" 
 [8254] "ENSG00000231856"  "ENSG00000287863"  "ENSG00000277228" 
 [8257] "ENSG00000276957"  "ENSG00000286312"  "ENSG00000272542" 
 [8260] "ENSG00000278445"  "ENSG00000237699"  "ENSG00000274766" 
 [8263] "ENSG00000276968"  "ENSG00000225203"  "ENSG00000261553" 
 [8266] "ENSG00000228444"  "ENSG00000273149"  "ENSG00000228886" 
 [8269] "ENSG00000277246"  "ENSG00000283384"  "ENSG00000278462" 
 [8272] "ENSG00000275880"  "ENSG00000278390"  "ENSG00000277662" 
 [8275] "ENSG00000288600"  "ENSG00000288598"  "ENSG00000231530" 
 [8278] "ENSG00000286334"  "ENSG00000286416"  "ENSG00000276573" 
 [8281] "ENSG00000276704"  "ENSG00000278291"  "ENSG00000275485" 
 [8284] "ENSG00000278305"  "ENSG00000287904"  "ENSG00000277151" 
 [8287] "ENSG00000261728"  "ENSG00000287650"  "ENSG00000276436" 
 [8290] "ENSG00000286929"  "ENSG00000273523"  "ENSG00000277368" 
 [8293] "ENSG00000277767"  "ENSG00000286824"  "ENSG00000285856" 
 [8296] "ENSG00000285444"  "ENSG00000278727"  "ENSG00000283208" 
 [8299] "ENSG00000274898"  "ENSG00000288716"  "ENSG00000285714" 
 [8302] "ENSG00000277159"  "ENSG00000274922"  "ENSG00000277545" 
 [8305] "ENSG00000267868"  "ENSG00000269356"  "ENSG00000269376" 
 [8308] "ENSG00000278238"  "ENSG00000273784"  "ENSG00000258265" 
 [8311] "ENSG00000275563"  "ENSG00000277128"  "ENSG00000257959" 
 [8314] "ENSG00000258314"  "ENSG00000251002"  "ENSG00000257310" 
 [8317] "ENSG00000257904"  "ENSG00000258364"  "ENSG00000259135" 
 [8320] "ENSG00000286527"  "ENSG00000257155"  "ENSG00000250365" 
 [8323] "ENSG00000248975"  "ENSG00000286099"  "ENSG00000258690" 
 [8326] "ENSG00000288100"  "ENSG00000258196"  "ENSG00000257472" 
 [8329] "ENSG00000287492"  "ENSG00000282885"  "ENSG00000258850" 
 [8332] "ENSG00000278147"  "ENSG00000258601"  "ENSG00000259042" 
 [8335] "ENSG00000258868"  "ENSG00000258636"  "ENSG00000258803" 
 [8338] "ENSG00000258790"  "ENSG00000278002"  "ENSG00000258342" 
 [8341] "ENSG00000249163"  "ENSG00000258782"  "ENSG00000258747" 
 [8344] "ENSG00000285608"  "ENSG00000259072"  "ENSG00000258592" 
 [8347] "ENSG00000287156"  "ENSG00000259087"  "ENSG00000258854" 
 [8350] "ENSG00000258670"  "ENSG00000258943"  "ENSG00000259111" 
 [8353] "ENSG00000262119"  "ENSG00000287481"  "ENSG00000258386" 
 [8356] "ENSG00000259049"  "ENSG00000259133"  "ENSG00000258847" 
 [8359] "ENSG00000258827"  "ENSG00000258751"  "ENSG00000258731" 
 [8362] "ENSG00000258414"  "ENSG00000286730"  "ENSG00000232774" 
 [8365] "ENSG00000258535"  "ENSG00000258892"  "ENSG00000258428" 
 [8368] "ENSG00000247287"  "ENSG00000272909"  "ENSG00000258400" 
 [8371] "ENSG00000287643"  "ENSG00000287833"  "ENSG00000258760" 
 [8374] "ENSG00000286423"  "ENSG00000258520"  "ENSG00000258926" 
 [8377] "ENSG00000261120"  "ENSG00000258957"  "ENSG00000225680" 
 [8380] "ENSG00000258490"  "ENSG00000287310"  "ENSG00000258660" 
 [8383] "ENSG00000286424"  "ENSG00000258989"  "ENSG00000258559" 
 [8386] "ENSG00000277651"  "ENSG00000258695"  "ENSG00000258944" 
 [8389] "ENSG00000258653"  "ENSG00000258553"  "ENSG00000254718" 
 [8392] "ENSG00000273711"  "ENSG00000259146"  "ENSG00000258824" 
 [8395] "ENSG00000259124"  "ENSG00000258813"  "ENSG00000259093" 
 [8398] "ENSG00000259033"  "ENSG00000259055"  "ENSG00000258561" 
 [8401] "ENSG00000259907"  "ENSG00000269945"  "ENSG00000203546" 
 [8404] "ENSG00000258958"  "ENSG00000269927"  "ENSG00000270000" 
 [8407] "ENSG00000273797"  "ENSG00000258603"  "ENSG00000258569" 
 [8410] "ENSG00000258683"  "ENSG00000259483"  "ENSG00000259008" 
 [8413] "ENSG00000258426"  "ENSG00000258422"  "ENSG00000251393" 
 [8416] "ENSG00000260046"  "ENSG00000258376"  "ENSG00000258443" 
 [8419] "ENSG00000266869"  "ENSG00000285633"  "ENSG00000258526" 
 [8422] "ENSG00000258935"  "ENSG00000259319"  "ENSG00000285966" 
 [8425] "ENSG00000258740"  "ENSG00000286595"  "ENSG00000258600" 
 [8428] "ENSG00000258580"  "ENSG00000285826"  "ENSG00000258517" 
 [8431] "ENSG00000259077"  "ENSG00000285612"  "ENSG00000259005" 
 [8434] "ENSG00000258845"  "ENSG00000258450"  "ENSG00000258377" 
 [8437] "ENSG00000257900"  "ENSG00000259081"  "ENSG00000258928" 
 [8440] "ENSG00000286464"  "ENSG00000286479"  "ENSG00000258558" 
 [8443] "ENSG00000259868"  "ENSG00000287663"  "ENSG00000277050" 
 [8446] "ENSG00000259061"  "ENSG00000259044"  "ENSG00000258696" 
 [8449] "ENSG00000286123"  "ENSG00000286355"  "ENSG00000258757" 
 [8452] "ENSG00000286257"  "ENSG00000258649"  "ENSG00000286437" 
 [8455] "ENSG00000258985"  "ENSG00000258496"  "ENSG00000259002" 
 [8458] "ENSG00000257891"  "ENSG00000259065"  "ENSG00000259969" 
 [8461] "ENSG00000259149"  "ENSG00000277763"  "ENSG00000258820" 
 [8464] "ENSG00000259007"  "ENSG00000277801"  "ENSG00000258633" 
 [8467] "ENSG00000259048"  "ENSG00000259058"  "ENSG00000259126" 
 [8470] "ENSG00000229402"  "ENSG00000275198"  "ENSG00000258949" 
 [8473] "ENSG00000258752"  "ENSG00000258975"  "ENSG00000287990" 
 [8476] "ENSG00000259035"  "ENSG00000275569"  "ENSG00000258798" 
 [8479] "ENSG00000258460"  "ENSG00000258875"  "ENSG00000258749" 
 [8482] "ENSG00000257622"  "ENSG00000258729"  "ENSG00000287459" 
 [8485] "ENSG00000258473"  "ENSG00000258792"  "ENSG00000259088" 
 [8488] "ENSG00000258407"  "ENSG00000258394"  "ENSG00000258424" 
 [8491] "ENSG00000285006"  "ENSG00000258380"  "ENSG00000278396" 
 [8494] "ENSG00000286636"  "ENSG00000258497"  "ENSG00000259052" 
 [8497] "ENSG00000288045"  "ENSG00000258942"  "ENSG00000237356" 
 [8500] "ENSG00000286582"  "ENSG00000259036"  "ENSG00000258620" 
 [8503] "ENSG00000259028"  "ENSG00000258610"  "ENSG00000259164" 
 [8506] "ENSG00000287501"  "ENSG00000260810"  "ENSG00000270038" 
 [8509] "ENSG00000258572"  "ENSG00000284930"  "ENSG00000259097" 
 [8512] "ENSG00000259166"  "ENSG00000259039"  "ENSG00000259084" 
 [8515] "ENSG00000287437"  "ENSG00000259053"  "ENSG00000258504" 
 [8518] "ENSG00000258666"  "ENSG00000258693"  "ENSG00000258811" 
 [8521] "ENSG00000247970"  "ENSG00000259515"  "ENSG00000256705" 
 [8524] "ENSG00000258698"  "ENSG00000258927"  "ENSG00000258919" 
 [8527] "ENSG00000258987"  "ENSG00000259789"  "ENSG00000258379" 
 [8530] "ENSG00000259508"  "ENSG00000258593"  "ENSG00000257270" 
 [8533] "ENSG00000258904"  "ENSG00000258807"  "ENSG00000257341" 
 [8536] "ENSG00000258560"  "ENSG00000258672"  "ENSG00000258793" 
 [8539] "ENSG00000235785"  "ENSG00000258748"  "ENSG00000287991" 
 [8542] "ENSG00000259163"  "ENSG00000259067"  "ENSG00000258383" 
 [8545] "ENSG00000258437"  "ENSG00000258784"  "ENSG00000258534" 
 [8548] "ENSG00000258844"  "ENSG00000258598"  "ENSG00000258716" 
 [8551] "ENSG00000258699"  "ENSG00000258703"  "ENSG00000258691" 
 [8554] "ENSG00000258776"  "ENSG00000258081"  "ENSG00000286607" 
 [8557] "ENSG00000273729"  "ENSG00000251602"  "ENSG00000258412" 
 [8560] "ENSG00000258521"  "ENSG00000271201"  "ENSG00000287346" 
 [8563] "ENSG00000285518"  "ENSG00000274818"  "ENSG00000258738" 
 [8566] "ENSG00000288459"  "ENSG00000258891"  "ENSG00000270140" 
 [8569] "ENSG00000285664"  "ENSG00000259998"  "ENSG00000258538" 
 [8572] "ENSG00000287004"  "ENSG00000258982"  "ENSG00000259003" 
 [8575] "ENSG00000275552"  "ENSG00000258458"  "ENSG00000257285" 
 [8578] "ENSG00000259132"  "ENSG00000258457"  "ENSG00000259018" 
 [8581] "ENSG00000258444"  "ENSG00000273618"  "ENSG00000258727" 
 [8584] "ENSG00000274002"  "ENSG00000258464"  "ENSG00000285727" 
 [8587] "ENSG00000286931"  "ENSG00000257275"  "ENSG00000258516" 
 [8590] "ENSG00000259066"  "ENSG00000258795"  "ENSG00000237342" 
 [8593] "ENSG00000259119"  "ENSG00000259113"  "ENSG00000269906" 
 [8596] "ENSG00000270062"  "ENSG00000258843"  "ENSG00000285747" 
 [8599] "ENSG00000258687"  "ENSG00000258745"  "ENSG00000258711" 
 [8602] "ENSG00000258646"  "ENSG00000259138"  "ENSG00000273565" 
 [8605] "ENSG00000287668"  "ENSG00000273259"  "ENSG00000288028" 
 [8608] "ENSG00000285205"  "ENSG00000274379"  "ENSG00000258753" 
 [8611] "ENSG00000285774"  "ENSG00000258768"  "ENSG00000258459" 
 [8614] "ENSG00000287735"  "ENSG00000259001"  "ENSG00000254846" 
 [8617] "ENSG00000258515"  "ENSG00000258908"  "ENSG00000259060" 
 [8620] "ENSG00000258573"  "ENSG00000259171"  "ENSG00000258810" 
 [8623] "ENSG00000259130"  "ENSG00000258642"  "ENSG00000258918" 
 [8626] "ENSG00000258772"  "ENSG00000136315"  "ENSG00000258471" 
 [8629] "ENSG00000258604"  "ENSG00000255472"  "ENSG00000178107" 
 [8632] "ENSG00000260830"  "ENSG00000260285"  "ENSG00000258851" 
 [8635] "ENSG00000256500"  "ENSG00000246451"  "ENSG00000270108" 
 [8638] "ENSG00000269910"  "ENSG00000269940"  "ENSG00000269958" 
 [8641] "ENSG00000259103"  "ENSG00000259444"  "ENSG00000288610" 
 [8644] "ENSG00000278071"  "ENSG00000259775"  "ENSG00000258866" 
 [8647] "ENSG00000259143"  "ENSG00000259037"  "ENSG00000258736" 
 [8650] "ENSG00000258858"  "ENSG00000258430"  "ENSG00000258983" 
 [8653] "ENSG00000258789"  "ENSG00000278576"  "ENSG00000274492" 
 [8656] "ENSG00000283627"  "ENSG00000261242"  "ENSG00000258800" 
 [8659] "ENSG00000274015"  "ENSG00000214770"  "ENSG00000284664" 
 [8662] "ENSG00000258717"  "ENSG00000258663"  "ENSG00000258399" 
 [8665] "ENSG00000230805"  "ENSG00000288302"  "ENSG00000286551" 
 [8668] "ENSG00000288252"  "ENSG00000288245"  "ENSG00000276888" 
 [8671] "ENSG00000273558"  "ENSG00000259069"  "ENSG00000257395" 
 [8674] "ENSG00000285467"  "ENSG00000259371"  "ENSG00000259321" 
 [8677] "ENSG00000259529"  "ENSG00000259522"  "ENSG00000287765" 
 [8680] "ENSG00000254692"  "ENSG00000276698"  "ENSG00000278784" 
 [8683] "ENSG00000260669"  "ENSG00000288044"  "ENSG00000286825" 
 [8686] "ENSG00000258973"  "ENSG00000273639"  "ENSG00000258481" 
 [8689] "ENSG00000286630"  "ENSG00000258682"  "ENSG00000258658" 
 [8692] "ENSG00000258378"  "ENSG00000248358"  "ENSG00000284959" 
 [8695] "ENSG00000286686"  "ENSG00000273783"  "ENSG00000224721" 
 [8698] "ENSG00000283629"  "ENSG00000258454"  "ENSG00000258402" 
 [8701] "ENSG00000286861"  "ENSG00000258466"  "ENSG00000283098" 
 [8704] "SFTA3.1"          "ENSG00000258661"  "ENSG00000286319" 
 [8707] "ENSG00000283464"  "ENSG00000258744"  "ENSG00000258657" 
 [8710] "ENSG00000258723"  "ENSG00000258719"  "ENSG00000258874" 
 [8713] "ENSG00000258478"  "ENSG00000258829"  "ENSG00000258419" 
 [8716] "ENSG00000258662"  "ENSG00000259106"  "ENSG00000287118" 
 [8719] "ENSG00000258637"  "ENSG00000258416"  "ENSG00000287913" 
 [8722] "ENSG00000276063"  "ENSG00000256357"  "ENSG00000260711" 
 [8725] "ENSG00000257096"  "ENSG00000259071"  "ENSG00000258857" 
 [8728] "ENSG00000271780"  "ENSG00000272444"  "ENSG00000257759" 
 [8731] "ENSG00000259115"  "ENSG00000245466"  "ENSG00000259153" 
 [8734] "ENSG00000275630"  "ENSG00000287153"  "ENSG00000287777" 
 [8737] "ENSG00000258702"  "ENSG00000287350"  "ENSG00000287772" 
 [8740] "ENSG00000288034"  "ENSG00000259026"  "ENSG00000258393" 
 [8743] "ENSG00000285830"  "ENSG00000259083"  "ENSG00000258940" 
 [8746] "ENSG00000258425"  "ENSG00000258976"  "ENSG00000258050" 
 [8749] "ENSG00000258413"  "ENSG00000258455"  "ENSG00000258837" 
 [8752] "ENSG00000287385"  "ENSG00000259038"  "ENSG00000258623" 
 [8755] "ENSG00000287167"  "ENSG00000285584"  "ENSG00000258860" 
 [8758] "ENSG00000259017"  "ENSG00000258938"  "ENSG00000257272" 
 [8761] "ENSG00000257614"  "ENSG00000257826"  "ENSG00000272158" 
 [8764] "ENSG00000259118"  "ENSG00000269883"  "ENSG00000259031" 
 [8767] "ENSG00000258576"  "ENSG00000257869"  "ENSG00000258028" 
 [8770] "ENSG00000257522"  "ENSG00000258107"  "ENSG00000286040" 
 [8773] "ENSG00000257120"  "ENSG00000287142"  "ENSG00000259116" 
 [8776] "ENSG00000259076"  "ENSG00000258525"  "ENSG00000257831" 
 [8779] "ENSG00000258902"  "ENSG00000205562"  "ENSG00000258945" 
 [8782] "ENSG00000286333"  "ENSG00000258871"  "ENSG00000285936" 
 [8785] "ENSG00000244620"  "ENSG00000258964"  "ENSG00000258842" 
 [8788] "ENSG00000258903"  "ENSG00000258410"  "ENSG00000259383" 
 [8791] "ENSG00000259152"  "ENSG00000286884"  "ENSG00000214265" 
 [8794] "ENSG00000287922"  "ENSG00000287482"  "ENSG00000261426" 
 [8797] "ENSG00000260780"  "ENSG00000259168"  "ENSG00000257647" 
 [8800] "ENSG00000260739"  "ENSG00000259443"  "ENSG00000281179" 
 [8803] "ENSG00000285472"  "ENSG00000287345"  "ENSG00000287122" 
 [8806] "ENSG00000286598"  "ENSG00000260986"  "ENSG00000281113" 
 [8809] "ENSG00000280703"  "ENSG00000278263"  "ENSG00000258853" 
 [8812] "ENSG00000278840"  "ENSG00000259906"  "ENSG00000258594" 
 [8815] "ENSG00000235518"  "ENSG00000258970"  "ENSG00000286110" 
 [8818] "ENSG00000268531"  "ENSG00000244952"  "ENSG00000284500" 
 [8821] "ENSG00000260959"  "ENSG00000259721"  "ENSG00000247765" 
 [8824] "ENSG00000281550"  "ENSG00000280655"  "ENSG00000259598" 
 [8827] "ENSG00000258654"  "ENSG00000259690"  "ENSG00000259269" 
 [8830] "ENSG00000278626"  "ENSG00000259011"  "ENSG00000273786" 
 [8833] "ENSG00000270055"  "GOLGA8M.1"        "ENSG00000259380" 
 [8836] "ENSG00000259254"  "ENSG00000259460"  "ENSG00000246283" 
 [8839] "ENSG00000287888"  "LINC02203.1"      "ENSG00000274444" 
 [8842] "ENSG00000259278"  "ENSG00000259731"  "ENSG00000276724" 
 [8845] "ENSG00000259587"  "ENSG00000274253"  "ENSG00000280881" 
 [8848] "ENSG00000259345"  "ENSG00000287280"  "ENSG00000259639" 
 [8851] "ENSG00000260648"  "ENSG00000262728"  "ENSG00000232394" 
 [8854] "ENSG00000285934"  "ENSG00000280118"  "ENSG00000259181" 
 [8857] "ENSG00000174171"  "ENSG00000259588"  "ENSG00000286786" 
 [8860] "ENSG00000259434"  "ENSG00000259730"  "ENSG00000261219" 
 [8863] "ENSG00000259390"  "ENSG00000259554"  "ENSG00000259204" 
 [8866] "ENSG00000259580"  "ENSG00000259584"  "ENSG00000259188" 
 [8869] "ENSG00000259198"  "ENSG00000225798"  "ENSG00000276473" 
 [8872] "ENSG00000245975"  "ENSG00000258461"  "ENSG00000287704" 
 [8875] "ENSG00000261069"  "ENSG00000259463"  "ENSG00000259326" 
 [8878] "ENSG00000276772"  "ENSG00000259255"  "ENSG00000259536" 
 [8881] "ENSG00000259336"  "ENSG00000286877"  "ENSG00000273855" 
 [8884] "ENSG00000259251"  "ENSG00000273674"  "ENSG00000259697" 
 [8887] "ENSG00000275636"  "ENSG00000260773"  "ENSG00000261823" 
 [8890] "ENSG00000245719"  "ENSG00000259364"  "ENSG00000274340" 
 [8893] "ENSG00000287020"  "ENSG00000287439"  "ENSG00000278769" 
 [8896] "ENSG00000259252"  "ENSG00000259309"  "ENSG00000259715" 
 [8899] "ENSG00000277144"  "ENSG00000249240"  "ENSG00000259616" 
 [8902] "ENSG00000259211"  "ENSG00000285919"  "ENSG00000259447" 
 [8905] "ENSG00000260392"  "ENSG00000277152"  "ENSG00000274995" 
 [8908] "ENSG00000259650"  "ENSG00000288068"  "ENSG00000259238" 
 [8911] "ENSG00000261296"  "ENSG00000259591"  "ENSG00000286696" 
 [8914] "ENSG00000259410"  "ENSG00000251161"  "ENSG00000274297" 
 [8917] "ENSG00000261822"  "ENSG00000260037"  "ENSG00000285942" 
 [8920] "ENSG00000285805"  "ENSG00000261775"  "ENSG00000261351" 
 [8923] "ENSG00000259499"  "ENSG00000259265"  "ENSG00000259503" 
 [8926] "ENSG00000259223"  "ENSG00000285863"  "ENSG00000261632" 
 [8929] "ENSG00000274937"  "ENSG00000259656"  "ENSG00000259222" 
 [8932] "ENSG00000286770"  "ENSG00000137808"  "ENSG00000261779" 
 [8935] "ENSG00000260892"  "ENSG00000261684"  "ENSG00000277749" 
 [8938] "ENSG00000287741"  "ENSG00000259624"  "ENSG00000275645" 
 [8941] "ENSG00000278493"  "ENSG00000259221"  "ENSG00000259595" 
 [8944] "ENSG00000274798"  "ENSG00000259235"  "ENSG00000203392" 
 [8947] "ENSG00000259368"  "ENSG00000278202"  "ENSG00000274515" 
 [8950] "ENSG00000259771"  "ENSG00000270036"  "ENSG00000260586" 
 [8953] "ENSG00000259422"  "ENSG00000260269"  "ENSG00000287543" 
 [8956] "ENSG00000259360"  "ENSG00000276524"  "ENSG00000273958" 
 [8959] "ENSG00000284803"  "ENSG00000274719"  "ENSG00000260274" 
 [8962] "ENSG00000261384"  "ENSG00000259474"  "ENSG00000257797" 
 [8965] "ENSG00000259353"  "ENSG00000260288"  "ENSG00000285331" 
 [8968] "ENSG00000287596"  "ENSG00000274403"  "ENSG00000278408" 
 [8971] "ENSG00000259268"  "ENSG00000261489"  "ENSG00000277790" 
 [8974] "ENSG00000285948"  "ENSG00000259362"  "ENSG00000248540" 
 [8977] "ENSG00000259740"  "ENSG00000261821"  "ENSG00000285253" 
 [8980] "ENSG00000259322"  "ENSG00000259200"  "ENSG00000259528" 
 [8983] "ENSG00000287494"  "ENSG00000259878"  "ENSG00000259423" 
 [8986] "ENSG00000277229"  "ENSG00000261606"  "ENSG00000287503" 
 [8989] "ENSG00000260409"  "ENSG00000277482"  "ENSG00000261543" 
 [8992] "ENSG00000276651"  "ENSG00000276278"  "ENSG00000286457" 
 [8995] "ENSG00000259285"  "ENSG00000259692"  "ENSG00000259432" 
 [8998] "ENSG00000275120"  "ENSG00000259476"  "ENSG00000261136" 
 [9001] "ENSG00000265967"  "ENSG00000285974"  "ENSG00000287408" 
 [9004] "ENSG00000259481"  "ENSG00000274128"  "ENSG00000250007" 
 [9007] "ENSG00000259735"  "ENSG00000261265"  "ENSG00000259180" 
 [9010] "ENSG00000260206"  "ENSG00000258922"  "ENSG00000272418" 
 [9013] "ENSG00000259543"  "ENSG00000260361"  "ENSG00000258010" 
 [9016] "ENSG00000259530"  "ENSG00000277245"  "ENSG00000261478" 
 [9019] "ENSG00000259732"  "ENSG00000269951"  "ENSG00000287508" 
 [9022] "ENSG00000259635"  "ENSG00000287391"  "ENSG00000275343" 
 [9025] "ENSG00000271983"  "ENSG00000259420"  "ENSG00000259727" 
 [9028] "ENSG00000259756"  "ENSG00000264937"  "ENSG00000260957" 
 [9031] "ENSG00000259594"  "ENSG00000259564"  "ENSG00000259544" 
 [9034] "ENSG00000259762"  "ENSG00000260351"  "ENSG00000259575" 
 [9037] "ENSG00000259532"  "ENSG00000287926"  "ENSG00000258954" 
 [9040] "ENSG00000259700"  "ENSG00000286897"  "ENSG00000260235" 
 [9043] "ENSG00000259560"  "ENSG00000259175"  "ENSG00000258773" 
 [9046] "ENSG00000274667"  "ENSG00000258765"  "ENSG00000259805" 
 [9049] "ENSG00000259627"  "ENSG00000274281"  "ENSG00000259170" 
 [9052] "ENSG00000259986"  "ENSG00000261762"  "ENSG00000259713" 
 [9055] "ENSG00000277135"  "ENSG00000258489"  "ENSG00000259551" 
 [9058] "ENSG00000287813"  "ENSG00000275016"  "ENSG00000259370" 
 [9061] "ENSG00000287108"  "ENSG00000259941"  "ENSG00000274215" 
 [9064] "ENSG00000275965"  "ENSG00000259244"  "ENSG00000259661" 
 [9067] "ENSG00000259654"  "ENSG00000259407"  "ENSG00000287321" 
 [9070] "ENSG00000274294"  "ENSG00000287872"  "ENSG00000285661" 
 [9073] "ENSG00000285663"  "ENSG00000258631"  "ENSG00000270017" 
 [9076] "ENSG00000278013"  "ENSG00000259275"  "ENSG00000270919" 
 [9079] "ENSG00000273771"  "ENSG00000279765"  "ENSG00000259744" 
 [9082] "ENSG00000259702"  "ENSG00000259250"  "ENSG00000259672" 
 [9085] "ENSG00000272639"  "ENSG00000259579"  "ENSG00000272298" 
 [9088] "ENSG00000278022"  "ENSG00000260608"  "ENSG00000259602" 
 [9091] "ENSG00000285883"  "ENSG00000259652"  "ENSG00000259478" 
 [9094] "ENSG00000259495"  "ENSG00000271763"  "ENSG00000173867" 
 [9097] "ENSG00000232386"  "ENSG00000259617"  "ENSG00000259385" 
 [9100] "ENSG00000259376"  "ENSG00000258676"  "ENSG00000259582" 
 [9103] "ENSG00000260337"  "ENSG00000259708"  "ENSG00000259754" 
 [9106] "ENSG00000275454"  "ENSG00000278146"  "ENSG00000259755" 
 [9109] "ENSG00000259199"  "ENSG00000272808"  "ENSG00000259514" 
 [9112] "ENSG00000259542"  "ENSG00000287191"  "ENSG00000260661" 
 [9115] "ENSG00000287267"  "ENSG00000257060"  "ENSG00000261054" 
 [9118] "ENSG00000259621"  "ENSG00000259041"  "ENSG00000259583" 
 [9121] "ENSG00000287892"  "ENSG00000285700"  "ENSG00000273923" 
 [9124] "ENSG00000259604"  "ENSG00000258433"  "ENSG00000259359" 
 [9127] "ENSG00000256278"  "ENSG00000275443"  "ENSG00000278514" 
 [9130] "ENSG00000274312"  "ENSG00000259312"  "ENSG00000259475" 
 [9133] "ENSG00000259870"  "ENSG00000259367"  "ENSG00000259123" 
 [9136] "ENSG00000258831"  "ENSG00000259403"  "ENSG00000273792" 
 [9139] "ENSG00000286893"  "ENSG00000259276"  "ENSG00000261043" 
 [9142] "ENSG00000259341"  "ENSG00000259615"  "ENSG00000276744" 
 [9145] "ENSG00000259402"  "ENSG00000275322"  "ENSG00000259375" 
 [9148] "ENSG00000259453"  "ENSG00000259760"  "ENSG00000261616" 
 [9151] "ENSG00000259670"  "ENSG00000227161"  "ENSG00000259331" 
 [9154] "ENSG00000258888"  "ENSG00000258761"  "ENSG00000287950" 
 [9157] "ENSG00000259921"  "ENSG00000287000"  "ENSG00000259534" 
 [9160] "ENSG00000260836"  "ENSG00000284946"  "ENSG00000286917" 
 [9163] "ENSG00000258909"  "ENSG00000259320"  "ENSG00000258931" 
 [9166] "ENSG00000280036"  "ENSG00000259675"  "ENSG00000286495" 
 [9169] "ENSG00000278456"  "ENSG00000259767"  "ENSG00000273747" 
 [9172] "ENSG00000259555"  "ENSG00000259415"  "ENSG00000261529" 
 [9175] "ENSG00000274954"  "ENSG00000259201"  "ENSG00000259185" 
 [9178] "ENSG00000284772"  "ENSG00000275601"  "ENSG00000262560" 
 [9181] "ENSG00000275638"  "ENSG00000261544"  "ENSG00000260642" 
 [9184] "ENSG00000215304"  "ENSG00000259213"  "ENSG00000261244" 
 [9187] "ENSG00000261403"  "ENSG00000259792"  "ENSG00000260988" 
 [9190] "ENSG00000259694"  "ENSG00000259774"  "ENSG00000259468" 
 [9193] "ENSG00000261407"  "ENSG00000287717"  "ENSG00000259539" 
 [9196] "ENSG00000259519"  "ENSG00000259932"  "ENSG00000260035" 
 [9199] "ENSG00000259520"  "ENSG00000285597"  "ENSG00000275672" 
 [9202] "ENSG00000259342"  "ENSG00000259354"  "ENSG00000259681" 
 [9205] "ENSG00000275709"  "ENSG00000260170"  "ENSG00000273972" 
 [9208] "ENSG00000259684"  "ENSG00000288645"  "ENSG00000259773" 
 [9211] "ENSG00000259546"  "ENSG00000259649"  "ENSG00000260619" 
 [9214] "ENSG00000277782"  "ENSG00000285667"  "ENSG00000286505" 
 [9217] "ENSG00000276702"  "ENSG00000259408"  "ENSG00000259287" 
 [9220] "ENSG00000278472"  "ENSG00000287840"  "ENSG00000275580" 
 [9223] "ENSG00000276593"  "ENSG00000259589"  "ENSG00000259351" 
 [9226] "ENSG00000259682"  "ENSG00000259316"  "ENSG00000260693" 
 [9229] "ENSG00000270016"  "ENSG00000269930"  "ENSG00000247728" 
 [9232] "ENSG00000284906"  "ENSG00000187951"  "ENSG00000285080" 
 [9235] "ENSG00000285117"  "ENSG00000261687"  "ENSG00000260406" 
 [9238] "ENSG00000259701"  "ENSG00000259306"  "ENSG00000259194" 
 [9241] "ENSG00000259678"  "ENSG00000259668"  "ENSG00000259241" 
 [9244] "ENSG00000259296"  "ENSG00000259377"  "ENSG00000288625" 
 [9247] "ENSG00000250379"  "ENSG00000259563"  "ENSG00000259659" 
 [9250] "ENSG00000276121"  "ENSG00000259187"  "ENSG00000276807" 
 [9253] "ENSG00000260624"  "ENSG00000287915"  "ENSG00000259274" 
 [9256] "ENSG00000259561"  "ENSG00000259548"  "ENSG00000261229" 
 [9259] "ENSG00000286813"  "ENSG00000278600"  "ENSG00000275332" 
 [9262] "ENSG00000274383"  "ENSG00000277351"  "ENSG00000278737" 
 [9265] "ENSG00000260978"  "ENSG00000286973"  "ENSG00000259504" 
 [9268] "ENSG00000259645"  "ENSG00000259426"  "ENSG00000259215" 
 [9271] "ENSG00000259457"  "ENSG00000274528"  "ENSG00000259398" 
 [9274] "ENSG00000259712"  "ENSG00000259178"  "ENSG00000259327" 
 [9277] "ENSG00000259709"  "ENSG00000260618"  "ENSG00000259935" 
 [9280] "ENSG00000287500"  "ENSG00000259203"  "ENSG00000259172" 
 [9283] "ENSG00000259365"  "ENSG00000259182"  "ENSG00000274139" 
 [9286] "ENSG00000277210"  "ENSG00000282793"  "ENSG00000260937" 
 [9289] "ENSG00000279145"  "ENSG00000276533"  "ENSG00000274765" 
 [9292] "ENSG00000277548"  "ENSG00000285920"  "ENSG00000259396" 
 [9295] "ENSG00000260926"  "ENSG00000259772"  "ENSG00000177699" 
 [9298] "ENSG00000259814"  "ENSG00000287334"  "ENSG00000256802" 
 [9301] "ENSG00000259644"  "ENSG00000259523"  "ENSG00000259647" 
 [9304] "ENSG00000259676"  "ENSG00000259363"  "ENSG00000254744" 
 [9307] "ENSG00000259219"  "ENSG00000259356"  "ENSG00000270127" 
 [9310] "ENSG00000259540"  "ENSG00000259437"  "ENSG00000259347" 
 [9313] "ENSG00000259202"  "ENSG00000278370"  "ENSG00000287061" 
 [9316] "ENSG00000259704"  "ENSG00000259442"  "ENSG00000286817" 
 [9319] "ENSG00000252690"  "ENSG00000260173"  "ENSG00000273025" 
 [9322] "ENSG00000261460"  "ENSG00000260729"  "ENSG00000275527" 
 [9325] "ENSG00000260919"  "ENSG00000259734"  "ENSG00000259636" 
 [9328] "ENSG00000259620"  "ENSG00000260007"  "ENSG00000260657" 
 [9331] "ENSG00000287894"  "ENSG00000259277"  "ENSG00000259418" 
 [9334] "ENSG00000259352"  "ENSG00000259395"  "ENSG00000259737" 
 [9337] "ENSG00000261191"  "ENSG00000259280"  "ENSG00000260534" 
 [9340] "ENSG00000260672"  "ENSG00000285729"  "ENSG00000286872" 
 [9343] "ENSG00000260579"  "ENSG00000260814"  "ENSG00000271725" 
 [9346] "ENSG00000286488"  "ENSG00000273920"  "ENSG00000275995" 
 [9349] "ENSG00000284626"  "ENSG00000261147"  "ENSG00000275674" 
 [9352] "ENSG00000275345"  "ENSG00000259553"  "ENSG00000259967" 
 [9355] "ENSG00000259488"  "ENSG00000286947"  "ENSG00000274654" 
 [9358] "ENSG00000259705"  "ENSG00000273925"  "ENSG00000259469" 
 [9361] "ENSG00000275417"  "ENSG00000259720"  "ENSG00000261187" 
 [9364] "ENSG00000273691"  "ENSG00000259177"  "ENSG00000259212" 
 [9367] "ENSG00000259314"  "ENSG00000285560"  "ENSG00000259669" 
 [9370] "ENSG00000287973"  "ENSG00000261659"  "ENSG00000261240" 
 [9373] "ENSG00000260532"  "ENSG00000287855"  "ENSG00000261732" 
 [9376] "ENSG00000260496"  "ENSG00000260778"  "ENSG00000277602" 
 [9379] "ENSG00000261641"  "ENSG00000261532"  "ENSG00000260803" 
 [9382] "ENSG00000262482"  "ENSG00000261720"  "ENSG00000260447" 
 [9385] "ENSG00000275438"  "ENSG00000261790"  "ENSG00000268836" 
 [9388] "ENSG00000276931"  "ENSG00000260989"  "ENSG00000260646" 
 [9391] "ENSG00000260051"  "ENSG00000262528"  "ENSG00000260954" 
 [9394] "ENSG00000286901"  "ENSG00000282907"  "ENSG00000260107" 
 [9397] "ENSG00000261394"  "ENSG00000260022"  "ENSG00000226890" 
 [9400] "ENSG00000261066"  "ENSG00000261442"  "ENSG00000260242" 
 [9403] "ENSG00000259933"  "ENSG00000261663"  "ENSG00000260058" 
 [9406] "ENSG00000278434"  "ENSG00000275056"  "ENSG00000261789" 
 [9409] "ENSG00000260488"  "ENSG00000260289"  "ENSG00000286849" 
 [9412] "ENSG00000259780"  "ENSG00000267077"  "ENSG00000260723" 
 [9415] "ENSG00000263257"  "ENSG00000260003"  "ENSG00000260342" 
 [9418] "ENSG00000260132"  "ENSG00000261430"  "ENSG00000261555" 
 [9421] "ENSG00000260550"  "ENSG00000263159"  "ENSG00000261216" 
 [9424] "ENSG00000261691"  "ENSG00000261123"  "ENSG00000287522" 
 [9427] "ENSG00000275927"  "ENSG00000261090"  "ENSG00000260017" 
 [9430] "ENSG00000273956"  "ENSG00000283213"  "ENSG00000175604" 
 [9433] "ENSG00000286808"  "ENSG00000260592"  "ENSG00000261669" 
 [9436] "ENSG00000260601"  "ENSG00000260071"  "ENSG00000261695" 
 [9439] "ENSG00000260316"  "ENSG00000287121"  "ENSG00000287809" 
 [9442] "ENSG00000287739"  "ENSG00000261195"  "ENSG00000262801" 
 [9445] "ENSG00000262116"  "ENSG00000285952"  "ENSG00000262267" 
 [9448] "ENSG00000261448"  "ENSG00000231876"  "ENSG00000261293" 
 [9451] "ENSG00000259876"  "ENSG00000261596"  "ENSG00000259899" 
 [9454] "ENSG00000285628"  "ENSG00000261158"  "ENSG00000259929" 
 [9457] "ENSG00000260580"  "ENSG00000285613"  "ENSG00000260741" 
 [9460] "ENSG00000263033"  "ENSG00000259871"  "ENSG00000282034" 
 [9463] "ENSG00000260378"  "ENSG00000259955"  "ENSG00000260681" 
 [9466] "ENSG00000259925"  "ENSG00000260568"  "ENSG00000281348" 
 [9469] "ENSG00000261482"  "ENSG00000260974"  "ENSG00000261736" 
 [9472] "ENSG00000260934"  "ENSG00000266994"  "ENSG00000214614" 
 [9475] "ENSG00000261312"  "ENSG00000274834"  "ENSG00000278389" 
 [9478] "ENSG00000260827"  "ENSG00000286790"  "ENSG00000261682" 
 [9481] "ENSG00000288300"  "ENSG00000261466"  "ENSG00000261759" 
 [9484] "ENSG00000280607"  "ENSG00000260611"  "ENSG00000261731" 
 [9487] "ENSG00000260626"  "ENSG00000261009"  "ENSG00000261445" 
 [9490] "ENSG00000260141"  "ENSG00000260958"  "ENSG00000262038" 
 [9493] "ENSG00000179755"  "ENSG00000259810"  "ENSG00000261800" 
 [9496] "ENSG00000261523"  "ENSG00000261350"  "ENSG00000260921" 
 [9499] "ENSG00000261538"  "ENSG00000261507"  "ENSG00000205452" 
 [9502] "ENSG00000260973"  "ENSG00000287905"  "ENSG00000262011" 
 [9505] "ENSG00000257264"  "ENSG00000260857"  "ENSG00000259821" 
 [9508] "ENSG00000260845"  "ENSG00000261470"  "ENSG00000261427" 
 [9511] "ENSG00000275910"  "ENSG00000276867"  "ENSG00000258354" 
 [9514] "ENSG00000261569"  "ENSG00000287448"  "ENSG00000261200" 
 [9517] "ENSG00000261560"  "ENSG00000257563"  "ENSG00000288026" 
 [9520] "ENSG00000260605"  "ENSG00000261130"  "ENSG00000260126" 
 [9523] "ENSG00000261541"  "ENSG00000260352"  "ENSG00000260158" 
 [9526] "ENSG00000261566"  "ENSG00000260975"  "ENSG00000260312" 
 [9529] "ENSG00000260419"  "ENSG00000261512"  "ENSG00000287469" 
 [9532] "ENSG00000261131"  "ENSG00000286712"  "ENSG00000260073" 
 [9535] "ENSG00000261802"  "ENSG00000260620"  "ENSG00000287163" 
 [9538] "ENSG00000261398"  "ENSG00000260086"  "ENSG00000261267" 
 [9541] "ENSG00000260478"  "ENSG00000261393"  "ENSG00000257527" 
 [9544] "ENSG00000260719"  "ENSG00000260566"  "ENSG00000260963" 
 [9547] "ENSG00000285882"  "ENSG00000275494"  "ENSG00000260277" 
 [9550] "ENSG00000261049"  "ENSG00000261113"  "ENSG00000286357" 
 [9553] "ENSG00000261329"  "ENSG00000259819"  "ENSG00000260635" 
 [9556] "ENSG00000261357"  "ENSG00000261421"  "ENSG00000260850" 
 [9559] "ENSG00000261815"  "ENSG00000260744"  "ENSG00000259940" 
 [9562] "ENSG00000260600"  "ENSG00000260658"  "ENSG00000277369" 
 [9565] "ENSG00000285800"  "ENSG00000260311"  "ENSG00000260430" 
 [9568] "ENSG00000228201"  "ENSG00000259912"  "ENSG00000272545" 
 [9571] "ENSG00000260004"  "ENSG00000258122"  "ENSG00000261028" 
 [9574] "ENSG00000259759"  "ENSG00000273553"  "ENSG00000275857" 
 [9577] "ENSG00000270165"  "ENSG00000261884"  "ENSG00000261238" 
 [9580] "ENSG00000263207"  "ENSG00000260052"  "ENSG00000274508" 
 [9583] "ENSG00000257391"  "ENSG00000286928"  "ENSG00000287718" 
 [9586] "ENSG00000260364"  "ENSG00000260345"  "ENSG00000261502" 
 [9589] "ENSG00000285775"  "ENSG00000261396"  "ENSG00000261261" 
 [9592] "ENSG00000261369"  "ENSG00000280893"  "ENSG00000261260" 
 [9595] "ENSG00000260695"  "ENSG00000261707"  "ENSG00000276075" 
 [9598] "ENSG00000231589"  "ENSG00000285367"  "ENSG00000260894" 
 [9601] "ENSG00000261376"  "ENSG00000285538"  "ENSG00000260223" 
 [9604] "ENSG00000286845"  "ENSG00000261248"  "ENSG00000260999" 
 [9607] "ENSG00000259791"  "ENSG00000261227"  "ENSG00000261436" 
 [9610] "ENSG00000259283"  "ENSG00000271009"  "ENSG00000260922" 
 [9613] "ENSG00000269986"  "ENSG00000259945"  "ENSG00000261602" 
 [9616] "ENSG00000263126"  "ENSG00000272330"  "ENSG00000260832" 
 [9619] "ENSG00000260393"  "ENSG00000259209"  "ENSG00000260862" 
 [9622] "ENSG00000260858"  "ENSG00000261103"  "ENSG00000261743" 
 [9625] "ENSG00000287946"  "ENSG00000261673"  "ENSG00000260983" 
 [9628] "ENSG00000287256"  "ENSG00000260848"  "ENSG00000275088" 
 [9631] "ENSG00000260706"  "ENSG00000259846"  "ENSG00000259972" 
 [9634] "ENSG00000261997"  "ENSG00000275236"  "ENSG00000285163" 
 [9637] "ENSG00000259817"  "ENSG00000260834"  "ENSG00000286841" 
 [9640] "ENSG00000277214"  "ENSG00000279622"  "ENSG00000260750" 
 [9643] "ENSG00000283423"  "ENSG00000261243"  "ENSG00000269898" 
 [9646] "ENSG00000260859"  "ENSG00000270020"  "ENSG00000261193" 
 [9649] "ENSG00000268505"  "ENSG00000260121"  "ENSG00000260466" 
 [9652] "ENSG00000287010"  "ENSG00000269901"  "ENSG00000270184" 
 [9655] "ENSG00000278058"  "ENSG00000261161"  "ENSG00000261386" 
 [9658] "ENSG00000260671"  "ENSG00000205037"  "ENSG00000276519" 
 [9661] "ENSG00000260788"  "ENSG00000261177"  "ENSG00000259989" 
 [9664] "ENSG00000260177"  "ENSG00000261327"  "ENSG00000260498" 
 [9667] "ENSG00000131152"  "ENSG00000261273"  "ENSG00000261816" 
 [9670] "ENSG00000261218"  "ENSG00000277504"  "ENSG00000260772" 
 [9673] "ENSG00000285040"  "ENSG00000269667"  "ENSG00000286528" 
 [9676] "ENSG00000261410"  "ENSG00000261235"  "ENSG00000261226" 
 [9679] "ENSG00000261363"  "ENSG00000260387"  "ENSG00000260884" 
 [9682] "ENSG00000260166"  "ENSG00000224888"  "ENSG00000287161" 
 [9685] "ENSG00000287787"  "ENSG00000259914"  "ENSG00000269935" 
 [9688] "ENSG00000270159"  "ENSG00000261653"  "ENSG00000270124" 
 [9691] "ENSG00000261592"  "ENSG00000260664"  "ENSG00000261058" 
 [9694] "ENSG00000274478"  "ENSG00000259867"  "ENSG00000182376" 
 [9697] "ENSG00000270082"  "ENSG00000269826"  "ENSG00000286221" 
 [9700] "ENSG00000259813"  "ENSG00000268078"  "ENSG00000260530" 
 [9703] "ENSG00000261285"  "ENSG00000285012"  "ENSG00000260115" 
 [9706] "ENSG00000226180"  "ENSG00000260617"  "ENSG00000247033" 
 [9709] "ENSG00000278716"  "ENSG00000274092"  "ENSG00000288554" 
 [9712] "ENSG00000260715"  "ENSG00000273659"  "ENSG00000261063" 
 [9715] "ENSG00000260162"  "ENSG00000259999"  "ENSG00000286653" 
 [9718] "ENSG00000261818"  "ENSG00000260183"  "ENSG00000266801" 
 [9721] "ENSG00000286510"  "ENSG00000260594"  "ENSG00000283689" 
 [9724] "ENSG00000245768"  "ENSG00000260417"  "ENSG00000287885" 
 [9727] "ENSG00000276337"  "ENSG00000260504"  "ENSG00000284675" 
 [9730] "ENSG00000259768"  "ENSG00000259995"  "ENSG00000205018" 
 [9733] "ENSG00000261783"  "ENSG00000259952"  "ENSG00000277559" 
 [9736] "ENSG00000261170"  "ENSG00000261313"  "ENSG00000238045" 
 [9739] "ENSG00000285527"  "ENSG00000283258"  "ENSG00000283457" 
 [9742] "ENSG00000288568"  "ENSG00000276571"  "ENSG00000278341" 
 [9745] "ENSG00000259804"  "ENSG00000246777"  "ENSG00000259711" 
 [9748] "ENSG00000261471"  "ENSG00000260237"  "ENSG00000261095" 
 [9751] "ENSG00000261651"  "ENSG00000275040"  "ENSG00000285848" 
 [9754] "ENSG00000275393"  "ENSG00000279206"  "ENSG00000261079" 
 [9757] "ENSG00000261638"  "ENSG00000287125"  "ENSG00000261697" 
 [9760] "ENSG00000259881"  "ENSG00000260701"  "ENSG00000260064" 
 [9763] "ENSG00000287694"  "ENSG00000260945"  "ENSG00000285850" 
 [9766] "ENSG00000261310"  "ENSG00000237718"  "ENSG00000259725" 
 [9769] "ENSG00000260573"  "ENSG00000274367"  "ENSG00000262362" 
 [9772] "ENSG00000272079"  "ENSG00000205890"  "ENSG00000262370" 
 [9775] "ENSG00000263011"  "ENSG00000261889"  "ENSG00000262521" 
 [9778] "ENSG00000262899"  "ENSG00000285329"  "ENSG00000263212" 
 [9781] "ENSG00000262312"  "ENSG00000261938"  "ENSG00000263235" 
 [9784] "ENSG00000276754"  "ENSG00000263105"  "ENSG00000262712" 
 [9787] "ENSG00000277170"  "ENSG00000277440"  "ENSG00000260899" 
 [9790] "ENSG00000274678"  "ENSG00000262721"  "ENSG00000261487" 
 [9793] "ENSG00000275263"  "ENSG00000260911"  "ENSG00000232748" 
 [9796] "ENSG00000261124"  "ENSG00000255439"  "ENSG00000262766" 
 [9799] "ENSG00000278133"  "ENSG00000261385"  "ENSG00000260304" 
 [9802] "ENSG00000260060"  "ENSG00000263331"  "ENSG00000262983" 
 [9805] "ENSG00000267070"  "ENSG00000285567"  "ENSG00000257180" 
 [9808] "ENSG00000286635"  "ENSG00000260835"  "ENSG00000287340" 
 [9811] "ENSG00000261198"  "ENSG00000260823"  "ENSG00000259923" 
 [9814] "ENSG00000259827"  "ENSG00000260306"  "ENSG00000274460" 
 [9817] "ENSG00000275445"  "ENSG00000283662"  "ENSG00000246465" 
 [9820] "ENSG00000270118"  "ENSG00000261832"  "ENSG00000275441" 
 [9823] "ENSG00000251417"  "ENSG00000260796"  "ENSG00000275807" 
 [9826] "ENSG00000260570"  "ENSG00000261766"  "ENSG00000260853" 
 [9829] "ENSG00000260367"  "ENSG00000261067"  "ENSG00000261552" 
 [9832] "ENSG00000284685"  "ENSG00000260517"  "ENSG00000259807" 
 [9835] "ENSG00000273582"  "ENSG00000260953"  "ENSG00000277999" 
 [9838] "ENSG00000198106"  "ENSG00000288630"  "ENSG00000288632" 
 [9841] "ENSG00000274904"  "ENSG00000250616"  "ENSG00000261367" 
 [9844] "ENSG00000275371"  "ENSG00000274653"  "ENSG00000287429" 
 [9847] "ENSG00000263080"  "ENSG00000262703"  "ENSG00000188897" 
 [9850] "ENSG00000262999"  "ENSG00000262420"  "ENSG00000284512" 
 [9853] "ENSG00000261061"  "ENSG00000260643"  "ENSG00000261141" 
 [9856] "ENSG00000261838"  "ENSG00000245059"  "ENSG00000286759" 
 [9859] "ENSG00000260495"  "ENSG00000247228"  "ENSG00000260537" 
 [9862] "ENSG00000285710"  "ENSG00000260111"  "ENSG00000261717" 
 [9865] "ENSG00000274220"  "ENSG00000261476"  "ENSG00000203472" 
 [9868] "ENSG00000273971"  "ENSG00000260092"  "ENSG00000259992" 
 [9871] "ENSG00000276408"  "ENSG00000276523"  "ENSG00000284484" 
 [9874] "ENSG00000283003"  "ENSG00000260362"  "ENSG00000283221" 
 [9877] "ENSG00000287830"  "ENSG00000261810"  "ENSG00000285543" 
 [9880] "ENSG00000260756"  "ENSG00000246379"  "ENSG00000260041" 
 [9883] "ENSG00000287866"  "ENSG00000260198"  "ENSG00000272372" 
 [9886] "ENSG00000260621"  "ENSG00000269482"  "ENSG00000228779" 
 [9889] "ENSG00000261864"  "ENSG00000262514"  "ENSG00000260891" 
 [9892] "ENSG00000263276"  "ENSG00000262160"  "ENSG00000261469" 
 [9895] "ENSG00000260441"  "ENSG00000259797"  "ENSG00000287760" 
 [9898] "ENSG00000274698"  "ENSG00000260228"  "ENSG00000260932" 
 [9901] "ENSG00000285792"  "ENSG00000274677"  "ENSG00000260018" 
 [9904] "ENSG00000250685"  "ENSG00000260757"  "ENSG00000277543" 
 [9907] "ENSG00000261474"  "ENSG00000260267"  "ENSG00000260740" 
 [9910] "ENSG00000260625"  "ENSG00000261648"  "ENSG00000278713" 
 [9913] "ENSG00000247735"  "ENSG00000260541"  "ENSG00000260156" 
 [9916] "ENSG00000259833"  "ENSG00000259798"  "ENSG00000263279" 
 [9919] "ENSG00000262151"  "ENSG00000259782"  "ENSG00000260136" 
 [9922] "ENSG00000260751"  "ENSG00000261723"  "ENSG00000260482" 
 [9925] "ENSG00000261266"  "ENSG00000275092"  "ENSG00000261399" 
 [9928] "ENSG00000261207"  "ENSG00000285970"  "ENSG00000260095" 
 [9931] "ENSG00000260874"  "ENSG00000259895"  "ENSG00000260293" 
 [9934] "ENSG00000260272"  "ENSG00000259784"  "ENSG00000261613" 
 [9937] "ENSG00000261288"  "ENSG00000269937"  "ENSG00000261140" 
 [9940] "ENSG00000260436"  "ENSG00000261093"  "ENSG00000260176" 
 [9943] "ENSG00000257769"  "ENSG00000262380"  "ENSG00000280206" 
 [9946] "ENSG00000263335"  "ENSG00000263065"  "ENSG00000259840" 
 [9949] "ENSG00000261118"  "ENSG00000275734"  "ENSG00000260029" 
 [9952] "ENSG00000205414"  "ENSG00000260249"  "ENSG00000270120" 
 [9955] "ENSG00000260616"  "ENSG00000260042"  "ENSG00000261633" 
 [9958] "ENSG00000260467"  "ENSG00000276166"  "ENSG00000187185" 
 [9961] "ENSG00000261804"  "ENSG00000262714"  "ENSG00000259926" 
 [9964] "ENSG00000287909"  "ENSG00000275191"  "ENSG00000261630" 
 [9967] "ENSG00000260194"  "ENSG00000267048"  "ENSG00000198211" 
 [9970] "ENSG00000259006"  "ENSG00000260507"  "ENSG00000261172" 
 [9973] "ENSG00000259843"  "ENSG00000260381"  "ENSG00000287444" 
 [9976] "ENSG00000261270"  "ENSG00000261114"  "ENSG00000260145" 
 [9979] "ENSG00000260148"  "ENSG00000285979"  "ENSG00000276663" 
 [9982] "ENSG00000260038"  "ENSG00000265690"  "ENSG00000262691" 
 [9985] "ENSG00000261320"  "ENSG00000262332"  "ENSG00000262848" 
 [9988] "ENSG00000257366"  "ENSG00000183889"  "ENSG00000265113" 
 [9991] "ENSG00000260914"  "ENSG00000272617"  "ENSG00000260371" 
 [9994] "ENSG00000259900"  "ENSG00000260108"  "ENSG00000274093" 
 [9997] "ENSG00000256982"  "ENSG00000261546"  "ENSG00000259877" 
[10000] "ENSG00000260659"  "ENSG00000268218"  "ENSG00000260279" 
[10003] "ENSG00000261253"  "ENSG00000273551"  "ENSG00000260403" 
[10006] "ENSG00000259910"  "ENSG00000261294"  "ENSG00000277010" 
[10009] "ENSG00000260182"  "ENSG00000260710"  "ENSG00000274751" 
[10012] "ENSG00000261505"  "ENSG00000260425"  "ENSG00000262171" 
[10015] "ENSG00000261346"  "ENSG00000260487"  "ENSG00000261332" 
[10018] "ENSG00000261459"  "ENSG00000235560"  "ENSG00000239791" 
[10021] "ENSG00000260167"  "ENSG00000261840"  "ENSG00000260545" 
[10024] "ENSG00000260927"  "ENSG00000260867"  "ENSG00000279249" 
[10027] "ENSG00000262950"  "ENSG00000263110"  "ENSG00000275155" 
[10030] "ENSG00000261751"  "ENSG00000260755"  "ENSG00000261519" 
[10033] "ENSG00000277978"  "ENSG00000260650"  "ENSG00000260465" 
[10036] "ENSG00000287965"  "ENSG00000260558"  "ENSG00000288656" 
[10039] "ENSG00000260851"  "ENSG00000276791"  "ENSG00000263325" 
[10042] "ENSG00000263280"  "ENSG00000260084"  "ENSG00000275383" 
[10045] "ENSG00000260577"  "ENSG00000260798"  "ENSG00000263253" 
[10048] "ENSG00000263237"  "ENSG00000262995"  "ENSG00000261078" 
[10051] "ENSG00000276131"  "ENSG00000276259"  "ENSG00000274038" 
[10054] "ENSG00000262020"  "ENSG00000256013"  "ENSG00000260310" 
[10057] "ENSG00000260201"  "ENSG00000260510"  "ENSG00000260350" 
[10060] "ENSG00000288715"  "ENSG00000261692"  "ENSG00000287351" 
[10063] "ENSG00000276984"  "ENSG00000261611"  "ENSG00000247324" 
[10066] "ENSG00000260520"  "ENSG00000260015"  "ENSG00000260593" 
[10069] "ENSG00000260185"  "ENSG00000261513"  "ENSG00000260612" 
[10072] "ENSG00000277639"  "ENSG00000261291"  "ENSG00000261540" 
[10075] "ENSG00000276007"  "ENSG00000287106"  "ENSG00000260733" 
[10078] "ENSG00000261837"  "ENSG00000286894"  "ENSG00000260816" 
[10081] "ENSG00000261537"  "ENSG00000260694"  "ENSG00000260479" 
[10084] "ENSG00000260511"  "ENSG00000277954"  "ENSG00000285918" 
[10087] "ENSG00000261722"  "ENSG00000261472"  "ENSG00000262732" 
[10090] "ENSG00000263234"  "ENSG00000276564"  "ENSG00000262529" 
[10093] "ENSG00000267072"  "ENSG00000261583"  "ENSG00000260072" 
[10096] "ENSG00000261392"  "ENSG00000263244"  "ENSG00000260349" 
[10099] "ENSG00000288725"  "ENSG00000261765"  "ENSG00000260252" 
[10102] "ENSG00000265408"  "ENSG00000285043"  "ENSG00000286473" 
[10105] "ENSG00000260847"  "ENSG00000260575"  "ENSG00000260402" 
[10108] "ENSG00000262668"  "ENSG00000262884"  "ENSG00000282936" 
[10111] "ENSG00000274363"  "ENSG00000280136"  "ENSG00000241525" 
[10114] "ENSG00000262294"  "ENSG00000285593"  "ENSG00000261996" 
[10117] "ENSG00000262558"  "ENSG00000263272"  "ENSG00000263316" 
[10120] "ENSG00000263220"  "ENSG00000263165"  "ENSG00000276855" 
[10123] "ENSG00000234203"  "ENSG00000283033"  "ENSG00000284837" 
[10126] "ENSG00000286430"  "ENSG00000262903"  "ENSG00000266311" 
[10129] "ENSG00000265511"  "ENSG00000261916"  "ENSG00000263338" 
[10132] "ENSG00000286356"  "ENSG00000262358"  "ENSG00000261848" 
[10135] "ENSG00000196893"  "ENSG00000286743"  "ENSG00000262304" 
[10138] "ENSG00000285471"  "ENSG00000264666"  "ENSG00000251537" 
[10141] "ENSG00000197665"  "ENSG00000266538"  "ENSG00000267075" 
[10144] "ENSG00000263986"  "ENSG00000262429"  "ENSG00000272815" 
[10147] "ENSG00000262920"  "ENSG00000265043"  "ENSG00000265519" 
[10150] "ENSG00000266664"  "ENSG00000266651"  "ENSG00000266466" 
[10153] "ENSG00000264262"  "ENSG00000287490"  "ENSG00000264739" 
[10156] "ENSG00000283417"  "ENSG00000266803"  "ENSG00000262769" 
[10159] "ENSG00000227782"  "ENSG00000262692"  "ENSG00000260647" 
[10162] "ENSG00000264167"  "ENSG00000197815"  "ENSG00000287506" 
[10165] "ENSG00000261020"  "ENSG00000265394"  "ENSG00000265356" 
[10168] "ENSG00000262319"  "ENSG00000263164"  "ENSG00000263674" 
[10171] "ENSG00000264673"  "ENSG00000264023"  "ENSG00000266535" 
[10174] "ENSG00000267074"  "ENSG00000267035"  "ENSG00000262227" 
[10177] "ENSG00000266987"  "ENSG00000267359"  "ENSG00000264765" 
[10180] "ENSG00000264458"  "ENSG00000265697"  "ENSG00000264990" 
[10183] "ENSG00000265775"  "ENSG00000267745"  "ENSG00000265125" 
[10186] "ENSG00000279668"  "ENSG00000225582"  "ENSG00000266371" 
[10189] "ENSG00000263435"  "ENSG00000264643"  "ENSG00000264598" 
[10192] "ENSG00000265801"  "ENSG00000236377"  "ENSG00000278097" 
[10195] "ENSG00000274767"  "ENSG00000276170"  "ENSG00000267711" 
[10198] "ENSG00000276241"  "ENSG00000275944"  "ENSG00000264174" 
[10201] "ENSG00000263485"  "ENSG00000277511"  "ENSG00000226377" 
[10204] "ENSG00000267625"  "ENSG00000267349"  "ENSG00000265115" 
[10207] "ENSG00000275413"  "ENSG00000278690"  "ENSG00000264791" 
[10210] "ENSG00000273576"  "ENSG00000214719"  "ENSG00000287644" 
[10213] "ENSG00000265689"  "ENSG00000264968"  "ENSG00000263571" 
[10216] "ENSG00000233193"  "ENSG00000205045"  "ENSG00000276054" 
[10219] "ENSG00000266302"  "ENSG00000273965"  "ENSG00000277969" 
[10222] "ENSG00000267547"  "ENSG00000266469"  "ENSG00000275665" 
[10225] "ENSG00000274996"  "ENSG00000266208"  "ENSG00000264622" 
[10228] "ENSG00000263394"  "ENSG00000265222"  "ENSG00000266313" 
[10231] "ENSG00000259623"  "ENSG00000277182"  "ENSG00000264729" 
[10234] "ENSG00000286194"  "ENSG00000266588"  "ENSG00000239203" 
[10237] "ENSG00000275431"  "ENSG00000255104"  "ENSG00000285559" 
[10240] "ENSG00000265401"  "ENSG00000275185"  "ENSG00000264956" 
[10243] "ENSG00000266925"  "ENSG00000266599"  "ENSG00000265799" 
[10246] "ENSG00000287671"  "ENSG00000275532"  "ENSG00000266877" 
[10249] "ENSG00000243655"  "ENSG00000262231"  "ENSG00000264125" 
[10252] "ENSG00000228157"  "ENSG00000263466"  "ENSG00000263717" 
[10255] "ENSG00000265739"  "ENSG00000230197"  "ENSG00000266261" 
[10258] "ENSG00000266088"  "ENSG00000214546"  "ENSG00000260907" 
[10261] "ENSG00000264456"  "ENSG00000266202"  "ENSG00000266120" 
[10264] "ENSG00000266340"  "ENSG00000265337"  "ENSG00000286589" 
[10267] "ENSG00000266677"  "ENSG00000266527"  "ENSG00000264422" 
[10270] "ENSG00000228768"  "ENSG00000266111"  "ENSG00000266718" 
[10273] "ENSG00000224505"  "ENSG00000259928"  "ENSG00000214708" 
[10276] "ENSG00000274630"  "ENSG00000265443"  "ENSG00000235530" 
[10279] "ENSG00000231421"  "ENSG00000278546"  "ENSG00000266341" 
[10282] "ENSG00000262202"  "ENSG00000266728"  "ENSG00000267261" 
[10285] "ENSG00000264019"  "ENSG00000265046"  "ENSG00000263477" 
[10288] "ENSG00000229732"  "ENSG00000264808"  "ENSG00000264058" 
[10291] "ENSG00000266775"  "ENSG00000230113"  "ENSG00000251239" 
[10294] "ENSG00000259753"  "ENSG00000266490"  "ENSG00000249906" 
[10297] "ENSG00000261872"  "ENSG00000285668"  "ENSG00000262823" 
[10300] "ENSG00000263603"  "ENSG00000251665"  "ENSG00000263531" 
[10303] "ENSG00000278765"  "ENSG00000266872"  "ENSG00000263657" 
[10306] "ENSG00000266222"  "ENSG00000265791"  "ENSG00000249870" 
[10309] "ENSG00000265743"  "ENSG00000267248"  "ENSG00000265334" 
[10312] "ENSG00000276790"  "ENSG00000265265"  "ENSG00000266601" 
[10315] "ENSG00000276250"  "ENSG00000267131"  "ENSG00000236234" 
[10318] "ENSG00000251461"  "ENSG00000263567"  "ENSG00000262039" 
[10321] "ENSG00000249658"  "ENSG00000263990"  "ENSG00000262006" 
[10324] "ENSG00000261976"  "ENSG00000262079"  "ENSG00000262967" 
[10327] "ENSG00000267002"  "ENSG00000262052"  "ENSG00000264451" 
[10330] "ENSG00000249451"  "ENSG00000267207"  "ENSG00000287664" 
[10333] "ENSG00000265664"  "ENSG00000257178"  "ENSG00000285879" 
[10336] "ENSG00000271239"  "ENSG00000283538"  "ENSG00000266934" 
[10339] "ENSG00000263680"  "ENSG00000267449"  "ENSG00000283517" 
[10342] "ENSG00000259349"  "ENSG00000264243"  "ENSG00000275897" 
[10345] "ENSG00000267250"  "ENSG00000266765"  "ENSG00000253347" 
[10348] "ENSG00000267109"  "ENSG00000247011"  "ENSG00000267653" 
[10351] "ENSG00000280299"  "ENSG00000277728"  "ENSG00000265218" 
[10354] "ENSG00000272763"  "ENSG00000264421"  "ENSG00000125695" 
[10357] "ENSG00000264895"  "ENSG00000264491"  "ENSG00000264196" 
[10360] "ENSG00000250976"  "ENSG00000266106"  "ENSG00000263574" 
[10363] "ENSG00000288006"  "ENSG00000285931"  "ENSG00000263893" 
[10366] "ENSG00000264272"  "ENSG00000265927"  "ENSG00000285897" 
[10369] "ENSG00000264659"  "ENSG00000286997"  "ENSG00000250286" 
[10372] "ENSG00000249982"  "ENSG00000242407"  "ENSG00000225818" 
[10375] "ENSG00000262633"  "ENSG00000267137"  "ENSG00000263096" 
[10378] "ENSG00000286435"  "ENSG00000264513"  "ENSG00000285648" 
[10381] "ENSG00000264860"  "ENSG00000262265"  "ENSG00000267568" 
[10384] "ENSG00000262879"  "ENSG00000261978"  "ENSG00000274198" 
[10387] "ENSG00000230532"  "ENSG00000264750"  "ENSG00000264734" 
[10390] "ENSG00000267604"  "ENSG00000266644"  "ENSG00000264701" 
[10393] "ENSG00000264754"  "ENSG00000261222"  "ENSG00000265010" 
[10396] "ENSG00000275516"  "ENSG00000267521"  "ENSG00000264985" 
[10399] "ENSG00000285829"  "ENSG00000287836"  "ENSG00000273982" 
[10402] "ENSG00000285877"  "ENSG00000267246"  "ENSG00000265289" 
[10405] "ENSG00000283045"  "ENSG00000285822"  "ENSG00000262898" 
[10408] "ENSG00000262343"  "ENSG00000265206"  "ENSG00000262979" 
[10411] "ENSG00000265912"  "ENSG00000131484"  "ENSG00000285939" 
[10414] "ENSG00000260369"  "ENSG00000262172"  "ENSG00000263798" 
[10417] "ENSG00000229330"  "ENSG00000266711"  "ENSG00000285535" 
[10420] "ENSG00000233635"  "ENSG00000262768"  "ENSG00000265784" 
[10423] "ENSG00000265935"  "ENSG00000267198"  "ENSG00000266821" 
[10426] "ENSG00000266076"  "ENSG00000286788"  "ENSG00000262580" 
[10429] "ENSG00000288036"  "ENSG00000267601"  "ENSG00000265246" 
[10432] "ENSG00000276863"  "ENSG00000265118"  "ENSG00000267637" 
[10435] "ENSG00000275710"  "ENSG00000267318"  "ENSG00000267737" 
[10438] "ENSG00000266598"  "ENSG00000262094"  "ENSG00000273702" 
[10441] "ENSG00000287539"  "ENSG00000286387"  "ENSG00000267095" 
[10444] "ENSG00000275479"  "ENSG00000267491"  "ENSG00000263860" 
[10447] "ENSG00000263278"  "ENSG00000250838"  "ENSG00000288109" 
[10450] "ENSG00000266717"  "ENSG00000265055"  "ENSG00000278730" 
[10453] "ENSG00000274561"  "ENSG00000277476"  "ENSG00000278740" 
[10456] "ENSG00000267731"  "ENSG00000265100"  "ENSG00000264932" 
[10459] "ENSG00000262681"  "ENSG00000264785"  "ENSG00000276406" 
[10462] "ENSG00000270091"  "ENSG00000285785"  "ENSG00000286732" 
[10465] "ENSG00000266100"  "ENSG00000263499"  "ENSG00000265542" 
[10468] "ENSG00000264914"  "ENSG00000264177"  "ENSG00000287058" 
[10471] "ENSG00000265478"  "ENSG00000264273"  "ENSG00000276384" 
[10474] "ENSG00000264772"  "ENSG00000233223"  "ENSG00000287721" 
[10477] "ENSG00000267644"  "ENSG00000266830"  "ENSG00000264486" 
[10480] "ENSG00000260777"  "ENSG00000258924"  "ENSG00000265618" 
[10483] "ENSG00000273171"  "ENSG00000277450"  "ENSG00000277597" 
[10486] "ENSG00000264215"  "ENSG00000266369"  "ENSG00000264660" 
[10489] "ENSG00000288605"  "ENSG00000265547"  "ENSG00000265964" 
[10492] "ENSG00000262881"  "ENSG00000262372"  "ENSG00000250310" 
[10495] "ENSG00000250751"  "ENSG00000262837"  "ENSG00000204584" 
[10498] "ENSG00000248954"  "ENSG00000254039"  "ENSG00000248172" 
[10501] "ENSG00000262115"  "ENSG00000260005"  "ENSG00000276101" 
[10504] "ENSG00000263154"  "ENSG00000262223"  "ENSG00000274833" 
[10507] "ENSG00000262877"  "ENSG00000263271"  "ENSG00000229848" 
[10510] "ENSG00000230709"  "ENSG00000260328"  "ENSG00000287114" 
[10513] "ENSG00000287910"  "ENSG00000263624"  "ENSG00000264187" 
[10516] "ENSG00000266498"  "ENSG00000262880"  "ENSG00000286007" 
[10519] "ENSG00000262624"  "ENSG00000263301"  "ENSG00000272884" 
[10522] "ENSG00000262730"  "ENSG00000263427"  "ENSG00000214999" 
[10525] "ENSG00000263620"  "ENSG00000266824"  "ENSG00000269947" 
[10528] "ENSG00000226871"  "ENSG00000266279"  "ENSG00000265749" 
[10531] "ENSG00000263809"  "ENSG00000265975"  "ENSG00000262966" 
[10534] "ENSG00000273816"  "ENSG00000263708"  "ENSG00000225751" 
[10537] "ENSG00000262815"  "ENSG00000263051"  "ENSG00000271851" 
[10540] "ENSG00000265349"  "ENSG00000262296"  "ENSG00000282882" 
[10543] "ENSG00000278944"  "ENSG00000283025"  "ENSG00000273388" 
[10546] "ENSG00000264067"  "ENSG00000272736"  "ENSG00000214970" 
[10549] "ENSG00000261433"  "ENSG00000263388"  "ENSG00000285220" 
[10552] "ENSG00000264016"  "ENSG00000266114"  "ENSG00000284876" 
[10555] "ENSG00000263508"  "ENSG00000285541"  "ENSG00000264727" 
[10558] "ENSG00000263684"  "ENSG00000266368"  "ENSG00000265400" 
[10561] "ENSG00000286617"  "ENSG00000287462"  "ENSG00000277621" 
[10564] "ENSG00000263707"  "ENSG00000273098"  "ENSG00000265494" 
[10567] "ENSG00000233852"  "ENSG00000266744"  "ENSG00000262786" 
[10570] "ENSG00000266709"  "ENSG00000266378"  "ENSG00000230647" 
[10573] "ENSG00000226130"  "ENSG00000205325"  "ENSG00000232058" 
[10576] "ENSG00000287307"  "ENSG00000267546"  "ENSG00000267543" 
[10579] "ENSG00000272386"  "ENSG00000284526"  "ENSG00000267078" 
[10582] "ENSG00000286750"  "ENSG00000261335"  "ENSG00000277382" 
[10585] "ENSG00000267168"  "ENSG00000265121"  "ENSG00000266998" 
[10588] "ENSG00000287257"  "ENSG00000267263"  "ENSG00000267016" 
[10591] "ENSG00000267665"  "ENSG00000267506"  "ENSG00000286534" 
[10594] "ENSG00000267466"  "ENSG00000267160"  "ENSG00000267505" 
[10597] "ENSG00000267405"  "ENSG00000267788"  "ENSG00000264548" 
[10600] "ENSG00000275888"  "ENSG00000287737"  "ENSG00000260563" 
[10603] "ENSG00000260011"  "ENSG00000264812"  "ENSG00000287193" 
[10606] "ENSG00000265445"  "ENSG00000286792"  "ENSG00000237377" 
[10609] "ENSG00000266667"  "ENSG00000261915"  "ENSG00000263171" 
[10612] "ENSG00000236022"  "ENSG00000281856"  "ENSG00000286799" 
[10615] "ENSG00000287196"  "ENSG00000265126"  "ENSG00000235979" 
[10618] "ENSG00000231477"  "ENSG00000275902"  "ENSG00000262049" 
[10621] "ENSG00000262660"  "ENSG00000264829"  "ENSG00000264270" 
[10624] "ENSG00000266980"  "ENSG00000267801"  "ENSG00000267342" 
[10627] "ENSG00000267426"  "ENSG00000267615"  "ENSG00000274758" 
[10630] "ENSG00000263345"  "ENSG00000262456"  "ENSG00000272770" 
[10633] "ENSG00000272911"  "ENSG00000262050"  "ENSG00000277200" 
[10636] "ENSG00000262112"  "ENSG00000274213"  "ENSG00000262298" 
[10639] "ENSG00000263120"  "ENSG00000263089"  "ENSG00000278642" 
[10642] "ENSG00000266086"  "ENSG00000264112"  "ENSG00000285930" 
[10645] "ENSG00000278627"  "ENSG00000287337"  "ENSG00000286190" 
[10648] "ENSG00000265254"  "ENSG00000258472"  "ENSG00000265168" 
[10651] "ENSG00000265287"  "ENSG00000264044"  "ENSG00000265205" 
[10654] "ENSG00000264577"  "ENSG00000267729"  "ENSG00000265073" 
[10657] "ENSG00000265474"  "ENSG00000230258"  "ENSG00000265303" 
[10660] "ENSG00000265415"  "ENSG00000262445"  "ENSG00000228133" 
[10663] "ENSG00000262869"  "ENSG00000287553"  "ENSG00000262533" 
[10666] "ENSG00000263050"  "ENSG00000262810"  "ENSG00000236838" 
[10669] "ENSG00000236457"  "ENSG00000225084"  "ENSG00000263501" 
[10672] "ENSG00000226797"  "ENSG00000263644"  "ENSG00000265282" 
[10675] "ENSG00000265971"  "ENSG00000264813"  "ENSG00000264558" 
[10678] "ENSG00000276728"  "ENSG00000286443"  "ENSG00000266101" 
[10681] "ENSG00000265800"  "ENSG00000263786"  "ENSG00000265987" 
[10684] "ENSG00000264853"  "ENSG00000265342"  "ENSG00000265794" 
[10687] "ENSG00000265139"  "ENSG00000274341"  "ENSG00000278668" 
[10690] "ENSG00000266385"  "ENSG00000279762"  "ENSG00000264083" 
[10693] "ENSG00000248714"  "ENSG00000250948"  "ENSG00000250186" 
[10696] "ENSG00000229782"  "ENSG00000262921"  "ENSG00000235085" 
[10699] "ENSG00000244184"  "ENSG00000261898"  "ENSG00000267632" 
[10702] "ENSG00000266929"  "ENSG00000287710"  "ENSG00000283914" 
[10705] "ENSG00000267222"  "ENSG00000267758"  "ENSG00000236194" 
[10708] "ENSG00000278829"  "ENSG00000266126"  "ENSG00000266839" 
[10711] "ENSG00000263494"  "ENSG00000233175"  "ENSG00000267446" 
[10714] "ENSG00000267344"  "ENSG00000278834"  "ENSG00000264488" 
[10717] "ENSG00000265359"  "ENSG00000285947"  "ENSG00000263489" 
[10720] "ENSG00000286629"  "ENSG00000262791"  "ENSG00000282199" 
[10723] "ENSG00000267420"  "ENSG00000267638"  "ENSG00000275720" 
[10726] "ENSG00000276508"  "ENSG00000275613"  "ENSG00000276707" 
[10729] "ENSG00000277911"  "ENSG00000277589"  "ENSG00000277579" 
[10732] "ENSG00000278638"  "ENSG00000262831"  "ENSG00000262413" 
[10735] "ENSG00000263731"  "ENSG00000263859"  "ENSG00000264769" 
[10738] "ENSG00000263585"  "ENSG00000235296"  "ENSG00000264735" 
[10741] "ENSG00000267042"  "ENSG00000267765"  "ENSG00000273650" 
[10744] "ENSG00000263015"  "ENSG00000263300"  "ENSG00000262905" 
[10747] "ENSG00000262434"  "ENSG00000277491"  "ENSG00000262133" 
[10750] "ENSG00000267618"  "ENSG00000273687"  "ENSG00000267457" 
[10753] "ENSG00000267782"  "ENSG00000266981"  "ENSG00000266947" 
[10756] "ENSG00000267364"  "ENSG00000234859"  "ENSG00000267009" 
[10759] "ENSG00000267461"  "ENSG00000262833"  "ENSG00000287403" 
[10762] "ENSG00000262313"  "ENSG00000262662"  "ENSG00000261924" 
[10765] "ENSG00000263218"  "ENSG00000262873"  "ENSG00000262098" 
[10768] "ENSG00000263167"  "ENSG00000235361"  "ENSG00000262213" 
[10771] "ENSG00000262777"  "ENSG00000283209"  "ENSG00000262652" 
[10774] "ENSG00000262147"  "ENSG00000261845"  "ENSG00000263063" 
[10777] "ENSG00000263321"  "ENSG00000262410"  "ENSG00000263098" 
[10780] "ENSG00000262663"  "ENSG00000262339"  "ENSG00000274370" 
[10783] "ENSG00000261888"  "ENSG00000276851"  "ENSG00000275025" 
[10786] "ENSG00000250282"  "ENSG00000236472"  "ENSG00000253730" 
[10789] "ENSG00000261959"  "ENSG00000249406"  "ENSG00000263176" 
[10792] "ENSG00000253102"  "ENSG00000264546"  "ENSG00000277463" 
[10795] "ENSG00000274565"  "ENSG00000265702"  "ENSG00000287457" 
[10798] "ENSG00000260793"  "ENSG00000285486"  "ENSG00000267211" 
[10801] "ENSG00000277688"  "ENSG00000277501"  "ENSG00000274244" 
[10804] "ENSG00000275173"  "ENSG00000264066"  "ENSG00000264304" 
[10807] "ENSG00000266642"  "ENSG00000265845"  "ENSG00000265908" 
[10810] "ENSG00000267288"  "ENSG00000267047"  "ENSG00000262089" 
[10813] "ENSG00000262526"  "ENSG00000262302"  "ENSG00000263342" 
[10816] "ENSG00000271392"  "ENSG00000270829"  "ENSG00000270871" 
[10819] "ENSG00000270894"  "ENSG00000270240"  "ENSG00000264290" 
[10822] "ENSG00000264647"  "ENSG00000264007"  "ENSG00000263370" 
[10825] "ENSG00000265625"  "ENSG00000263613"  "ENSG00000238007" 
[10828] "ENSG00000263709"  "ENSG00000263938"  "ENSG00000224738" 
[10831] "ENSG00000266002"  "ENSG00000265840"  "ENSG00000262228" 
[10834] "ENSG00000262003"  "ENSG00000265678"  "ENSG00000266654" 
[10837] "ENSG00000234477"  "ENSG00000287602"  "ENSG00000288533" 
[10840] "ENSG00000266783"  "ENSG00000287065"  "ENSG00000286975" 
[10843] "ENSG00000266401"  "ENSG00000265316"  "ENSG00000265179" 
[10846] "ENSG00000266456"  "ENSG00000265257"  "ENSG00000266767" 
[10849] "ENSG00000272703"  "ENSG00000261627"  "ENSG00000266065" 
[10852] "ENSG00000267455"  "ENSG00000263635"  "ENSG00000266153" 
[10855] "ENSG00000263821"  "ENSG00000272461"  "ENSG00000287719" 
[10858] "ENSG00000264876"  "ENSG00000264880"  "ENSG00000265487" 
[10861] "ENSG00000266495"  "ENSG00000263823"  "ENSG00000266102" 
[10864] "ENSG00000264000"  "ENSG00000273355"  "ENSG00000265477" 
[10867] "ENSG00000264924"  "ENSG00000265413"  "ENSG00000286465" 
[10870] "ENSG00000273284"  "ENSG00000286812"  "ENSG00000266955" 
[10873] "ENSG00000286815"  "ENSG00000273119"  "ENSG00000267039" 
[10876] "ENSG00000266450"  "ENSG00000274918"  "ENSG00000263847" 
[10879] "ENSG00000285575"  "ENSG00000266850"  "ENSG00000274400" 
[10882] "ENSG00000263727"  "ENSG00000267651"  "ENSG00000272799" 
[10885] "ENSG00000264587"  "ENSG00000286765"  "ENSG00000287723" 
[10888] "ENSG00000264434"  "ENSG00000266805"  "ENSG00000266602" 
[10891] "ENSG00000266237"  "ENSG00000286627"  "ENSG00000278052" 
[10894] "ENSG00000266988"  "ENSG00000264596"  "ENSG00000277534" 
[10897] "ENSG00000287834"  "ENSG00000265750"  "ENSG00000266578" 
[10900] "ENSG00000273348"  "ENSG00000264365"  "ENSG00000266961" 
[10903] "ENSG00000267150"  "ENSG00000287803"  "ENSG00000265752" 
[10906] "ENSG00000266283"  "ENSG00000287563"  "ENSG00000263551" 
[10909] "ENSG00000266968"  "ENSG00000265490"  "ENSG00000263970" 
[10912] "ENSG00000265091"  "ENSG00000269365"  "ENSG00000265069" 
[10915] "ENSG00000266965"  "ENSG00000264151"  "ENSG00000263618" 
[10918] "ENSG00000265737"  "ENSG00000264080"  "ENSG00000266149" 
[10921] "ENSG00000267627"  "ENSG00000265994"  "ENSG00000264012" 
[10924] "ENSG00000286890"  "ENSG00000285550"  "ENSG00000266573" 
[10927] "ENSG00000267564"  "ENSG00000286583"  "ENSG00000264449" 
[10930] "ENSG00000275805"  "ENSG00000274849"  "ENSG00000285595" 
[10933] "ENSG00000265554"  "ENSG00000267311"  "ENSG00000283458" 
[10936] "ENSG00000273321"  "ENSG00000267284"  "ENSG00000263765" 
[10939] "ENSG00000265943"  "ENSG00000264825"  "ENSG00000285695" 
[10942] "ENSG00000286293"  "ENSG00000286605"  "ENSG00000263924" 
[10945] "ENSG00000286593"  "ENSG00000287673"  "ENSG00000267193" 
[10948] "ENSG00000265204"  "ENSG00000273141"  "ENSG00000287994" 
[10951] "ENSG00000264790"  "ENSG00000285790"  "ENSG00000267774" 
[10954] "ENSG00000287944"  "ENSG00000286283"  "ENSG00000267695" 
[10957] "ENSG00000266541"  "ENSG00000286499"  "ENSG00000267112" 
[10960] "ENSG00000263797"  "ENSG00000267674"  "ENSG00000286777" 
[10963] "ENSG00000267327"  "ENSG00000267279"  "ENSG00000266335" 
[10966] "ENSG00000266997"  "ENSG00000267061"  "ENSG00000267146" 
[10969] "ENSG00000267699"  "ENSG00000267038"  "ENSG00000288545" 
[10972] "ENSG00000273335"  "ENSG00000260759"  "ENSG00000277310" 
[10975] "ENSG00000267249"  "ENSG00000276174"  "ENSG00000277324" 
[10978] "ENSG00000263688"  "ENSG00000267789"  "ENSG00000266846" 
[10981] "ENSG00000266900"  "ENSG00000273664"  "ENSG00000267732" 
[10984] "ENSG00000264695"  "ENSG00000267401"  "ENSG00000272788" 
[10987] "ENSG00000282965"  "ENSG00000267316"  "ENSG00000265174" 
[10990] "ENSG00000285653"  "ENSG00000267462"  "ENSG00000276092" 
[10993] "ENSG00000267175"  "ENSG00000267341"  "ENSG00000267764" 
[10996] "ENSG00000267143"  "ENSG00000285681"  "ENSG00000267269" 
[10999] "ENSG00000265094"  "ENSG00000267079"  "ENSG00000267000" 
[11002] "ENSG00000267762"  "ENSG00000278017"  "ENSG00000263745" 
[11005] "ENSG00000286642"  "ENSG00000287381"  "ENSG00000286649" 
[11008] "ENSG00000266844"  "ENSG00000267686"  "ENSG00000274275" 
[11011] "ENSG00000265484"  "ENSG00000287611"  "ENSG00000265425" 
[11014] "ENSG00000264514"  "ENSG00000287314"  "ENSG00000264149" 
[11017] "ENSG00000264254"  "ENSG00000263305"  "ENSG00000287209" 
[11020] "ENSG00000274184"  "ENSG00000267560"  "ENSG00000286559" 
[11023] "ENSG00000266268"  "ENSG00000266014"  "ENSG00000266460" 
[11026] "ENSG00000266513"  "ENSG00000278923"  "ENSG00000267397" 
[11029] "ENSG00000265844"  "ENSG00000265380"  "ENSG00000285095" 
[11032] "ENSG00000267655"  "ENSG00000228835"  "ENSG00000268573" 
[11035] "ENSG00000263637"  "ENSG00000266743"  "ENSG00000275512" 
[11038] "ENSG00000273232"  "ENSG00000264340"  "ENSG00000267354" 
[11041] "ENSG00000286800"  "ENSG00000287993"  "ENSG00000265378" 
[11044] "ENSG00000265552"  "ENSG00000264634"  "ENSG00000264334" 
[11047] "ENSG00000265217"  "ENSG00000273368"  "ENSG00000266489" 
[11050] "ENSG00000287907"  "ENSG00000263720"  "ENSG00000283667" 
[11053] "ENSG00000267746"  "ENSG00000263655"  "ENSG00000264693" 
[11056] "ENSG00000265643"  "ENSG00000265671"  "ENSG00000266196" 
[11059] "ENSG00000266288"  "ENSG00000266840"  "ENSG00000286727" 
[11062] "ENSG00000267051"  "ENSG00000265717"  "ENSG00000263588" 
[11065] "ENSG00000264705"  "ENSG00000287007"  "ENSG00000267677" 
[11068] "ENSG00000267127"  "ENSG00000286186"  "ENSG00000267707" 
[11071] "ENSG00000264475"  "ENSG00000263622"  "ENSG00000266614" 
[11074] "ENSG00000263982"  "ENSG00000261307"  "ENSG00000276282" 
[11077] "ENSG00000266774"  "ENSG00000266273"  "ENSG00000287281" 
[11080] "ENSG00000264015"  "ENSG00000266213"  "ENSG00000286603" 
[11083] "ENSG00000264108"  "ENSG00000267196"  "ENSG00000287680" 
[11086] "ENSG00000265101"  "ENSG00000264212"  "ENSG00000264116" 
[11089] "ENSG00000267202"  "ENSG00000286296"  "ENSG00000275186" 
[11092] "ENSG00000278607"  "ENSG00000263611"  "ENSG00000263450" 
[11095] "ENSG00000264472"  "ENSG00000266586"  "ENSG00000287295" 
[11098] "ENSG00000286126"  "ENSG00000264595"  "ENSG00000278000" 
[11101] "ENSG00000273669"  "ENSG00000287943"  "ENSG00000287693" 
[11104] "ENSG00000265644"  "ENSG00000263594"  "ENSG00000263547" 
[11107] "ENSG00000287758"  "ENSG00000275178"  "ENSG00000267251" 
[11110] "ENSG00000263917"  "ENSG00000260457"  "ENSG00000265995" 
[11113] "ENSG00000286245"  "ENSG00000265579"  "ENSG00000267628" 
[11116] "ENSG00000276934"  "ENSG00000263863"  "ENSG00000267583" 
[11119] "ENSG00000266171"  "ENSG00000286844"  "ENSG00000267098" 
[11122] "ENSG00000285940"  "ENSG00000267140"  "ENSG00000285748" 
[11125] "ENSG00000264131"  "ENSG00000286716"  "ENSG00000265781" 
[11128] "ENSG00000286328"  "ENSG00000268566"  "ENSG00000273584" 
[11131] "ENSG00000267399"  "ENSG00000286976"  "ENSG00000264869" 
[11134] "ENSG00000264339"  "ENSG00000265980"  "ENSG00000278532" 
[11137] "ENSG00000278330"  "ENSG00000287689"  "ENSG00000278911" 
[11140] "ENSG00000264635"  "ENSG00000278107"  "ENSG00000287509" 
[11143] "ENSG00000286090"  "ENSG00000285915"  "ENSG00000287248" 
[11146] "ENSG00000276993"  "ENSG00000267356"  "ENSG00000206129" 
[11149] "ENSG00000283294"  "ENSG00000267015"  "ENSG00000274776" 
[11152] "ENSG00000266957"  "ENSG00000267724"  "ENSG00000267228" 
[11155] "ENSG00000288616"  "ENSG00000288607"  "ENSG00000288631" 
[11158] "ENSG00000266521"  "ENSG00000259985"  "ENSG00000286426" 
[11161] "ENSG00000227279"  "ENSG00000274578"  "ENSG00000266905" 
[11164] "ENSG00000264269"  "ENSG00000265128"  "ENSG00000266696" 
[11167] "ENSG00000263895"  "ENSG00000287518"  "ENSG00000263916" 
[11170] "ENSG00000265496"  "ENSG00000267172"  "ENSG00000263677" 
[11173] "ENSG00000263382"  "ENSG00000267743"  "ENSG00000267504" 
[11176] "ENSG00000267396"  "ENSG00000277837"  "ENSG00000278703" 
[11179] "ENSG00000267040"  "ENSG00000267787"  "ENSG00000267675" 
[11182] "ENSG00000276403"  "ENSG00000274354"  "ENSG00000267257" 
[11185] "ENSG00000267579"  "ENSG00000275418"  "ENSG00000267476" 
[11188] "ENSG00000267705"  "ENSG00000267501"  "ENSG00000267215" 
[11191] "ENSG00000265728"  "ENSG00000264072"  "ENSG00000260779" 
[11194] "ENSG00000264843"  "ENSG00000263952"  "ENSG00000287646" 
[11197] "ENSG00000265948"  "ENSG00000265751"  "ENSG00000264188" 
[11200] "ENSG00000265656"  "ENSG00000267766"  "ENSG00000283125" 
[11203] "ENSG00000269989"  "ENSG00000267722"  "ENSG00000267643" 
[11206] "ENSG00000267247"  "ENSG00000267069"  "ENSG00000267101" 
[11209] "ENSG00000267286"  "ENSG00000267239"  "ENSG00000267177" 
[11212] "ENSG00000286926"  "ENSG00000267393"  "ENSG00000267694" 
[11215] "ENSG00000267529"  "ENSG00000267366"  "ENSG00000267136" 
[11218] "ENSG00000267503"  "ENSG00000266954"  "ENSG00000266049" 
[11221] "ENSG00000272625"  "ENSG00000265907"  "ENSG00000266397" 
[11224] "ENSG00000265399"  "ENSG00000272688"  "ENSG00000265670" 
[11227] "ENSG00000263698"  "ENSG00000265008"  "ENSG00000263393" 
[11230] "ENSG00000263904"  "ENSG00000264982"  "ENSG00000285993" 
[11233] "ENSG00000268873"  "ENSG00000278464"  "ENSG00000260569" 
[11236] "ENSG00000286529"  "ENSG00000260578"  "ENSG00000263424" 
[11239] "ENSG00000267480"  "ENSG00000267108"  "ENSG00000267199" 
[11242] "ENSG00000267287"  "ENSG00000267409"  "ENSG00000178412" 
[11245] "ENSG00000274828"  "ENSG00000266901"  "ENSG00000266924" 
[11248] "ENSG00000267780"  "ENSG00000278075"  "ENSG00000287879" 
[11251] "ENSG00000266708"  "ENSG00000260861"  "ENSG00000256566" 
[11254] "ENSG00000282478"  "ENSG00000286108"  "ENSG00000276649" 
[11257] "ENSG00000228809"  "ENSG00000270777"  "ENSG00000233625" 
[11260] "ENSG00000286787"  "ENSG00000238034"  "ENSG00000287754" 
[11263] "ENSG00000275632"  "ENSG00000236387"  "ENSG00000236526" 
[11266] "ENSG00000228293"  "ENSG00000230990"  "ENSG00000287213" 
[11269] "ENSG00000286571"  "ENSG00000226644"  "ENSG00000276768" 
[11272] "ENSG00000225280"  "ENSG00000274414"  "ENSG00000232271" 
[11275] "ENSG00000230908"  "ENSG00000277087"  "ENSG00000274863" 
[11278] "ENSG00000284776"  "ENSG00000287561"  "ENSG00000226465" 
[11281] "ENSG00000278816"  "ENSG00000287241"  "ENSG00000277692" 
[11284] "ENSG00000286022"  "ENSG00000204684"  "ENSG00000278192" 
[11287] "ENSG00000233492"  "ENSG00000230440"  "ENSG00000286087" 
[11290] "ENSG00000278041"  "ENSG00000229766"  "ENSG00000230725" 
[11293] "ENSG00000286311"  "ENSG00000238102"  "ENSG00000287569" 
[11296] "ENSG00000283072"  "ENSG00000286288"  "ENSG00000270001" 
[11299] "ENSG00000228539"  "ENSG00000286472"  "ENSG00000273838" 
[11302] "ENSG00000224876"  "ENSG00000287288"  "ENSG00000278383" 
[11305] "ENSG00000230492"  "ENSG00000260202"  "ENSG00000277901" 
[11308] "ENSG00000238129"  "ENSG00000286235"  "ENSG00000286270" 
[11311] "ENSG00000287211"  "ENSG00000236985"  "ENSG00000231015" 
[11314] "ENSG00000270299"  "ENSG00000225056"  "ENSG00000277558" 
[11317] "ENSG00000273998"  "ENSG00000232900"  "ENSG00000285100" 
[11320] "ENSG00000229042"  "ENSG00000277581"  "ENSG00000274825" 
[11323] "ENSG00000250917"  "ENSG00000225956"  "ENSG00000277550" 
[11326] "ENSG00000234862"  "ENSG00000206249"  "ENSG00000223410" 
[11329] "ENSG00000235820"  "ENSG00000276638"  "ENSG00000236772" 
[11332] "ENSG00000231081"  "ENSG00000274173"  "ENSG00000286483" 
[11335] "ENSG00000286803"  "ENSG00000228503"  "ENSG00000285144" 
[11338] "ENSG00000273828"  "ENSG00000276223"  "ENSG00000286100" 
[11341] "ENSG00000234967"  "ENSG00000275728"  "ENSG00000281460" 
[11344] "ENSG00000236874"  "ENSG00000286063"  "ENSG00000230387" 
[11347] "ENSG00000234646"  "ENSG00000287983"  "ENSG00000231119" 
[11350] "ENSG00000281365"  "ENSG00000229976"  "ENSG00000273451" 
[11353] "ENSG00000269931"  "ENSG00000235292"  "ENSG00000233415" 
[11356] "ENSG00000286117"  "ENSG00000286083"  "ENSG00000274261" 
[11359] "ENSG00000132832"  "ENSG00000255438"  "ENSG00000229957" 
[11362] "ENSG00000277425"  "ENSG00000225181"  "ENSG00000287062" 
[11365] "ENSG00000225458"  "ENSG00000276923"  "ENSG00000234698" 
[11368] "ENSG00000232200"  "ENSG00000232043"  "ENSG00000278153" 
[11371] "ENSG00000286052"  "ENSG00000283757"  "ENSG00000236028" 
[11374] "ENSG00000277301"  "ENSG00000286250"  "ENSG00000223492" 
[11377] "ENSG00000235415"  "ENSG00000273893"  "ENSG00000236352" 
[11380] "ENSG00000228959"  "ENSG00000288083"  "ENSG00000267882" 
[11383] "ENSG00000287335"  "ENSG00000238282"  "ENSG00000286229" 
[11386] "ENSG00000287853"  "ENSG00000234900"  "ENSG00000286179" 
[11389] "ENSG00000287443"  "ENSG00000287107"  "ENSG00000232286" 
[11392] "ENSG00000227705"  "ENSG00000237832"  "ENSG00000230437" 
[11395] "ENSG00000230506"  "ENSG00000259723"  "ENSG00000266908" 
[11398] "ENSG00000277938"  "ENSG00000287886"  "ENSG00000236151" 
[11401] "ENSG00000272945"  "ENSG00000231703"  "ENSG00000226308" 
[11404] "ENSG00000275358"  "ENSG00000225563"  "ENSG00000286444" 
[11407] "ENSG00000277829"  "ENSG00000288086"  "ENSG00000286546" 
[11410] "ENSG00000228386"  "ENSG00000283078"  "ENSG00000286587" 
[11413] "ENSG00000275437"  "ENSG00000225106"  "ENSG00000179253" 
[11416] "ENSG00000274507"  "ENSG00000232121"  "ENSG00000287752" 
[11419] "ENSG00000203266"  "ENSG00000227297"  "ENSG00000230843" 
[11422] "ENSG00000277373"  "ENSG00000270792"  "ENSG00000271774" 
[11425] "ENSG00000275401"  "ENSG00000225417"  "ENSG00000277270" 
[11428] "ENSG00000276093"  "ENSG00000232448"  "ENSG00000233017" 
[11431] "ENSG00000229755"  "ENSG00000273619"  "ENSG00000286999" 
[11434] "ENSG00000225785"  "ENSG00000275923"  "ENSG00000286232" 
[11437] "ENSG00000229882"  "ENSG00000276952"  "ENSG00000264490" 
[11440] "ENSG00000286159"  "ENSG00000261411"  "ENSG00000285347" 
[11443] "ENSG00000232294"  "ENSG00000232465"  "ENSG00000276786" 
[11446] "ENSG00000286006"  "ENSG00000225708"  "ENSG00000276627" 
[11449] "ENSG00000287410"  "ENSG00000260542"  "ENSG00000231604" 
[11452] "ENSG00000197670"  "ENSG00000224635"  "ENSG00000268858" 
[11455] "ENSG00000231078"  "ENSG00000276603"  "ENSG00000261035" 
[11458] "ENSG00000203971"  "ENSG00000272050"  "ENSG00000237371" 
[11461] "ENSG00000275285"  "ENSG00000286309"  "ENSG00000225129" 
[11464] "ENSG00000273812"  "ENSG00000230352"  "ENSG00000227282" 
[11467] "ENSG00000226332"  "ENSG00000234104"  "ENSG00000287511" 
[11470] "ENSG00000204117"  "ENSG00000287478"  "ENSG00000286865" 
[11473] "ENSG00000275894"  "ENSG00000254620"  "ENSG00000254419" 
[11476] "ENSG00000270279"  "ENSG00000268649"  "ENSG00000268333" 
[11479] "ENSG00000225806"  "ENSG00000270951"  "ENSG00000285091" 
[11482] "ENSG00000272897"  "ENSG00000226812"  "ENSG00000233376" 
[11485] "ENSG00000287570"  "ENSG00000288000"  "ENSG00000277611" 
[11488] "ENSG00000226143"  "ENSG00000282876"  "ENSG00000287324" 
[11491] "ENSG00000260416"  "ENSG00000286628"  "ENSG00000231977" 
[11494] "ENSG00000273821"  "ENSG00000203900"  "ENSG00000280936" 
[11497] "ENSG00000286936"  "ENSG00000285508"  "ENSG00000285723" 
[11500] "ENSG00000230226"  "ENSG00000275812"  "ENSG00000278012" 
[11503] "ENSG00000226239"  "ENSG00000275576"  "ENSG00000287850" 
[11506] "ENSG00000233293"  "ENSG00000228156"  "ENSG00000285382" 
[11509] "ENSG00000260536"  "ENSG00000260257"  "ENSG00000278367" 
[11512] "ENSG00000261582"  "ENSG00000269846"  "ENSG00000286240" 
[11515] "ENSG00000232406"  "ENSG00000278035"  "ENSG00000277287" 
[11518] "ENSG00000288577"  "ENSG00000274364"  "ENSG00000278276" 
[11521] "ENSG00000283405"  "ENSG00000228604"  "ENSG00000275457" 
[11524] "ENSG00000229262"  "ENSG00000287954"  "ENSG00000230010" 
[11527] "ENSG00000286740"  "ENSG00000232738"  "ENSG00000286470" 
[11530] "ENSG00000274269"  "ENSG00000274322"  "ENSG00000229728" 
[11533] "ENSG00000271984"  "ENSG00000285796"  "ENSG00000275223" 
[11536] "ENSG00000271803"  "ENSG00000229188"  "ENSG00000233508" 
[11539] "ENSG00000276688"  "ENSG00000230563"  "ENSG00000278595" 
[11542] "ENSG00000287430"  "ENSG00000235996"  "ENSG00000232675" 
[11545] "ENSG00000268628"  "ENSG00000229771"  "ENSG00000286972" 
[11548] "ENSG00000273951"  "ENSG00000277022"  "ENSG00000237464" 
[11551] "ENSG00000167046"  "ENSG00000277496"  "ENSG00000276317" 
[11554] "ENSG00000223669"  "ENSG00000273759"  "ENSG00000274949" 
[11557] "ENSG00000234139"  "ENSG00000277235"  "ENSG00000237063" 
[11560] "ENSG00000272874"  "ENSG00000286158"  "ENSG00000278231" 
[11563] "ENSG00000287079"  "ENSG00000241054"  "ENSG00000275582" 
[11566] "ENSG00000205300"  "ENSG00000232358"  "ENSG00000273154" 
[11569] "ENSG00000274501"  "ENSG00000273047"  "ENSG00000229299" 
[11572] "ENSG00000241690"  "ENSG00000267666"  "ENSG00000267124" 
[11575] "ENSG00000282535"  "ENSG00000274177"  "ENSG00000267159" 
[11578] "ENSG00000282807"  "ENSG00000286667"  "ENSG00000267073" 
[11581] "ENSG00000267059"  "ENSG00000275162"  "ENSG00000273734" 
[11584] "ENSG00000266990"  "ENSG00000288156"  "ENSG00000261204" 
[11587] "ENSG00000267122"  "ENSG00000267443"  "ENSG00000282393" 
[11590] "ENSG00000267688"  "ENSG00000253392"  "ENSG00000267138" 
[11593] "ENSG00000268536"  "ENSG00000269604"  "ENSG00000287884" 
[11596] "ENSG00000267448"  "ENSG00000274447"  "ENSG00000267157" 
[11599] "ENSG00000267550"  "ENSG00000267412"  "ENSG00000266941" 
[11602] "ENSG00000267571"  "ENSG00000267314"  "ENSG00000267205" 
[11605] "ENSG00000267484"  "ENSG00000267749"  "ENSG00000268845" 
[11608] "ENSG00000267139"  "ENSG00000267214"  "ENSG00000269425" 
[11611] "ENSG00000267740"  "ENSG00000268670"  "ENSG00000284638" 
[11614] "ENSG00000267082"  "ENSG00000273733"  "ENSG00000267646" 
[11617] "ENSG00000267089"  "ENSG00000267986"  "ENSG00000197332" 
[11620] "ENSG00000269300"  "ENSG00000267576"  "ENSG00000266922" 
[11623] "ENSG00000267723"  "ENSG00000267174"  "ENSG00000267474" 
[11626] "ENSG00000267379"  "ENSG00000268673"  "ENSG00000287961" 
[11629] "ENSG00000267033"  "ENSG00000267373"  "ENSG00000268056" 
[11632] "ENSG00000269752"  "ENSG00000279529"  "ENSG00000269578" 
[11635] "ENSG00000141979"  "ENSG00000267629"  "ENSG00000268112" 
[11638] "ENSG00000268790"  "ENSG00000286080"  "ENSG00000267481" 
[11641] "ENSG00000258674"  "ENSG00000268087"  "ENSG00000268199" 
[11644] "ENSG00000267383"  "ENSG00000269085"  "ENSG00000268560" 
[11647] "ENSG00000269427"  "ENSG00000269095"  "ENSG00000268416" 
[11650] "ENSG00000268184"  "ENSG00000269836"  "ENSG00000268597" 
[11653] "ENSG00000269815"  "ENSG00000269044"  "ENSG00000269504" 
[11656] "ENSG00000269043"  "ENSG00000259242"  "ENSG00000269796" 
[11659] "ENSG00000268240"  "ENSG00000269480"  "ENSG00000267886" 
[11662] "ENSG00000277825"  "ENSG00000267904"  "ENSG00000269399" 
[11665] "ENSG00000284428"  "ENSG00000268981"  "ENSG00000268081" 
[11668] "ENSG00000269543"  "ENSG00000267234"  "ENSG00000269243" 
[11671] "ENSG00000268362"  "ENSG00000267565"  "ENSG00000286157" 
[11674] "ENSG00000268555"  "ENSG00000268823"  "ENSG00000268296" 
[11677] "ENSG00000267924"  "ENSG00000267238"  "ENSG00000269350" 
[11680] "ENSG00000267872"  "ENSG00000269110"  "ENSG00000276030" 
[11683] "ENSG00000268309"  "ENSG00000269307"  "ENSG00000267423" 
[11686] "ENSG00000266951"  "ENSG00000267243"  "ENSG00000269397" 
[11689] "ENSG00000267509"  "ENSG00000266248"  "ENSG00000267617" 
[11692] "ENSG00000266893"  "ENSG00000283403"  "ENSG00000267006" 
[11695] "ENSG00000269400"  "ENSG00000260725"  "ENSG00000267581" 
[11698] "ENSG00000288072"  "ENSG00000266928"  "ENSG00000268326" 
[11701] "ENSG00000287272"  "ENSG00000261770"  "ENSG00000267537" 
[11704] "ENSG00000286538"  "ENSG00000283201"  "ENSG00000267557" 
[11707] "ENSG00000267575"  "ENSG00000267703"  "ENSG00000267320" 
[11710] "ENSG00000281468"  "ENSG00000267027"  "ENSG00000267081" 
[11713] "ENSG00000267223"  "ENSG00000267934"  "ENSG00000287526" 
[11716] "ENSG00000266977"  "ENSG00000267240"  "ENSG00000261400" 
[11719] "ENSG00000267388"  "ENSG00000269688"  "ENSG00000142539" 
[11722] "ENSG00000269460"  "ENSG00000269050"  "ENSG00000276449" 
[11725] "ENSG00000276071"  "ENSG00000270947"  "ENSG00000267614" 
[11728] "ENSG00000288253"  "ENSG00000248101"  "ENSG00000273901" 
[11731] "ENSG00000268889"  "ENSG00000268854"  "ENSG00000267727" 
[11734] "ENSG00000268518"  "ENSG00000276445"  "ENSG00000267260" 
[11737] "ENSG00000277806"  "ENSG00000278492"  "ENSG00000267555" 
[11740] "ENSG00000267110"  "ENSG00000269547"  "ENSG00000267058" 
[11743] "ENSG00000286613"  "ENSG00000277013"  "ENSG00000282951" 
[11746] "ENSG00000287170"  "ENSG00000267353"  "ENSG00000288017" 
[11749] "ENSG00000267567"  "ENSG00000268797"  "ENSG00000267881" 
[11752] "ENSG00000284430"  "ENSG00000267022"  "ENSG00000267714" 
[11755] "ENSG00000268833"  "ENSG00000267054"  "ENSG00000269843" 
[11758] "ENSG00000268051"  "ENSG00000268764"  "ENSG00000268230" 
[11761] "ENSG00000278239"  "ENSG00000287859"  "ENSG00000269533" 
[11764] "ENSG00000268533"  "ENSG00000266985"  "ENSG00000268460" 
[11767] "ENSG00000267378"  "ENSG00000266953"  "ENSG00000186019" 
[11770] "ENSG00000268049"  "ENSG00000269289"  "ENSG00000273420" 
[11773] "ENSG00000269745"  "ENSG00000267760"  "ENSG00000215765" 
[11776] "ENSG00000269353"  "ENSG00000268683"  "ENSG00000267683" 
[11779] "ENSG00000268163"  "ENSG00000267580"  "ENSG00000232098" 
[11782] "ENSG00000267984"  "ENSG00000287035"  "ENSG00000267786" 
[11785] "ENSG00000268912"  "ENSG00000275055"  "ENSG00000286104" 
[11788] "ENSG00000260160"  "ENSG00000268055"  "ENSG00000286632" 
[11791] "ENSG00000269124"  "ENSG00000269403"  "ENSG00000285128" 
[11794] "ENSG00000268520"  "ENSG00000269600"  "ENSG00000267827" 
[11797] "ENSG00000267224"  "ENSG00000270212"  "ENSG00000267922" 
[11800] "ENSG00000268083"  "ENSG00000268458"  "ENSG00000268810" 
[11803] "ENSG00000269151"  "ENSG00000267838"  "ENSG00000267219" 
[11806] "ENSG00000268601"  "ENSG00000268734"  "ENSG00000269729" 
[11809] "ENSG00000267927"  "ENSG00000227606"  "ENSG00000254760" 
[11812] "ENSG00000269106"  "ENSG00000287896"  "ENSG00000268015" 
[11815] "ENSG00000286041"  "ENSG00000267024"  "ENSG00000287271" 
[11818] "ENSG00000266963"  "ENSG00000269553"  "ENSG00000268947" 
[11821] "ENSG00000286867"  "ENSG00000269102"  "ENSG00000231412" 
[11824] "ENSG00000269392"  "ENSG00000268595"  "ENSG00000269535" 
[11827] "ENSG00000267173"  "ENSG00000233214"  "ENSG00000267090" 
[11830] "ENSG00000269495"  "ENSG00000276570"  "ENSG00000283515" 
[11833] "ENSG00000272396"  "ENSG00000268713"  "ENSG00000285505" 
[11836] "ENSG00000268201"  "ENSG00000232680"  "ENSG00000267879" 
[11839] "ENSG00000267188"  "ENSG00000287399"  "ENSG00000267130" 
[11842] "ENSG00000267149"  "ENSG00000271366"  "ENSG00000268205" 
[11845] "ENSG00000269534"  "ENSG00000286125"  "ENSG00000269321" 
[11848] "ENSG00000283907"  "ENSG00000282943"  "ENSG00000260599" 
[11851] "ENSG00000268678"  "ENSG00000268355"  "ENSG00000275210" 
[11854] "ENSG00000267133"  "ENSG00000269741"  "ENSG00000268027" 
[11857] "ENSG00000197813"  "ENSG00000268739"  "ENSG00000283103" 
[11860] "ENSG00000276251"  "ENSG00000268133"  "ENSG00000275719" 
[11863] "ENSG00000269177"  "ENSG00000268361"  "ENSG00000269107" 
[11866] "ENSG00000269583"  "ENSG00000267636"  "ENSG00000287533" 
[11869] "ENSG00000286669"  "ENSG00000269271"  "ENSG00000268157" 
[11872] "ENSG00000268906"  "ENSG00000268390"  "ENSG00000286230" 
[11875] "ENSG00000268686"  "ENSG00000274104"  "ENSG00000269445" 
[11878] "ENSG00000266976"  "ENSG00000227407"  "ENSG00000268496" 
[11881] "ENSG00000269873"  "ENSG00000269072"  "ENSG00000267574" 
[11884] "ENSG00000267599"  "ENSG00000267815"  "ENSG00000205041" 
[11887] "ENSG00000268583"  "ENSG00000276631"  "ENSG00000267649" 
[11890] "ENSG00000267992"  "ENSG00000269172"  "ENSG00000269246" 
[11893] "ENSG00000269792"  "ENSG00000204850"  "ENSG00000269292" 
[11896] "ENSG00000269487"  "ENSG00000275234"  "ENSG00000268203" 
[11899] "ENSG00000268191"  "ENSG00000276980"  "ENSG00000269680" 
[11902] "ENSG00000272473"  "ENSG00000269148"  "ENSG00000268401" 
[11905] "ENSG00000259605"  "ENSG00000268434"  "ENSG00000267273" 
[11908] "ENSG00000287960"  "ENSG00000277587"  "ENSG00000267612" 
[11911] "ENSG00000266950"  "ENSG00000268746"  "ENSG00000277383" 
[11914] "ENSG00000268750"  "ENSG00000269867"  "ENSG00000269476" 
[11917] "ENSG00000269179"  "ENSG00000269091"  "ENSG00000204666" 
[11920] "ENSG00000267890"  "ENSG00000287001"  "ENSG00000268231" 
[11923] "ENSG00000268375"  "ENSG00000267968"  "ENSG00000267044" 
[11926] "ENSG00000288618"  "ENSG00000267053"  "ENSG00000266973" 
[11929] "ENSG00000267363"  "ENSG00000228629"  "ENSG00000266936" 
[11932] "ENSG00000277453"  "ENSG00000286024"  "ENSG00000260366" 
[11935] "ENSG00000267898"  "ENSG00000267345"  "ENSG00000267672" 
[11938] "ENSG00000267360"  "ENSG00000267437"  "ENSG00000267605" 
[11941] "ENSG00000286449"  "ENSG00000276846"  "ENSG00000267682" 
[11944] "ENSG00000261754"  "ENSG00000269086"  "ENSG00000271109" 
[11947] "ENSG00000271032"  "ENSG00000179066"  "ENSG00000285526" 
[11950] "ENSG00000221857"  "ENSG00000267458"  "ENSG00000267417" 
[11953] "ENSG00000267610"  "ENSG00000268729"  "ENSG00000276831" 
[11956] "ENSG00000267706"  "ENSG00000269275"  "ENSG00000276488" 
[11959] "ENSG00000267523"  "ENSG00000267096"  "ENSG00000267117" 
[11962] "ENSG00000280486"  "ENSG00000248015"  "ENSG00000268798" 
[11965] "ENSG00000267317"  "ENSG00000267092"  "ENSG00000269749" 
[11968] "ENSG00000269296"  "ENSG00000267510"  "ENSG00000283108" 
[11971] "ENSG00000287275"  "ENSG00000267298"  "ENSG00000267429" 
[11974] "ENSG00000267606"  "ENSG00000285996"  "ENSG00000267192" 
[11977] "ENSG00000267650"  "ENSG00000267387"  "ENSG00000266978" 
[11980] "ENSG00000267105"  "ENSG00000267607"  "ENSG00000167807" 
[11983] "ENSG00000267303"  "ENSG00000274425"  "ENSG00000269349" 
[11986] "ENSG00000268886"  "ENSG00000268970"  "ENSG00000268266" 
[11989] "ENSG00000268107"  "ENSG00000268392"  "ENSG00000267115" 
[11992] "ENSG00000180458"  "ENSG00000267552"  "ENSG00000267152" 
[11995] "ENSG00000287496"  "ENSG00000269652"  "ENSG00000286177" 
[11998] "ENSG00000255730"  "ENSG00000277744"  "ENSG00000268987" 
[12001] "ENSG00000268475"  "ENSG00000268777"  "ENSG00000267808" 
[12004] "ENSG00000273837"  "ENSG00000286236"  "ENSG00000268316" 
[12007] "ENSG00000268173"  "ENSG00000268650"  "ENSG00000285188" 
[12010] "ENSG00000284797"  "ENSG00000269194"  "ENSG00000268047" 
[12013] "ENSG00000267120"  "ENSG00000188223"  "ENSG00000267439" 
[12016] "ENSG00000267328"  "ENSG00000267049"  "ENSG00000266897" 
[12019] "ENSG00000271717"  "ENSG00000167774"  "ENSG00000268931" 
[12022] "ENSG00000268618"  "ENSG00000268530"  "ENSG00000268465" 
[12025] "ENSG00000287603"  "ENSG00000268093"  "ENSG00000267277" 
[12028] "ENSG00000267477"  "ENSG00000269469"  "ENSG00000273189" 
[12031] "ENSG00000268636"  "ENSG00000268677"  "ENSG00000269807" 
[12034] "ENSG00000269318"  "ENSG00000267980"  "ENSG00000267255" 
[12037] "ENSG00000267030"  "ENSG00000267769"  "ENSG00000267011" 
[12040] "ENSG00000267385"  "ENSG00000268565"  "ENSG00000269082" 
[12043] "ENSG00000267943"  "ENSG00000268655"  "ENSG00000267335" 
[12046] "ENSG00000283663"  "ENSG00000268108"  "ENSG00000268287" 
[12049] "ENSG00000287608"  "ENSG00000269842"  "ENSG00000267007" 
[12052] "ENSG00000267244"  "ENSG00000267125"  "ENSG00000267141" 
[12055] "ENSG00000261526"  "ENSG00000267232"  "ENSG00000267283" 
[12058] "ENSG00000286880"  "ENSG00000268605"  "ENSG00000268400" 
[12061] "ENSG00000268204"  "ENSG00000269711"  "ENSG00000268120" 
[12064] "ENSG00000214248"  "ENSG00000268149"  "ENSG00000260500" 
[12067] "ENSG00000269139"  "ENSG00000286138"  "ENSG00000269813" 
[12070] "ENSG00000269237"  "ENSG00000268119"  "ENSG00000267952" 
[12073] "ENSG00000269371"  "ENSG00000268614"  "ENSG00000269693" 
[12076] "ENSG00000269560"  "ENSG00000230310"  "ENSG00000269242" 
[12079] "ENSG00000269590"  "ENSG00000285589"  "ENSG00000285583" 
[12082] "ENSG00000268945"  "ENSG00000267791"  "ENSG00000267004" 
[12085] "ENSG00000267062"  "ENSG00000267424"  "ENSG00000267735" 
[12088] "ENSG00000269635"  "ENSG00000273218"  "ENSG00000269161" 
[12091] "ENSG00000267469"  "ENSG00000267582"  "ENSG00000275091" 
[12094] "ENSG00000267670"  "ENSG00000267783"  "ENSG00000287254" 
[12097] "ENSG00000267406"  "ENSG00000269694"  "ENSG00000268193" 
[12100] "ENSG00000276097"  "ENSG00000267001"  "ENSG00000286460" 
[12103] "ENSG00000261342"  "ENSG00000267063"  "ENSG00000287766" 
[12106] "ENSG00000267197"  "ENSG00000268643"  "ENSG00000254887" 
[12109] "ENSG00000259436"  "ENSG00000288671"  "ENSG00000288669" 
[12112] "ENSG00000267375"  "ENSG00000267892"  "ENSG00000268756" 
[12115] "ENSG00000267372"  "ENSG00000267755"  "ENSG00000267512" 
[12118] "ENSG00000287296"  "ENSG00000267598"  "ENSG00000269481" 
[12121] "ENSG00000269053"  "ENSG00000269035"  "ENSG00000269736" 
[12124] "ENSG00000267709"  "ENSG00000267304"  "ENSG00000268189" 
[12127] "ENSG00000267262"  "ENSG00000267299"  "ENSG00000267563" 
[12130] "ENSG00000269802"  "ENSG00000269444"  "ENSG00000267939" 
[12133] "ENSG00000267633"  "ENSG00000269653"  "ENSG00000268499" 
[12136] "ENSG00000267748"  "ENSG00000286037"  "ENSG00000267698" 
[12139] "ENSG00000270760"  "ENSG00000269825"  "ENSG00000237017" 
[12142] "ENSG00000223660"  "ENSG00000269524"  "ENSG00000261341" 
[12145] "ENSG00000267282"  "ENSG00000267114"  "ENSG00000268744" 
[12148] "ENSG00000268870"  "ENSG00000269755"  "ENSG00000234848" 
[12151] "ENSG00000196826"  "ENSG00000267212"  "ENSG00000269877" 
[12154] "ENSG00000269564"  "ENSG00000232220"  "ENSG00000267436" 
[12157] "ENSG00000267231"  "ENSG00000268938"  "ENSG00000269191" 
[12160] "ENSG00000268030"  "ENSG00000268983"  "ENSG00000267179" 
[12163] "ENSG00000267274"  "ENSG00000286098"  "ENSG00000257355" 
[12166] "ENSG00000286132"  "ENSG00000176593"  "ENSG00000286949" 
[12169] "ENSG00000269799"  "ENSG00000268743"  "ENSG00000268985" 
[12172] "ENSG00000268289"  "ENSG00000269066"  "ENSG00000288704" 
[12175] "ENSG00000267465"  "SIGLEC5.1"        "ENSG00000269026" 
[12178] "ENSG00000269646"  "ENSG00000268842"  "ENSG00000269288" 
[12181] "ENSG00000269758"  "ENSG00000277930"  "ENSG00000228379" 
[12184] "ENSG00000286009"  "ENSG00000286201"  "ENSG00000254488" 
[12187] "ENSG00000236951"  "ENSG00000286050"  "ENSG00000288057" 
[12190] "ENSG00000223517"  "ENSG00000286187"  "ENSG00000235059" 
[12193] "ENSG00000229308"  "ENSG00000286247"  "ENSG00000251510" 
[12196] "ENSG00000260197"  "ENSG00000288049"  "ENSG00000273906" 
[12199] "ENSG00000286130"  "ENSG00000278847"  "ENSG00000279442" 
[12202] "ENSG00000273442"  "ENSG00000283633"  "ENSG00000272872" 
[12205] "ENSG00000286367"  "ENSG00000237689"  "ENSG00000273362" 
[12208] "ENSG00000267338"  "ENSG00000280341"  "ENSG00000277017" 
[12211] "ENSG00000230471"  "ENSG00000237407"  "ENSG00000273244" 
[12214] "ENSG00000279973"  "ENSG00000273203"  "ENSG00000233866" 
[12217] "ENSG00000287285"  "ENSG00000235578"  "ENSG00000223999" 
[12220] "ENSG00000234503"  "ENSG00000197210"  "ENSG00000229770" 
[12223] "ENSG00000288024"  "ENSG00000280025"  "ENSG00000279848" 
[12226] "ENSG00000279298"  "ENSG00000287034"  "ENSG00000240591" 
[12229] "ENSG00000224277"  "ENSG00000287864"  "ENSG00000236858" 
[12232] "ENSG00000273044"  "ENSG00000280356"  "ENSG00000227880" 
[12235] "ENSG00000278920"  "ENSG00000268818"  "ENSG00000236641" 
[12238] "ENSG00000230051"  "ENSG00000231495"  "ENSG00000235271" 
[12241] "ENSG00000279085"  "ENSG00000100101"  "ENSG00000238195" 
[12244] "ENSG00000231405"  "ENSG00000234891"  "ENSG00000279110" 
[12247] "ENSG00000228587"  "ENSG00000224027"  "ENSG00000211683" 
[12250] "ENSG00000279159"  "ENSG00000224404"  "ENSG00000232464" 
[12253] "ENSG00000279440"  "ENSG00000227838"  "ENSG00000234979" 
[12256] "ENSG00000228719"  "ENSG00000226169"  "ENSG00000287773" 
[12259] "ENSG00000223695"  "ENSG00000226471"  "ENSG00000272733" 
[12262] "ENSG00000239674"  "ENSG00000228620"  "ENSG00000285404" 
[12265] "ENSG00000235091"  "ENSG00000286801"  "ELFN2.1"         
[12268] "ENSG00000287817"  "ENSG00000280199"  "ENSG00000281732" 
[12271] "ENSG00000235154"  "ENSG00000225528"  "ENSG00000261675" 
[12274] "ENSG00000287269"  "ENSG00000233179"  "ENSG00000224715" 
[12277] "ENSG00000234884"  "ENSG00000229955"  "ENSG00000286941" 
[12280] "ENSG00000229971"  "ENSG00000279548"  "ENSG00000260708" 
[12283] "ENSG00000288540"  "ENSG00000286440"  "ENSG00000286144" 
[12286] "ENSG00000279494"  "ENSG00000273192"  "ENSG00000229673" 
[12289] "ENSG00000285304"  "ENSG00000272858"  "ENSG00000272694" 
[12292] "ENSG00000237316"  "ENSG00000230922"  "ENSG00000279182" 
[12295] "ENSG00000273289"  "ENSG00000225867"  "ENSG00000260613" 
[12298] "ENSG00000231010"  "ENSG00000286393"  "ENSG00000235159" 
[12301] "ENSG00000285722"  "ENSG00000213279"  "ENSG00000287225" 
[12304] "ENSG00000279345"  "ENSG00000279597"  "ENSG00000279712" 
[12307] "ENSG00000225676"  "ENSG00000279833"  "ENSG00000280224" 
[12310] "ENSG00000238192"  "ENSG00000232363"  "ENSG00000279954" 
[12313] "ENSG00000234688"  "ENSG00000226954"  "ENSG00000279175" 
[12316] "ENSG00000280383"  "ENSG00000286381"  "ENSG00000273353" 
[12319] "ENSG00000273243"  "ENSG00000206028"  "ENSG00000233574" 
[12322] "ENSG00000278890"  "ENSG00000235111"  "ENSG00000285623" 
[12325] "ENSG00000286485"  "ENSG00000273387"  "ENSG00000229275" 
[12328] "ENSG00000284633"  "ENSG00000280434"  "ENSG00000279006" 
[12331] "ENSG00000223726"  "ENSG00000212939"  "ENSG00000278869" 
[12334] "ENSG00000235246"  "ENSG00000273287"  "ENSG00000237387" 
[12337] "ENSG00000280445"  "ENSG00000279914"  "ENSG00000280384" 
[12340] "ENSG00000234892"  "ENSG00000273145"  "ENSG00000224794" 
[12343] "ENSG00000232754"  "ENSG00000280011"  "ENSG00000270022" 
[12346] "ENSG00000220702"  "ENSG00000285855"  "ENSG00000224271" 
[12349] "ENSG00000285707"  "ENSG00000237862"  "ENSG00000278960" 
[12352] "ENSG00000231467"  "ENSG00000230120"  "ENSG00000273325" 
[12355] "ENSG00000234626"  "ENSG00000230736"  "ENSG00000241954" 
[12358] "ENSG00000227519"  "ENSG00000286326"  "ENSG00000287236" 
[12361] "ENSG00000235237"  "ENSG00000228923"  "ENSG00000286070" 
[12364] "ENSG00000230947"  "ENSG00000284070"  "ENSG00000282012" 
[12367] "ENSG00000284431"  "ENSG00000272834"  "ENSG00000269987" 
[12370] "ENSG00000269972"  "ENSG00000279987"  "ENSG00000283809" 
[12373] "ENSG00000284294"  "ENSG00000280418"  "ENSG00000281530" 
[12376] "ENSG00000270083"  "ENSG00000232710"  "ENSG00000281538" 
[12379] "ENSG00000230107"  "ENSG00000288106"  "ENSG00000235209" 
[12382] "ENSG00000284554"  "ENSG00000285025"  "ENSG00000286195" 
[12385] "ENSG00000236754"  "ENSG00000093100"  "ENSG00000286990" 
[12388] "ENSG00000235445"  "ENSG00000234913"  "ENSG00000225335" 
[12391] "ENSG00000286508"  "ENSG00000225929"  "ENSG00000254499" 
[12394] "ENSG00000228622"  "ENSG00000230741"  "ENSG00000234869" 
[12397] "ENSG00000232073"  "ENSG00000233408"  "ENSG00000273424" 
[12400] "ENSG00000286491"  "ENSG00000236540"  "ENSG00000268292" 
[12403] "ENSG00000243762"  "ENSG00000287146"  "ENSG00000185065" 
[12406] "ENSG00000273300"  "ENSG00000273212"  "ENSG00000287652" 
[12409] "ENSG00000225007"  "ENSG00000284874"  "ENSG00000273343" 
[12412] "ENSG00000273139"  "ENSG00000280395"  "ENSG00000273188" 
[12415] "ENSG00000273253"  "ENSG00000272836"  "ENSG00000273137" 
[12418] "ENSG00000224883"  "ENSG00000286659"  "ENSG00000273176" 
[12421] "ENSG00000282602"  "ENSG00000282041"  "ENSG00000279738" 
[12424] "ENSG00000272582"  "ENSG00000222044"  "ENSG00000273214" 
[12427] "ENSG00000233739"  "ENSG00000272720"  "ENSG00000279080" 
[12430] "ENSG00000273342"  "ENSG00000207751"  "ENSG00000272954" 
[12433] "ENSG00000286365"  "ENSG00000286127"  "ENSG00000287446" 
[12436] "ENSG00000277971"  "ENSG00000236003"  "ENSG00000272787" 
[12439] "ENSG00000285762"  "ENSG00000232545"  "ENSG00000226772" 
[12442] "ENSG00000237015"  "ENSG00000273216"  "ENSG00000282816" 
[12445] "ENSG00000234208"  "ENSG00000232396"  "ENSG00000239446" 
[12448] "ENSG00000287967"  "ENSG00000248751"  "ENSG00000249590" 
[12451] "ENSG00000273350"  "ENSG00000272689"  "ENSG00000273428" 
[12454] "ENSG00000181123"  "ENSG00000223831"  "ENSG00000272973" 
[12457] "ENSG00000251357"  "ENSG00000279467"  "ENSG00000273295" 
[12460] "ENSG00000273068"  "ENSG00000230912"  "ENSG00000228274" 
[12463] "ENSG00000287219"  "ENSG00000244491"  "ENSG00000230149" 
[12466] "ENSG00000273096"  "ENSG00000225450"  "ENSG00000272669" 
[12469] "ENSG00000273076"  "ENSG00000227484"  "ENSG00000223461" 
[12472] "ENSG00000272682"  "ENSG00000280007"  "ENSG00000276874" 
[12475] "ENSG00000288683"  "ENSG00000233577"  "ENSG00000285968" 
[12478] "ENSG00000272942"  "ENSG00000272798"  "ENSG00000272977" 
[12481] "ENSG00000272600"  "ENSG00000285314"  "ENSG00000272829" 
[12484] "ENSG00000226872"  "ENSG00000288719"  "ENSG00000279652" 
[12487] "ENSG00000279927"  "ENSG00000279217"  "ENSG00000279714" 
[12490] "ENSG00000272821"  "ENSG00000273272"  "ENSG00000272940" 
[12493] "ENSG00000278657"  "ENSG00000279278"  "ENSG00000274422" 
[12496] "ENSG00000234630"  "ENSG00000286129"  "ENSG00000278878" 
[12499] "ENSG00000231201"  "ENSG00000280145"  "ENSG00000270139" 
[12502] "ENSG00000229425"  "ENSG00000274333"  "ENSG00000280614" 
[12505] "ENSG00000280018"  "ENSG00000278955"  "ENSG00000280179" 
[12508] "ENSG00000287066"  "ENSG00000235965"  "ENSG00000227075" 
[12511] "ENSG00000232193"  "ENSG00000288094"  "ENSG00000226771" 
[12514] "ENSG00000277117"  "ENSG00000279687"  "ENSG00000286033" 
[12517] "ENSG00000279064"  "ENSG00000280095"  "ENSG00000288578" 
[12520] "ENSG00000277991"  "ENSG00000232884"  "ENSG00000244278" 
[12523] "ENSG00000287801"  "ENSG00000276077"  "ENSG00000279851" 
[12526] "ENSG00000223870"  "ENSG00000233783"  "ENSG00000279501" 
[12529] "ENSG00000287612"  "ENSG00000226043"  "ENSG00000227716" 
[12532] "ENSG00000286018"  "ENSG00000229306"  "ENSG00000224649" 
[12535] "ENSG00000226204"  "ENSG00000229289"  "ENSG00000286222" 
[12538] "ENSG00000228708"  "ENSG00000230233"  "ENSG00000273271" 
[12541] "ENSG00000273464"  "ENSG00000226996"  "ENSG00000231125" 
[12544] "ENSG00000280164"  "ENSG00000231620"  "ENSG00000269950" 
[12547] "ENSG00000274559"  "ENSG00000286643"  "ENSG00000286902" 
[12550] "ENSG00000234730"  "ENSG00000230972"  "ENSG00000236332" 
[12553] "ENSG00000232360"  "ENSG00000260583"  "ENSG00000224018" 
[12556] "ENSG00000273115"  "ENSG00000231986"  "ENSG00000231236" 
[12559] "ENSG00000275464"  "ENSG00000232855"  "ENSG00000223563" 
[12562] "ENSG00000232512"  "ENSG00000227757"  "ENSG00000222042" 
[12565] "ENSG00000259981"  "ENSG00000273254"  "ENSG00000234509" 
[12568] "BACH1-IT1"        "ENSG00000281181"  "ENSG00000278903" 
[12571] "ENSG00000273017"  "ENSG00000224541"  "ENSG00000278996" 
[12574] "ENSG00000235609"  "ENSG00000224922"  "ENSG00000229025" 
[12577] "ENSG00000231355"  "ENSG00000276612"  "ENSG00000226956" 
[12580] "ENSG00000273199"  "ENSG00000237527"  "ENSG00000281383" 
[12583] "ENSG00000236471"  "ENSG00000235564"  "ENSG00000229962" 
[12586] "ENSG00000270071"  "ENSG00000286717"  "ENSG00000273102" 
[12589] "ENSG00000278932"  "ENSG00000235277"  "ENSG00000288187" 
[12592] "ENSG00000227330"  "ENSG00000279998"  "ENSG00000287109" 
[12595] "ENSG00000227090"  "ENSG00000224247"  "ENSG00000237609" 
[12598] "ENSG00000242553"  "ENSG00000272958"  "ENSG00000272657" 
[12601] "ENSG00000280433"  "ENSG00000214955"  "ENSG00000286103" 
[12604] "ENSG00000288536"  "ENSG00000237735"  "ENSG00000230479" 
[12607] "ENSG00000235888"  "ENSG00000280441"  "ENSG00000279784" 
[12610] "ENSG00000234083"  "ENSG00000237594"  "ENSG00000273091" 
[12613] "ENSG00000230379"  "ENSG00000229925"  "ENSG00000277693" 
[12616] "ENSG00000232692"  "ENSG00000232886"  "ENSG00000279669" 
[12619] "ENSG00000288555"  "ENSG00000205622"  "ENSG00000279751" 
[12622] "ENSG00000279493"  "ENSG00000226012"  "ENSG00000275496" 
[12625] "ENSG00000228235"  "ENSG00000273840"  "ENSG00000225555" 
[12628] "ENSG00000224413"  "ENSG00000244676"  "ENSG00000226115" 
[12631] "ENSG00000286224"  "ENSG00000278884"  "ENSG00000229986" 
[12634] "ENSG00000287082"  "ENSG00000233818"  "ENSG00000277067" 
[12637] "ENSG00000228107"  "ENSG00000270116"  "ENSG00000227438" 
[12640] "ENSG00000273104"  "ENSG00000280108"  "ENSG00000280800" 
[12643] "ENSG00000234034"  "ENSG00000278927"  "ENSG00000249209" 
[12646] "ENSG00000229047"  "ENSG00000279321"  "ENSG00000287470" 
[12649] "ENSG00000236545"  "ENSG00000227698"  "ENSG00000286153" 
[12652] "ENSG00000234703"  "ENSG00000230794"  "ENSG00000230212" 
[12655] "ENSG00000236119"  "ENSG00000233393"  "ENSG00000286517" 
[12658] "ENSG00000286852"  "ENSG00000231324"  "ENSG00000224269" 
[12661] "ENSG00000224790"  "ENSG00000287507"  "ENSG00000288593" 
[12664] "ENSG00000272948"  "ENSG00000287637"  "ENSG00000273210" 
[12667] "ENSG00000224100"  "ENSG00000286549"  "ENSG00000228120" 
[12670] "ENSG00000228355"  "ENSG00000273796"  "ENSG00000286082" 
[12673] "ENSG00000286594"  "ENSG00000228318"  "ENSG00000232806" 
[12676] "ENSG00000261610"  "ENSG00000233754"  "ENSG00000225218" 
[12679] "ENSG00000224905"  "ENSG00000272991"  "ENSG00000225330" 
[12682] "ENSG00000231713"  "ENSG00000288069"  "ENSG00000286425" 
[12685] "ENSG00000223400"  "ENSG00000236883"  "ENSG00000239930" 
[12688] "ENSG00000231867"  "ENSG00000235772"  "ENSG00000235023" 
[12691] "ENSG00000225637"  "ENSG00000223975"  "ENSG00000285413" 
[12694] "ENSG00000237604"  "ENSG00000232124"  "ENSG00000278158" 
[12697] "ENSG00000275799"  "ENSG00000241728"  "ENSG00000184441" 
[12700] "ENSG00000232969"  "ENSG00000260256"  "ENSG00000274225" 
[12703] "ENSG00000277352"  "ENSG00000287088"  "ENSG00000273027" 
[12706] "ENSG00000272825"  "ENSG00000276529"  "ENSG00000267857" 
[12709] "ENSG00000286262"  "ENSG00000229382"  "ENSG00000275139" 
[12712] "ENSG00000286886"  "ENSG00000276633"  "ENSG00000280604" 
[12715] "ENSG00000274248"  "ENSG00000228404"  "ENSG00000223901" 
[12718] "ENSG00000228137"  "ENSG00000239415"  "ENSG00000226527" 
[12721] "ENSG00000226433"  "ENSG00000249624"  "ENSG00000288711" 
[12724] "ENSG00000274175"  "ENSG00000273554"  "ENSG00000278782" 
[12727] "ENSG00000277761"  "ENSG00000275869"  "ENSG00000277836" 
[12730] "ENSG00000277666"  "ENSG00000275249"  "ENSG00000274792" 
[12733] "ENSG00000276760"  "ENSG00000278704"  "ENSG00000277400" 
[12736] "ENSG00000273496"  "ENSG00000278198"  "ENSG00000276256" 
[12739] "ENSG00000273748"  "ENSG00000277196"  "ENSG00000278817" 
[12742] "ENSG00000276017"  "ENSG00000277630"  "ENSG00000278384" 
[12745] "ENSG00000278633"  "ENSG00000276345"  "ENSG00000275063" 
[12748] "ENSG00000277856"  "ENSG00000271254"  "ENSG00000268674" 
[12751] "ENSG00000277475" 
[1] "they are added to the alias annotation table, so they don't get lost"
[1] "following are the official gene symbols of input aliases: "
        symbol         alias
1     ACTN1-DT     ACTN1-AS1
2  ADAMTS16-DT CTD-2297D10.2
3         BBLN       C9orf16
4  CD300LD-AS1      C17orf77
5   CFAP100-DT     CCDC37-DT
6      DNAAF10         WDR92
7      DNAAF11         LRRC6
8       DNAAF8      C16orf71
9       DNAAF9     C20orf194
10       DNAI7        CFAP94
11       EPIST   C5orf66-AS1
12      FHIP1A      FAM160A1
13   FHIP1A-DT   FAM160A1-DT
14      FHIP1B      FAM160A2
15      FHIP2A      FAM160B1
16      FHIP2B      FAM160B2
17  GASK1B-AS1   FAM198B-AS1
18       GREP1     LINC00514
19   HSDL2-AS1      C9orf147
20       KICS2      C12orf66
21   KRT10-AS1        TMEM99
22       LDAF1       TMEM159
23       LETR1     LINC01197
24   LINC02897      C1orf229
25   LINC02898       C2orf91
26   LINC02899       C5orf17
27   LINC02900   C5orf66-AS2
28   LINC02901       C6orf99
29   LINC02902       C7orf65
30   LINC02903       C7orf66
31   LINC02904       C8orf31
32   LINC02906       C8orf87
33   LINC02907       C9orf62
34   LINC02908      C9orf139
35   LINC02909      C12orf77
36   LINC02910     C20orf197
37   LINC02911      C16orf97
38   LINC02912        TMEM75
39   LINC02913      C9orf106
40   LINC02914     C14orf177
41   LINC02915      C15orf54
42    METTL25B        RRNAD1
43     MIR1253  hsa-mir-1253
44   MIR3667HG      C22orf34
45      MIR423   hsa-mir-423
46       MTRFR      C12orf65
47   NDUFV1-DT      C11orf72
48    NOPCHAP1      C12orf45
49    NOVA1-DT     LINC02588
50    PAK6-AS1      C15orf56
51       PALS1          MPP5
52       PHAF1      C16orf70
53   PITX1-AS1       C5orf66
54  PKD1L1-AS1       C7orf69
55   PKNOX2-DT    PKNOX2-AS1
56 PPP1R13B-DT     LINC00637
57       SANBR      KIAA1841
58     STAM-DT      STAM-AS1
59    STUB1-DT     LINC02867
60    STX17-DT     STX17-AS1
61 TMEM132E-DT     C17orf102
62  TMEM51-AS2      C1orf195
63   TOLLIP-DT    TOLLIP-AS1
64      TTLL11    TTLL11-IT1
65    UCHL1-DT     UCHL1-AS1
66       YJU2B       CCDC130
67   YWHAH-AS1      C22orf24
68        ZFTA      C11orf95
69    ZNRD2-DT     ZNRD2-AS1
[1] "Samples are considered if they have more than 10 cells of the cell type of interest"
[1] "Genes with non-zero counts in at least 5% of cells of a cell type of interest in a particular sample will be considered as expressed in that sample."
[1] "Genes expressed in at least 2 samples will considered as expressed in the cell type: B.cells"
[1] "Genes expressed in at least 2 samples will considered as expressed in the cell type: CD4.T.cells"
[1] "Genes expressed in at least 2 samples will considered as expressed in the cell type: CD8.T.cells"
[1] "Genes expressed in at least 2 samples will considered as expressed in the cell type: DCs"
[1] "Genes expressed in at least 2 samples will considered as expressed in the cell type: Monocytes"
[1] "Genes expressed in at least 2 samples will considered as expressed in the cell type: neutrophils"
[1] "Genes expressed in at least 2 samples will considered as expressed in the cell type: NK.cells"
[1] "Genes expressed in at least 2 samples will considered as expressed in the cell type: Unassigned"
[1] "9720 genes are considered as expressed in the cell type: B.cells"
[1] "8128 genes are considered as expressed in the cell type: CD4.T.cells"
[1] "8029 genes are considered as expressed in the cell type: CD8.T.cells"
[1] "9957 genes are considered as expressed in the cell type: DCs"
[1] "8967 genes are considered as expressed in the cell type: Monocytes"
[1] "8541 genes are considered as expressed in the cell type: NK.cells"
[1] "8138 genes are considered as expressed in the cell type: Unassigned"
[1] "8198 genes are considered as expressed in the cell type: neutrophils"
[1] "DE analysis is done:"
[1] "included cell types are:"
[1] "B.cells"     "Monocytes"   "CD4.T.cells" "CD8.T.cells" "DCs"        
[6] "NK.cells"   
[1] "excluded cell types are:"
[1] "Unassigned"  "neutrophils"
[1] "These celltypes are not considered in the analysis. After removing samples that contain less cells than the required minimal, some groups don't have 2 or more samples anymore (also relevant for groups not included in your contrasts!). As a result the analysis cannot be run. To solve this: decrease the number of min_cells or change your group_id and pool all samples that belong to groups that are not of interest! "
2: (function () 
   {
       message("R error occurred. Traceback:")
       traceback(2)
       quit(save = "no", status = 1)
   })()
1: stop("sender_receiver_de is NULL. Check names(DE_info) and the output of get_DE_info().")
============================================================
R analysis exit code: 1
Finished at: So 19. Jul 00:20:03 CEST 2026
============================================================
ERROR: R analysis failed for multinichetr on gated_sepsis_processed_healthyOnly
