============================================================
DCCS ARRAY TASK
============================================================
Date: So 19. Jul 00:07:08 CEST 2026
Host: elmo.exbio.wzw.tum.de
Working directory: /nfs/home/students/i.kaciran/FoPra_PLAs
SLURM job ID: 6333517
SLURM array task ID: 2
Dataset index: 0
Mode index: 1
Method index: 0
Dataset: gated_heart_processed
Mode: diseasedOnly
Method: multinichetr
Prepared RDS: /nfs/home/students/i.kaciran/FoPra_PLAs/results/differential_ccs/prepared_inputs/gated_heart_processed_diseasedOnly.rds
Script: /nfs/home/students/i.kaciran/FoPra_PLAs/src/cell_signaling/dccs/multinichetr.R
Output dir: /nfs/home/students/i.kaciran/FoPra_PLAs/results/differential_ccs/multinichetr
Log dir: /nfs/home/students/i.kaciran/FoPra_PLAs/slurm_logs
============================================================
Checking R binary:
-rwxrwxr-x 1 i.kaciran daisybio 17K Jun  4 18:01 /nfs/home/students/i.kaciran/.conda/envs/liana_r/bin/Rscript
Rscript (R) version 4.3.3 (2024-02-29)
Checking R script:
-rw-rw---- 1 i.kaciran daisybio 29K Jul 19 00:03 /nfs/home/students/i.kaciran/FoPra_PLAs/src/cell_signaling/dccs/multinichetr.R
Checking prepared RDS:
-rw-rw---- 1 i.kaciran daisybio 1019M Jul 18 23:50 /nfs/home/students/i.kaciran/FoPra_PLAs/results/differential_ccs/prepared_inputs/gated_heart_processed_diseasedOnly.rds
Checking output directory:
drwxrwx--- 12 i.kaciran daisybio 4096 Jul  4 03:06 /nfs/home/students/i.kaciran/FoPra_PLAs/results/differential_ccs/multinichetr
Starting R analysis command:
/nfs/home/students/i.kaciran/.conda/envs/liana_r/bin/Rscript /nfs/home/students/i.kaciran/FoPra_PLAs/src/cell_signaling/dccs/multinichetr.R /nfs/home/students/i.kaciran/FoPra_PLAs/results/differential_ccs/prepared_inputs/gated_heart_processed_diseasedOnly.rds /nfs/home/students/i.kaciran/FoPra_PLAs/results/differential_ccs/multinichetr
============================================================
[1] "RNA"
[1] "following are the official gene symbols of input aliases: "
  symbol alias
1  YARS1  YARS
[1] "all input symbols were official symbols"
[1] "all input symbols were official symbols"
[1] "all input symbols were official symbols"
[1] "there are provided symbols that are not in the alias annotation table: "
    [1] "AL627309.1"  "AL627309.3"  "AL627309.2"  "AL627309.4"  "AL732372.1" 
    [6] "AC114498.1"  "AL669831.2"  "AL669831.5"  "AL645608.7"  "AL645608.3" 
   [11] "AL645608.5"  "AL645608.1"  "AL645608.8"  "AL645608.2"  "AL645608.9" 
   [16] "AL390719.2"  "AL162741.1"  "AL391244.3"  "AL391244.2"  "AL645728.1" 
   [21] "AL691432.2"  "FO704657.1"  "AL109917.1"  "AL391845.2"  "AL391845.1" 
   [26] "AL590822.2"  "AL590822.1"  "AL139246.1"  "AL139246.4"  "AL139246.5" 
   [31] "AL139246.3"  "AL831784.1"  "AC242022.1"  "AL592464.2"  "AL592464.1" 
   [36] "AL589702.1"  "AL008733.1"  "AL590438.1"  "AL512413.1"  "AL513320.1" 
   [41] "AL136528.1"  "AL136528.2"  "AL365330.1"  "AL805961.1"  "AL805961.2" 
   [46] "AL355602.1"  "Z98747.1"    "BX005132.2"  "BX005132.1"  "AL691497.1" 
   [51] "AL139823.1"  "Z98259.3"    "Z98259.2"    "Z98259.1"    "AL365255.1" 
   [56] "AL031847.1"  "AL031848.2"  "AL031848.1"  "AL591163.1"  "AL512330.1" 
   [61] "Z97987.1"    "AL365194.1"  "AL359881.3"  "AL359881.2"  "AL359881.1" 
   [66] "Z98884.1"    "AL034417.4"  "AL034417.3"  "AL034417.2"  "AL358876.2" 
   [71] "AL096855.1"  "AL357552.2"  "BX323043.1"  "AL928921.2"  "AL928921.1" 
   [76] "AL357140.1"  "AL139424.3"  "AL139424.2"  "AL139424.1"  "AL354956.1" 
   [81] "AL139423.1"  "AL109811.4"  "AL109811.3"  "AL109811.1"  "AL109811.2" 
   [86] "AL031291.1"  "AL031731.1"  "AL953897.1"  "AC243836.1"  "AC254633.1" 
   [91] "AC245056.1"  "AC243961.1"  "AL354712.1"  "AL359771.1"  "AL357873.1" 
   [96] "AL031283.2"  "AL031283.3"  "AL031283.1"  "AL121992.3"  "AL121992.1" 
  [101] "AL121992.2"  "AL450998.3"  "AL450998.2"  "AL355994.3"  "AL451042.2" 
  [106] "AL451042.1"  "AL137802.2"  "AL137802.1"  "AL137798.1"  "AL137798.2" 
  [111] "AL021920.1"  "AL021920.3"  "BX284668.1"  "BX284668.2"  "BX284668.5" 
  [116] "BX284668.6"  "AL049569.1"  "AL590644.1"  "AL590644.3"  "AC004824.1" 
  [121] "AL136529.1"  "AL357509.1"  "AL591896.1"  "AL080251.1"  "AL035413.1" 
  [126] "AL031727.2"  "AL391883.1"  "Z98257.1"    "Z98257.2"    "AL020998.1" 
  [131] "AL139254.1"  "AL139254.2"  "AL139254.3"  "AL663074.1"  "AL031005.1" 
  [136] "AL031728.1"  "AL592309.2"  "AL359815.1"  "AL031281.2"  "AL512444.1" 
  [141] "AL031428.1"  "AL109936.6"  "AL109936.2"  "AL021154.1"  "AL590609.3" 
  [146] "AL591178.1"  "AL591178.2"  "AL590683.1"  "AL138902.1"  "AL445686.2" 
  [151] "AL445648.1"  "AL445471.1"  "AL445471.2"  "AL050344.1"  "AL031432.1" 
  [156] "AL031432.5"  "AL031432.3"  "AL606491.1"  "AL031280.1"  "AL020996.2" 
  [161] "AL020996.1"  "AL020996.3"  "AL033528.2"  "AL391650.1"  "AL513365.2" 
  [166] "AL512408.1"  "AL034380.1"  "AL590640.1"  "FO393419.2"  "BX293535.1" 
  [171] "AL445490.1"  "AL512288.1"  "AL353622.1"  "AL353622.2"  "AL360012.1" 
  [176] "AL009181.1"  "AL357500.1"  "AL590729.1"  "AC092265.1"  "AL645944.2" 
  [181] "AL137076.1"  "AL161638.2"  "AL161638.1"  "AL137027.1"  "AL445235.1" 
  [186] "AL451070.1"  "AC114488.1"  "AC114488.2"  "AC114488.3"  "AL354919.2" 
  [191] "AL354919.1"  "AL136115.2"  "AL136115.1"  "AL136115.3"  "AL445248.1" 
  [196] "AL049795.1"  "AL109945.1"  "AL033529.1"  "AC114489.1"  "AL020995.1" 
  [201] "AL662907.3"  "AL513327.3"  "AL513327.1"  "AL513327.2"  "AL121988.1" 
  [206] "AL122010.1"  "AC114490.3"  "AC114490.2"  "AL590434.1"  "AC004865.2" 
  [211] "AL354864.1"  "AL139286.2"  "AL138787.2"  "AL591845.1"  "AL596257.1" 
  [216] "AC117945.2"  "AC117945.1"  "AL031430.1"  "AL353604.1"  "AL929472.3" 
  [221] "AL929472.2"  "AL139158.2"  "AL139158.3"  "AL354702.2"  "AL139260.1" 
  [226] "AL139260.3"  "AL442071.1"  "AL365277.1"  "AL035404.2"  "AL033527.3" 
  [231] "AL033527.5"  "AL033527.4"  "AL033527.2"  "AL050341.2"  "AL031985.4" 
  [236] "AL603839.3"  "AL603839.1"  "AL603839.2"  "AL031289.1"  "AC119677.1" 
  [241] "AC093151.3"  "AC093151.2"  "AL445933.2"  "AC119676.1"  "AC098484.2" 
  [246] "AC098484.3"  "AC098484.1"  "AL512353.1"  "AC099795.1"  "AL139289.2" 
  [251] "AL139289.1"  "AL451062.3"  "AL451062.1"  "AL357079.1"  "AL139220.2" 
  [256] "AL592166.1"  "AL358075.4"  "AL358075.1"  "AL358075.2"  "AL672043.1" 
  [261] "AL136373.1"  "AL135960.1"  "AL691459.1"  "AC096541.1"  "AL356289.1" 
  [266] "AL356289.2"  "AL109659.1"  "AL109659.2"  "AC099788.1"  "AL590432.1" 
  [271] "AL592182.2"  "AL592182.1"  "AL596275.2"  "AL592182.3"  "AL049637.1" 
  [276] "AL162430.2"  "AC104170.2"  "AC104170.1"  "AL050343.1"  "AL050343.2" 
  [281] "AL445685.1"  "AL513218.1"  "AL591167.1"  "AC099677.4"  "AL445183.1" 
  [286] "AL445183.2"  "AL606760.2"  "AL606760.3"  "AL606760.1"  "AL355483.4" 
  [291] "AL355483.2"  "AL355483.3"  "AC119428.1"  "AC119428.2"  "AL357673.1" 
  [296] "AL357673.2"  "AL161644.1"  "AL035415.1"  "AC099796.1"  "AC096536.2" 
  [301] "AC096536.3"  "AC096536.1"  "AL590440.1"  "AL603840.1"  "AL353681.1" 
  [306] "AC119674.1"  "AC119674.2"  "AL360295.1"  "AL161740.1"  "AL390243.1" 
  [311] "AL445193.2"  "AL136985.3"  "AL136985.2"  "AL136985.1"  "AC105277.1" 
  [316] "AL592431.2"  "AL592431.1"  "AC093424.1"  "AL035416.1"  "AC097066.1" 
  [321] "AC099792.1"  "AC099791.3"  "AC099791.2"  "AC103923.1"  "AC099794.1" 
  [326] "AL162400.1"  "AL162400.2"  "AC096543.1"  "AC096543.2"  "AL445205.1" 
  [331] "AL357078.3"  "AL357078.1"  "AL139294.1"  "AL513493.1"  "AL590783.1" 
  [336] "AL139147.1"  "AL592161.1"  "AL138789.1"  "AL035412.1"  "AL033530.1" 
  [341] "AL691520.1"  "AL512271.1"  "AL158840.1"  "AL353771.1"  "AL158839.1" 
  [346] "AL354872.2"  "AL513285.1"  "AL031429.1"  "AL354949.1"  "AL583808.1" 
  [351] "AL583808.2"  "AC093158.1"  "AC105271.1"  "AC135803.1"  "AC133865.1" 
  [356] "AC099786.3"  "AC099786.1"  "AC099786.2"  "AL357314.1"  "AC092813.1" 
  [361] "AC092813.2"  "AC104458.1"  "AL035409.1"  "AC095030.1"  "AC118549.1" 
  [366] "AC103591.3"  "AL353651.2"  "AL353651.1"  "AL353651.3"  "AC099671.1" 
  [371] "AC098657.2"  "AL606519.1"  "AL136234.1"  "AC093154.1"  "AL138799.4" 
  [376] "AC117944.1"  "AC093580.1"  "AL035706.1"  "AC104454.2"  "AL359504.2" 
  [381] "AL844170.1"  "AL359762.2"  "AC104169.1"  "AL078459.1"  "AL360219.1" 
  [386] "AC092807.3"  "AC092807.2"  "AC092807.1"  "AL136382.1"  "AL356270.1" 
  [391] "AL049597.2"  "AL355981.1"  "AL121989.1"  "AC093155.3"  "AC099062.1" 
  [396] "AC099063.4"  "AC099063.1"  "AC093423.3"  "AC099568.2"  "AL391497.1" 
  [401] "AC092783.1"  "AC091614.1"  "AC104836.1"  "AL109613.1"  "AC093579.1" 
  [406] "AC097059.1"  "AC097059.2"  "AC093117.1"  "AC105942.1"  "AC095033.1" 
  [411] "AC092802.1"  "AC092802.2"  "AL445218.1"  "AL356479.1"  "AL683887.1" 
  [416] "AC099566.1"  "BX005019.1"  "AL445433.2"  "AC118553.1"  "AC118553.2" 
  [421] "AC093019.2"  "AC104457.2"  "AL589990.1"  "AC104506.1"  "AC093157.2" 
  [426] "AC093157.1"  "AL109741.1"  "AC114485.1"  "AC099567.1"  "AC095032.2" 
  [431] "AL355306.2"  "AL390036.1"  "AL359258.2"  "AL359258.1"  "AL390038.1" 
  [436] "AL591719.2"  "AL449266.1"  "AL356488.3"  "AL356488.2"  "SARS"       
  [441] "AL355310.3"  "AL355310.2"  "AC000032.1"  "AL158847.1"  "AL450468.1" 
  [446] "AL450468.2"  "AL160006.1"  "AL355990.1"  "AL355990.2"  "AL355488.1" 
  [451] "AL358215.1"  "AL358215.2"  "AL365361.1"  "AL360270.1"  "AL360270.3" 
  [456] "AL355816.1"  "AL355816.2"  "AL356387.1"  "AL049557.1"  "AL445426.1" 
  [461] "AL354760.1"  "AL603832.1"  "AL603832.3"  "AL603832.2"  "AL390729.1" 
  [466] "AL357055.3"  "AL137856.1"  "AL121999.1"  "AL512638.2"  "AL365318.1" 
  [471] "AL136376.1"  "AL390066.1"  "AL157904.1"  "AL445231.1"  "AL358072.1" 
  [476] "AL157902.1"  "AL139420.1"  "AL139420.2"  "AL359915.2"  "AL359915.1" 
  [481] "AC245008.1"  "AC244453.3"  "AC244453.2"  "AC244453.1"  "AC244021.1" 
  [486] "AC244021.2"  "AL592494.1"  "AL592494.3"  "AC239859.3"  "AC239800.2" 
  [491] "AC239800.3"  "AC239798.2"  "AC246680.1"  "AC245595.1"  "AC246785.3" 
  [496] "FP700111.1"  "AC245014.3"  "AC245014.1"  "AC243547.1"  "AC243547.3" 
  [501] "AC243547.2"  "AC239799.1"  "NOTCH2NL"    "AC239799.2"  "AC243756.1" 
  [506] "AC245407.2"  "AC244394.2"  "AC242426.2"  "AC241644.1"  "AC241644.3" 
  [511] "AC241644.2"  "AC239803.2"  "AC239803.3"  "AC239809.3"  "AC239803.1" 
  [516] "AC245100.6"  "AC245100.1"  "AC245100.7"  "AC239802.1"  "AC239802.2" 
  [521] "AC239804.1"  "AC245297.3"  "AC245297.2"  "AC243772.2"  "AC239868.3" 
  [526] "AC239868.2"  "AC242988.1"  "AL356356.1"  "AL590133.2"  "AL590133.1" 
  [531] "AL391069.2"  "AL391069.4"  "AL391069.1"  "AL391069.3"  "AL391335.1" 
  [536] "AL589765.1"  "AL589765.7"  "AL589765.4"  "AL589765.5"  "AL589765.6" 
  [541] "AL450992.2"  "AL450992.1"  "AL589986.1"  "AL589986.2"  "AL161636.1" 
  [546] "LOR"         "BX470102.1"  "AL162258.2"  "AL513523.4"  "AL513523.3" 
  [551] "AL358472.5"  "AL358472.4"  "AL358472.3"  "AL358472.2"  "AL162591.2" 
  [556] "AL592078.1"  "AL451085.1"  "AL451085.2"  "AL691442.1"  "AL713999.1" 
  [561] "AC234582.1"  "AC234582.2"  "AL353807.2"  "AL162734.1"  "AL355388.2" 
  [566] "AL355388.1"  "AL139130.1"  "AL139412.1"  "AL365181.1"  "AL365181.4" 
  [571] "AL365181.2"  "AL365181.3"  "AL590666.2"  "AL590666.3"  "AL590666.1" 
  [576] "AL138900.1"  "AL138900.3"  "AL138900.2"  "AL356276.1"  "AL138899.1" 
  [581] "AL365440.2"  "AL513323.1"  "AL663023.1"  "AL590560.1"  "AL590560.2" 
  [586] "AL121987.1"  "AL121987.2"  "AL139011.2"  "AL139011.1"  "AL138930.1" 
  [591] "AL121985.1"  "AL354714.3"  "AL354714.1"  "AL591806.3"  "AL591806.1" 
  [596] "AL590714.1"  "AL592295.4"  "AL592295.3"  "AL831711.1"  "AL590385.1" 
  [601] "AL451067.1"  "AL359541.1"  "AL590408.1"  "AL512785.1"  "AL512785.2" 
  [606] "AL596325.1"  "AL499616.1"  "RGS5.1"      "AL592435.1"  "AL357568.1" 
  [611] "AL390730.1"  "AL390730.2"  "AL157714.2"  "AL356441.1"  "AL451074.6" 
  [616] "AL451074.2"  "AL358115.1"  "AL626787.1"  "AL390115.1"  "AL583804.1" 
  [621] "AL158837.1"  "DUSP27"      "AL451050.2"  "AL359962.2"  "AL031733.2" 
  [626] "Z99943.1"    "AL023755.1"  "AL022100.2"  "AL031275.1"  "AL031726.1" 
  [631] "Z99758.1"    "AL021068.1"  "AL021940.1"  "AL356475.1"  "AL354732.1" 
  [636] "AL162399.1"  "AL023495.1"  "Z97200.1"    "AL021026.1"  "AL445673.1" 
  [641] "AL031599.1"  "Z97198.1"    "AL022310.1"  "AL645568.1"  "AL139142.1" 
  [646] "AL121983.1"  "AL121983.2"  "Z99127.1"    "AL008626.1"  "Z94057.1"   
  [651] "AL513329.1"  "AL590723.1"  "AL359265.3"  "AL122019.1"  "AL137796.1" 
  [656] "AL449106.1"  "AL160286.3"  "AL359853.3"  "AL359853.1"  "AL359853.2" 
  [661] "AL353708.3"  "AL353708.2"  "AL353708.1"  "AL390718.1"  "AL162431.1" 
  [666] "AL162431.2"  "AL358393.1"  "AL161734.1"  "AL355482.1"  "AL355482.2" 
  [671] "AL390856.1"  "AL590422.1"  "AL445228.1"  "AL445228.2"  "AL078644.2" 
  [676] "AL133383.1"  "AL133553.1"  "OCLM"        "AL596220.1"  "AL096803.3" 
  [681] "AL596211.1"  "AL929288.1"  "AL691515.1"  "AL691515.2"  "AL591504.1" 
  [686] "AL354771.1"  "AL391645.1"  "AL713866.1"  "AL359081.1"  "AL954650.1" 
  [691] "AL390957.1"  "AL136987.1"  "AL136454.1"  "AL357793.1"  "AL357793.2" 
  [696] "AL356272.1"  "AL513348.1"  "BX248415.1"  "AL136322.1"  "AL365258.1" 
  [701] "AL157402.1"  "AL157402.2"  "AC096631.1"  "AC099673.1"  "AC097065.2" 
  [706] "AC104461.1"  "AL359834.1"  "AL445483.1"  "AL358473.1"  "AL358473.2" 
  [711] "AC103925.1"  "AC119427.1"  "AC096677.1"  "AC092800.1"  "AL645504.1" 
  [716] "AL513217.1"  "AC099676.1"  "AC104463.2"  "AC104463.1"  "AC098934.4" 
  [721] "AC105940.2"  "AC105940.1"  "AL592146.1"  "AL592114.3"  "AL606489.1" 
  [726] "AL512306.3"  "AL512306.2"  "AL161793.1"  "AC093422.2"  "AC098936.1" 
  [731] "AL713965.1"  "AC244035.1"  "AC244035.2"  "AC244034.2"  "AL591846.2" 
  [736] "AL445493.3"  "AL445493.2"  "AL596218.1"  "AL391597.1"  "AL137789.1" 
  [741] "AL137789.2"  "AL356275.1"  "AC099793.1"  "AC092810.3"  "AL023754.1" 
  [746] "AL031316.1"  "AL590132.1"  "AC092017.3"  "AC105275.1"  "AL356310.1" 
  [751] "AC096637.2"  "AC096637.1"  "AL445488.1"  "AL606468.1"  "AL451060.1" 
  [756] "AL360091.3"  "AC092803.1"  "AC092803.2"  "AL590648.2"  "AL590648.3" 
  [761] "AC104333.4"  "AL592402.1"  "AC096639.1"  "AC011700.1"  "AL606537.1" 
  [766] "AL592287.1"  "AL450990.1"  "AL358452.1"  "AC093581.1"  "AC138024.1" 
  [771] "AL355526.1"  "AL360093.1"  "AC096642.1"  "AL513283.1"  "AL356364.1" 
  [776] "AL451081.1"  "AC096644.4"  "AC096644.1"  "AL445423.1"  "AL445470.1" 
  [781] "AL360013.2"  "AL356108.1"  "AL513314.1"  "AL513314.2"  "AL592148.3" 
  [786] "AL392172.1"  "AC093152.1"  "AL359979.2"  "AL359979.1"  "AC138393.3" 
  [791] "AC092809.4"  "AL596330.1"  "AL391811.1"  "AC092811.2"  "AC099066.2" 
  [796] "AL591895.1"  "AL117348.2"  "AL512343.2"  "AL353689.2"  "AL451047.1" 
  [801] "AL136379.1"  "AL353593.1"  "AL353593.2"  "AL353593.3"  "AL670729.3" 
  [806] "AL670729.2"  "AL670729.1"  "AL137793.2"  "AL137793.1"  "AL162595.2" 
  [811] "SPHAR"       "AL117350.1"  "AL121990.1"  "AL136988.2"  "AL136988.1" 
  [816] "AL133516.1"  "AL512328.1"  "AL118511.2"  "AL118511.1"  "AL109810.2" 
  [821] "AL445524.1"  "AL353052.1"  "AL353052.2"  "AL122008.3"  "AL122008.4" 
  [826] "AL355472.3"  "AL355472.4"  "AL355472.1"  "AL161640.1"  "AL160408.2" 
  [831] "AL160408.5"  "AL160408.1"  "AL160408.4"  "AL160408.3"  "AL160408.6" 
  [836] "AL360294.1"  "AL391832.1"  "AL391832.2"  "AL391832.3"  "AL732292.2" 
  [841] "AL357556.4"  "TBCE.1"      "AL139161.2"  "AL139161.1"  "AL359921.2" 
  [846] "AL359921.1"  "AL359924.1"  "AL356010.2"  "AL359551.1"  "AC093426.1" 
  [851] "AL356361.2"  "AL359918.2"  "AL590490.1"  "AL358176.1"  "AL365184.2" 
  [856] "AL365184.1"  "AL359764.1"  "AL591686.2"  "AL591686.1"  "AL606534.3" 
  [861] "AL606534.1"  "AL606534.2"  "AL591721.1"  "AL591885.1"  "AL590483.1" 
  [866] "AL590483.2"  "AL645465.1"  "AL451007.3"  "AL451007.2"  "BX323046.1" 
  [871] "AL356512.1"  "AC104462.2"  "AC104462.1"  "AC118555.1"  "AC092801.1" 
  [876] "AL591848.3"  "AL591848.2"  "AL591848.4"  "AL390728.6"  "AL390728.5" 
  [881] "AL606804.1"  "AL390860.1"  "AC118470.1"  "AC138089.1"  "AC098483.1" 
  [886] "AL672291.1"  "AC079779.1"  "AC079779.3"  "AC079779.4"  "AC105393.2" 
  [891] "AC105393.1"  "AC093326.2"  "AC093326.1"  "AC092159.2"  "AC092159.3" 
  [896] "AC092159.1"  "AC116609.3"  "AC116609.2"  "AC116609.1"  "AC113607.1" 
  [901] "AC116614.1"  "AC114808.1"  "AC114808.2"  "AC108462.1"  "AC141930.1" 
  [906] "AC141930.3"  "AC141930.2"  "AC144450.1"  "AC093390.2"  "AC093390.1" 
  [911] "AC018685.2"  "AC018685.1"  "AC011995.2"  "AC011995.1"  "AC019118.2" 
  [916] "AC019118.1"  "AC114810.1"  "AC231981.1"  "AC108488.1"  "AC108488.2" 
  [921] "AC010907.2"  "AC010907.1"  "AC012445.1"  "AC107057.1"  "AC010729.1" 
  [926] "AC017053.1"  "AC017076.1"  "AC068481.1"  "AC010904.2"  "AC092580.2" 
  [931] "AC007463.1"  "U91324.1"    "AC011747.2"  "AC011747.1"  "AC093904.4" 
  [936] "AC093904.3"  "AC093904.1"  "AC080162.1"  "AC073195.1"  "AC082651.1" 
  [941] "AC082651.4"  "AC082651.3"  "AC010969.2"  "AC010969.1"  "AC104794.3" 
  [946] "AC104794.2"  "AC104794.4"  "AC104794.1"  "AC007240.1"  "AC007249.2" 
  [951] "AC007249.1"  "AC007314.1"  "AC092687.2"  "AC092687.3"  "AC092687.1" 
  [956] "AC062028.1"  "AC099344.1"  "AC099344.2"  "AC106875.2"  "AC012456.1" 
  [961] "AC012456.2"  "AC096559.1"  "AC009486.1"  "AC073062.1"  "AC016730.1" 
  [966] "AC011897.1"  "AC068286.1"  "AC008278.2"  "AC008278.1"  "AC113608.2" 
  [971] "AC010145.1"  "AC130710.1"  "AC010745.1"  "AC010745.2"  "AC010745.3" 
  [976] "AC010745.5"  "AC010745.4"  "AC010880.1"  "AC104623.1"  "AC008164.1" 
  [981] "AC079148.1"  "AC106053.1"  "AC010096.1"  "AC019055.1"  "AC013400.1" 
  [986] "AC079145.1"  "AC098828.2"  "AC098828.3"  "AC023137.1"  "AC012065.1" 
  [991] "AC012065.3"  "AC012065.4"  "AC012361.1"  "AC115619.1"  "AC018742.1" 
  [996] "AC011752.1"  "AC009411.2"  "AC009411.1"  "AC068490.1"  "AC096570.1" 
 [1001] "AC018467.1"  "AC012506.1"  "AC012506.3"  "AC012506.2"  "AC012506.4" 
 [1006] "AC011239.1"  "AC009242.1"  "AC008073.3"  "AC008073.2"  "AC008073.1" 
 [1011] "AC009228.1"  "AC012073.1"  "AC012074.1"  "AC104699.1"  "AC015977.2" 
 [1016] "AC013472.2"  "AC013472.3"  "AC013403.2"  "AC074117.1"  "AC093690.1" 
 [1021] "AC104695.2"  "AC104695.3"  "AC104695.1"  "AC074011.1"  "AC092164.1" 
 [1026] "AC097724.1"  "AC105398.1"  "AC106870.2"  "AC106870.1"  "AC016907.2" 
 [1031] "AC009305.1"  "AL133247.1"  "AL121652.1"  "AL121655.1"  "AL121658.1" 
 [1036] "AL133245.1"  "AL121656.1"  "AC020594.1"  "AC068599.1"  "AC073218.2" 
 [1041] "AC073218.1"  "AC012593.1"  "AC019064.1"  "AC009414.2"  "AC007378.1" 
 [1046] "AC007391.1"  "AC006369.1"  "AC006369.2"  "AC009229.2"  "AC009229.3" 
 [1051] "AC009229.1"  "AC011247.1"  "AC011247.2"  "AC074366.1"  "AC018693.1" 
 [1056] "AC019171.1"  "AC007388.1"  "AC013480.1"  "AC083949.1"  "AC016735.1" 
 [1061] "AC010883.1"  "AC019129.2"  "AC012354.1"  "AC093702.1"  "AC093833.1" 
 [1066] "U51244.1"    "AC017006.2"  "AC017006.1"  "AC018682.2"  "AC018682.1" 
 [1071] "AC016722.3"  "AC016722.1"  "AC016722.2"  "AC093732.2"  "AC093732.1" 
 [1076] "AC073283.3"  "AC073283.1"  "AC106869.1"  "AC073283.2"  "AC138655.1" 
 [1081] "AC079807.1"  "AC092650.1"  "AC093635.1"  "AC073082.1"  "AC009975.1" 
 [1086] "AC009975.2"  "AC009971.1"  "AC009234.1"  "AC007402.1"  "AC139712.3" 
 [1091] "AC010967.1"  "AC010967.2"  "AC008280.3"  "AC092839.1"  "AC092839.2" 
 [1096] "AC093110.1"  "AC104781.1"  "AC012358.1"  "AC012358.3"  "AC015982.1" 
 [1101] "AC011306.1"  "AC007743.1"  "AC007250.1"  "AC007100.1"  "AC007179.2" 
 [1106] "AC007179.1"  "AC007381.1"  "AC009970.1"  "AC016747.2"  "AC016727.1" 
 [1111] "AC107081.2"  "AC018462.1"  "AC093159.1"  "AC092155.1"  "AC092567.1" 
 [1116] "AC009501.1"  "AC012368.2"  "AC012368.1"  "AC114752.1"  "AC114752.2" 
 [1121] "AC008074.1"  "AC008074.3"  "AC007365.1"  "AC012370.2"  "AC007389.3" 
 [1126] "AC007389.5"  "AC118345.1"  "AC092669.1"  "AC007403.1"  "AC023115.1" 
 [1131] "AC007422.1"  "AC007422.2"  "AC017083.3"  "AC017083.2"  "AC017083.1" 
 [1136] "AC015969.1"  "AC092431.1"  "AC016700.3"  "AC022201.2"  "AC022201.1" 
 [1141] "AC005234.1"  "AC007040.2"  "AC007040.1"  "AC007881.2"  "AC007881.3" 
 [1146] "AC007878.1"  "AC012366.1"  "AC092653.1"  "AC073046.1"  "AC073263.1" 
 [1151] "AC073263.2"  "AC006030.1"  "AC005041.1"  "AC005041.3"  "AC019069.1" 
 [1156] "AC104135.1"  "AC007681.1"  "AC007099.2"  "AC007099.1"  "AC005034.3" 
 [1161] "AC005034.2"  "AC005034.4"  "AC079117.1"  "AC084149.1"  "AC084149.2" 
 [1166] "AC012494.1"  "AC092660.1"  "AC010975.1"  "AC016716.2"  "AC008067.1" 
 [1171] "AC012355.1"  "AC079896.1"  "AC010105.1"  "AC106874.1"  "AC062037.2" 
 [1176] "AC105053.1"  "AC012511.1"  "AC009309.1"  "AC015971.1"  "AC133644.2" 
 [1181] "AC104134.1"  "AC062029.1"  "AC233263.6"  "AC233266.2"  "AL845331.2" 
 [1186] "AC103563.7"  "AC103563.2"  "AC092835.1"  "AC009237.14" "AC009237.15"
 [1191] "AC008268.1"  "AC012307.1"  "AC021188.1"  "AC013270.1"  "AC159540.2" 
 [1196] "AC159540.1"  "AC092683.1"  "AC092683.2"  "AC092675.1"  "AC109826.1" 
 [1201] "AC079447.1"  "AC092587.1"  "AC018690.1"  "AC092667.1"  "AC092168.1" 
 [1206] "AC016738.2"  "AC016738.1"  "AC007271.1"  "AC108051.1"  "AC073987.1" 
 [1211] "AC013727.1"  "AC013727.2"  "AC096554.1"  "AC068535.1"  "AC013402.2" 
 [1216] "AC013402.3"  "AC013402.1"  "AC068057.1"  "AC018730.1"  "AC010884.1" 
 [1221] "AC104655.1"  "AC012360.2"  "AC012360.1"  "AC012360.3"  "AC108058.1" 
 [1226] "AC010978.1"  "AC009505.1"  "AC018878.1"  "AC108868.1"  "AC016994.1" 
 [1231] "AC096669.1"  "AC074387.1"  "AC013271.1"  "AC112229.3"  "AC112229.2" 
 [1236] "AC226101.1"  "AC114776.1"  "AC108463.2"  "AC108463.3"  "AC068491.2" 
 [1241] "AC068491.3"  "AC017002.5"  "AC017002.3"  "AC017002.1"  "AC017002.2" 
 [1246] "AC012442.1"  "AC079922.2"  "AC016683.1"  "AC016745.1"  "AC016745.2" 
 [1251] "AC017074.2"  "AC017074.1"  "AC104653.2"  "AC104653.1"  "AC110769.2" 
 [1256] "AC110769.1"  "AC010982.1"  "AC009312.1"  "AC009404.1"  "AC009303.2" 
 [1261] "AC009303.3"  "AC093901.1"  "AC013457.1"  "AC013275.1"  "AC012363.1" 
 [1266] "AC012363.2"  "AC073257.2"  "AC073257.1"  "AC018866.1"  "AC017033.1" 
 [1271] "AC067960.1"  "AC079988.1"  "AC012447.1"  "AC062020.1"  "AC073409.1" 
 [1276] "AC079154.1"  "AC023347.1"  "AC012508.2"  "AC012508.1"  "AC068282.1" 
 [1281] "AC010976.1"  "AC010976.2"  "AC012306.2"  "AC012451.1"  "AC068483.1" 
 [1286] "AC018865.1"  "AC013269.2"  "AC013269.1"  "AC140481.2"  "AC140481.1" 
 [1291] "AC133785.1"  "AC009477.2"  "AC073869.5"  "AC073869.3"  "C2orf27B"   
 [1296] "AC103564.1"  "AJ239322.2"  "AJ239322.1"  "AC097532.1"  "AC097532.2" 
 [1301] "AC010974.1"  "AC016909.2"  "AC010890.1"  "AC011243.1"  "AC011893.1" 
 [1306] "AC068492.1"  "AC114763.1"  "AC114763.2"  "AC092620.3"  "AC092620.1" 
 [1311] "AC062021.1"  "AC016710.1"  "AC078851.1"  "AC013437.1"  "AC096558.1" 
 [1316] "AC096558.2"  "AC079793.1"  "AC092652.1"  "AC092652.2"  "AC079584.2" 
 [1321] "AC079584.1"  "AC016910.1"  "AC009951.2"  "AC023128.1"  "AC096666.1" 
 [1326] "AC092484.1"  "AC079163.1"  "AC062031.1"  "AC062032.1"  "AC009480.1" 
 [1331] "AC105402.3"  "AC007364.1"  "AC104777.3"  "AC104777.2"  "AC104777.1" 
 [1336] "AC023469.2"  "AC023469.1"  "AC018731.1"  "AC068547.1"  "AC079790.1" 
 [1341] "AC079150.1"  "AC009227.1"  "AC009227.2"  "AC061961.1"  "AC092625.1" 
 [1346] "AC074099.1"  "AC019186.1"  "AC013731.1"  "AC091488.1"  "AC005042.2" 
 [1351] "AC008277.1"  "AC009506.1"  "AC009961.1"  "AC009313.1"  "AC009299.3" 
 [1356] "AC009487.1"  "AC008063.1"  "AC008063.2"  "AC007750.1"  "AC011900.1" 
 [1361] "AC016766.1"  "AC019197.1"  "AC009495.3"  "AC009495.1"  "AC009495.2" 
 [1366] "AC010127.1"  "AC073050.1"  "AC016723.1"  "AC007556.1"  "AC093899.2" 
 [1371] "AC012594.1"  "AC007277.1"  "AC007405.1"  "AC007405.3"  "AC007405.2" 
 [1376] "AC104088.1"  "AC078883.2"  "AC078883.3"  "AC078883.1"  "AC106900.2" 
 [1381] "AC106900.1"  "AC016737.1"  "AC016737.2"  "AC010894.2"  "AC010894.3" 
 [1386] "AC010894.4"  "AC096649.1"  "AC093459.1"  "AC016751.2"  "AC016751.1" 
 [1391] "AC009336.2"  "AC009336.1"  "AC017048.1"  "AC017048.2"  "AC017048.3" 
 [1396] "AC092162.2"  "AC073636.1"  "AC074286.1"  "AC079305.3"  "AC079305.1" 
 [1401] "AC019080.3"  "AC019080.4"  "AC073834.1"  "PDE11A.1"    "AC012499.1" 
 [1406] "AC009948.1"  "AC009948.4"  "AC009948.3"  "AC010680.3"  "AC010680.2" 
 [1411] "AC010680.4"  "AC010680.5"  "AC010680.1"  "AC093911.1"  "AC009478.1" 
 [1416] "AC104076.1"  "AC068196.1"  "AC020595.1"  "AC013733.2"  "AC013733.1" 
 [1421] "AC009962.1"  "AC064871.1"  "AC021851.1"  "AC093639.1"  "AC096667.1" 
 [1426] "AC007966.1"  "AC017071.1"  "AC017101.1"  "AC007319.1"  "AC133106.1" 
 [1431] "AC013468.1"  "AC093388.1"  "AC108047.1"  "AC006460.1"  "AC005540.1" 
 [1436] "AC067945.2"  "AC092614.1"  "AC098872.1"  "AC098617.1"  "AC062039.1" 
 [1441] "AC013401.1"  "AC068135.2"  "AC010983.1"  "AC104823.1"  "AC064834.1" 
 [1446] "AC114760.2"  "AC020571.1"  "AC068544.1"  "AC013264.1"  "AC010746.1" 
 [1451] "AC011997.1"  "AC020719.1"  "AC019330.1"  "AC020718.1"  "AC016746.1" 
 [1456] "AC007163.1"  "AC005037.1"  "AC007272.1"  "AC069148.1"  "AC079354.1" 
 [1461] "AC079354.3"  "AC064836.2"  "AC064836.3"  "AC080075.1"  "AC009965.1" 
 [1466] "AC009498.1"  "AC016903.1"  "AC016903.2"  "AC007362.1"  "AC007679.1" 
 [1471] "AC007383.2"  "AC007383.3"  "AC010731.2"  "AC010731.3"  "AC008269.2" 
 [1476] "AC008269.1"  "AC007879.1"  "AC007879.3"  "AC007879.2"  "AC007879.4" 
 [1481] "AC009226.1"  "AC096772.1"  "AC007038.2"  "AC007038.1"  "AC108066.1" 
 [1486] "AC079610.2"  "AC079610.3"  "AC079610.1"  "AC068051.1"  "AC016708.1" 
 [1491] "AC072062.1"  "AC073284.1"  "AC012462.3"  "AC012462.1"  "AC012462.2" 
 [1496] "AC012668.2"  "AC012668.3"  "AC012668.1"  "AC122136.1"  "AC093382.1" 
 [1501] "AC012513.1"  "AC069155.1"  "AC098820.2"  "AC098820.3"  "AC073321.1" 
 [1506] "AC007563.2"  "AC007563.1"  "AC007557.2"  "AC007557.4"  "AC007557.1" 
 [1511] "AC007557.3"  "AC007749.1"  "AC010136.1"  "AC021016.3"  "AC012510.1" 
 [1516] "AC009974.1"  "AC097468.2"  "AC097468.1"  "AC097468.3"  "AC068946.1" 
 [1521] "AC068946.2"  "AC114803.1"  "AC053503.2"  "AC053503.4"  "AC053503.1" 
 [1526] "AC053503.5"  "AC009955.3"  "AC009955.4"  "AC009955.1"  "AC009955.2" 
 [1531] "AC009502.1"  "AC019211.1"  "AC093083.1"  "AC067956.1"  "AC093843.1" 
 [1536] "AC079834.2"  "AC068489.1"  "AC010980.2"  "AC097461.1"  "AC013476.1" 
 [1541] "AC013448.1"  "AC013448.2"  "AC073641.1"  "AC073052.2"  "AC016717.2" 
 [1546] "AC062015.1"  "AC010735.2"  "AC097662.1"  "AC064853.1"  "AC012070.1" 
 [1551] "AC009950.1"  "AC010149.1"  "AC012507.2"  "AC012507.1"  "AC012507.4" 
 [1556] "AC017104.3"  "AC019130.1"  "AC068134.1"  "AC068134.2"  "AC073254.1" 
 [1561] "AC013726.1"  "AC114812.2"  "AC005538.1"  "AC006037.1"  "AC122134.1" 
 [1566] "AC097713.1"  "AC114814.1"  "AC114814.3"  "AC064874.1"  "AC019068.1" 
 [1571] "AC093915.1"  "AC084030.1"  "AC105760.1"  "AC105760.2"  "AC107079.1" 
 [1576] "AC112715.1"  "AC112721.1"  "AC112721.2"  "AC104667.2"  "AC104667.1" 
 [1581] "AC012485.3"  "AC012485.2"  "AC016999.1"  "AC145625.1"  "AC062017.1" 
 [1586] "AC079612.1"  "AC079612.2"  "AC093802.2"  "AC093802.1"  "AC124861.1" 
 [1591] "AC011298.1"  "AC104809.1"  "AC093585.1"  "AC005237.1"  "SEPT2"      
 [1596] "AC005104.1"  "AC133528.1"  "AC114730.3"  "AC114730.1"  "AC114730.2" 
 [1601] "AC131097.1"  "AC131097.3"  "AC131097.4"  "AC131097.2"  "AC093642.1" 
 [1606] "LINC01238.1" "AC066595.1"  "AC090044.1"  "AC087430.1"  "AC018814.1" 
 [1611] "AC024060.1"  "AC034195.1"  "AC018816.1"  "AC026202.2"  "AC026202.3" 
 [1616] "AC026202.1"  "AC087857.1"  "AC026167.1"  "AC069277.1"  "AC068313.1" 
 [1621] "AC018832.1"  "AC023481.1"  "AC034187.1"  "AC026191.1"  "AC022382.1" 
 [1626] "AC018809.2"  "AC022007.1"  "AC022384.1"  "AC018495.1"  "AC022001.2" 
 [1631] "AC022001.3"  "AC034198.2"  "AC090004.1"  "AC093495.1"  "AC093496.1" 
 [1636] "AC090952.2"  "AC090952.1"  "AC090957.1"  "AC090948.1"  "AC090948.2" 
 [1641] "AC090948.3"  "AC010139.1"  "AC091493.1"  "AC132807.1"  "AC132807.2" 
 [1646] "AC116096.1"  "AC099753.1"  "AC012087.1"  "AC092422.1"  "AC099754.1" 
 [1651] "AC114877.1"  "AC098614.4"  "AC098650.1"  "AC116035.1"  "AC112211.1" 
 [1656] "AC112220.3"  "AC112220.4"  "AC112220.2"  "AC123023.1"  "AC018359.1" 
 [1661] "AC011816.2"  "AC126118.1"  "AC097359.3"  "AC097359.2"  "AC116038.1" 
 [1666] "AC092053.3"  "AC092053.2"  "AC122683.1"  "AC099560.1"  "AC099541.1" 
 [1671] "AC009743.1"  "AC018358.1"  "AC006059.1"  "AC099329.3"  "AC099329.1" 
 [1676] "AC092042.3"  "AC092042.1"  "AC104184.1"  "AC006055.1"  "AC006058.2" 
 [1681] "AC006058.3"  "AC006058.1"  "AC104187.1"  "AC099669.1"  "AC124045.1" 
 [1686] "AC098649.1"  "AC098613.1"  "AC104304.1"  "PRSS50.1"    "AC109583.3" 
 [1691] "AC099778.1"  "AC134772.1"  "AC141002.1"  "AC137630.2"  "AC137630.1" 
 [1696] "AC137630.4"  "AC137630.3"  "QARS"        "AC121247.1"  "AC104452.1" 
 [1701] "AC105935.2"  "AC105935.1"  "U73166.1"    "Z84492.1"    "CYB561D2.1" 
 [1706] "AC096920.1"  "AC097637.1"  "AC006252.1"  "AC006254.1"  "AC096887.1" 
 [1711] "AC012467.1"  "AC012467.2"  "AC092059.1"  "AC121764.2"  "AC121764.3" 
 [1716] "AC121764.1"  "AC025572.1"  "AC097358.2"  "AC137936.1"  "AC098479.1" 
 [1721] "AC135507.1"  "AC116036.2"  "AC119424.1"  "AC114400.1"  "AC138057.1" 
 [1726] "AC126121.2"  "ATXN7.1"     "AC012557.1"  "AC012557.2"  "AC092040.1" 
 [1731] "AC096888.1"  "AC114401.1"  "AC109587.1"  "AC099328.2"  "AC104445.1" 
 [1736] "AC097634.2"  "AC097634.3"  "AC097634.1"  "AC105265.3"  "AC105265.4" 
 [1741] "AC112219.2"  "AC112219.1"  "AC134508.1"  "AC104435.2"  "AC117462.1" 
 [1746] "AC108752.1"  "AC068756.1"  "AC099542.2"  "AC099542.1"  "AC017015.2" 
 [1751] "AC129807.1"  "AC108733.1"  "AC107204.1"  "AC117513.1"  "AC110491.1" 
 [1756] "AC110491.3"  "AC110491.2"  "AC117460.1"  "AC117473.1"  "AC021660.2" 
 [1761] "AC091212.1"  "AC078828.1"  "AC107029.1"  "AC107029.2"  "AC069222.1" 
 [1766] "AC020651.1"  "AC106712.1"  "AC108748.1"  "AC063944.1"  "AC063944.3" 
 [1771] "AC063923.2"  "AC078980.1"  "AC117430.1"  "AC117402.1"  "AC092916.1" 
 [1776] "AC128688.2"  "AC112487.1"  "AC092894.1"  "AC074044.1"  "AC078785.1" 
 [1781] "AC078785.2"  "AC108693.2"  "AC128687.2"  "AC093010.2"  "AC046136.1" 
 [1786] "AC092691.1"  "AC092691.3"  "AC068633.1"  "AC083800.1"  "AC073352.1" 
 [1791] "AC073352.2"  "AC069444.1"  "AC092910.3"  "AC063952.4"  "AC083798.2" 
 [1796] "AC112503.2"  "AC112503.1"  "AC020634.1"  "AC092902.3"  "AC092903.2" 
 [1801] "AC117422.1"  "AC079848.1"  "AC016924.1"  "AC063919.1"  "TXNRD3NB.1" 
 [1806] "AC016968.1"  "AC084035.1"  "AC112484.3"  "AC112484.1"  "AC108673.2" 
 [1811] "AC108673.3"  "AC083906.3"  "AC055733.2"  "AC116424.1"  "AC107027.1" 
 [1816] "AC079942.1"  "AC022296.3"  "AC010207.1"  "AC072039.2"  "AC117382.2" 
 [1821] "AC096992.2"  "AC007159.1"  "AC016252.1"  "AC024933.1"  "AC097103.2" 
 [1826] "AC097103.1"  "AC110716.2"  "AC110716.1"  "AC016933.1"  "AC010181.1" 
 [1831] "AC010181.2"  "AC121333.1"  "AC108727.2"  "AC117383.1"  "AC021074.3" 
 [1836] "AC026304.1"  "AC018450.2"  "AC055758.2"  "AC055758.1"  "AC107021.1" 
 [1841] "AC092957.1"  "AC092925.1"  "AC092958.1"  "AC092958.2"  "AC025566.1" 
 [1846] "AC092979.1"  "AC093001.1"  "AC108751.4"  "AC117395.1"  "AC117386.2" 
 [1851] "AC117386.1"  "AC020636.2"  "AC020636.1"  "AC108718.1"  "AC026347.1" 
 [1856] "AC092924.1"  "AC117394.2"  "AC078788.1"  "AC078788.2"  "AC068985.1" 
 [1861] "AC092994.1"  "AC073359.2"  "AC073359.1"  "AC104831.1"  "AC104472.3" 
 [1866] "AC084036.1"  "AC104411.1"  "AC079943.1"  "AC079943.2"  "AC106707.1" 
 [1871] "AC080013.4"  "AC080013.6"  "AC080013.1"  "AC080013.5"  "AC079594.2" 
 [1876] "AC069224.1"  "AC112491.1"  "AC131211.1"  "AC128685.1"  "AC079910.1" 
 [1881] "AC069439.2"  "AC026353.1"  "AC124893.1"  "AC092954.1"  "AC092954.2" 
 [1886] "AC074033.1"  "AC078802.1"  "AC078795.1"  "AC078795.3"  "AC078795.2" 
 [1891] "AC008040.1"  "AC008040.5"  "AC073288.1"  "AC073288.2"  "AC026316.5" 
 [1896] "AC026316.2"  "AC092919.1"  "AC068759.1"  "AC104640.1"  "AC092920.1" 
 [1901] "AC117465.1"  "AC026355.2"  "AC026355.1"  "AC007953.1"  "AC007953.2" 
 [1906] "AC109779.1"  "AC117457.1"  "AC076966.1"  "AC007823.1"  "AC007620.2" 
 [1911] "AC007620.3"  "AC090425.2"  "AC090425.1"  "AC007687.1"  "AC125618.1" 
 [1916] "CCDC39.1"    "AC108734.4"  "AC022294.1"  "AC125613.1"  "AC012081.1" 
 [1921] "AC084211.1"  "AC083801.2"  "AC069431.1"  "AC092953.2"  "AC131160.1" 
 [1926] "AC131235.4"  "AC131235.3"  "AC107294.2"  "AC107294.3"  "AC107294.1" 
 [1931] "AC068631.1"  "AC068631.2"  "AC112907.3"  "AC112907.1"  "AC007920.1" 
 [1936] "AC007920.2"  "AC072022.1"  "AC108681.1"  "AC068295.1"  "AC092941.1" 
 [1941] "AC092941.2"  "AC022498.1"  "AC108747.1"  "AC073365.1"  "AC026320.1" 
 [1946] "AC092966.1"  "AC024559.1"  "AC024559.2"  "AC080129.1"  "AC080129.2" 
 [1951] "AC046143.1"  "AC046143.2"  "AC106706.1"  "AC090505.2"  "AC069213.1" 
 [1956] "AC233280.1"  "AC124944.1"  "AC069257.3"  "AC069257.1"  "AC117490.2" 
 [1961] "AC128709.2"  "AC128709.1"  "AC128709.3"  "AC024560.3"  "AC024560.1" 
 [1966] "AC055764.2"  "AC055764.1"  "AC092574.2"  "AC092574.1"  "AC116565.1" 
 [1971] "AC116565.2"  "AC107464.1"  "AC107464.3"  "AC107464.2"  "AC139887.4" 
 [1976] "AC139887.2"  "AC139887.1"  "AC139887.3"  "AC019103.1"  "AC092535.3" 
 [1981] "AC092535.1"  "AC092535.4"  "AC147067.2"  "AC147067.1"  "AC016773.1" 
 [1986] "AL136360.2"  "AL158068.2"  "AL590235.2"  "AL121796.1"  "AC141928.1" 
 [1991] "AC105415.1"  "AC092442.1"  "AC113615.1"  "AC093323.1"  "AC097382.2" 
 [1996] "AC097381.1"  "AC097381.3"  "AC097381.2"  "AC104825.1"  "AC105345.2" 
 [2001] "AC105345.1"  "AC209005.1"  "AC108199.1"  "AC005674.1"  "AC084048.1" 
 [2006] "AC025539.1"  "AC005699.1"  "AC108037.1"  "AC007370.2"  "AC007370.1" 
 [2011] "AC007126.1"  "AC073848.1"  "AC092546.1"  "AC006296.2"  "AC006296.1" 
 [2016] "AC098829.1"  "AC099550.1"  "AC116651.1"  "AC108063.1"  "AC097515.1" 
 [2021] "AC106894.1"  "AC006160.1"  "AC093871.1"  "AC024230.1"  "AC110767.1" 
 [2026] "AC097505.1"  "AC110296.1"  "AC096576.3"  "AC096576.2"  "AC096719.1" 
 [2031] "AC097512.1"  "AC114912.1"  "AC092440.1"  "AC093607.1"  "AC092834.1" 
 [2036] "AC104662.2"  "AC104662.1"  "AC092436.2"  "AC092436.4"  "AC133961.1" 
 [2041] "AC106047.1"  "AC024132.2"  "AC024132.1"  "AC024132.3"  "AC007106.1" 
 [2046] "AC109588.1"  "AC097480.1"  "AC068944.1"  "AC109349.1"  "AC097716.1" 
 [2051] "AC104071.1"  "AC097535.1"  "AC016687.3"  "AC016687.2"  "AC093689.1" 
 [2056] "AC104078.1"  "AC104078.2"  "AL136537.1"  "AC027607.1"  "AC098680.1" 
 [2061] "AC021860.1"  "AC079921.1"  "AC079921.2"  "AC108471.2"  "AC095057.2" 
 [2066] "AC098869.2"  "AC131953.1"  "AC105389.2"  "AC105389.3"  "AC105389.1" 
 [2071] "AC108210.1"  "AC106052.1"  "AC111006.1"  "AC024022.1"  "AC096734.2" 
 [2076] "AC096734.1"  "AC111198.1"  "AC110799.1"  "AC096586.2"  "AC096586.1" 
 [2081] "AC108467.1"  "AC095060.1"  "AC107398.2"  "AC107068.2"  "AC107068.1" 
 [2086] "AC027271.1"  "AC104066.2"  "AC023154.1"  "AC058822.1"  "AC110792.3" 
 [2091] "AC110792.2"  "AC098587.1"  "AC098868.1"  "AC097494.1"  "AC111194.1" 
 [2096] "AC111194.2"  "AC069200.1"  "AC024243.1"  "AC068620.1"  "AC068620.2" 
 [2101] "AC069307.1"  "AC105390.1"  "AC013724.1"  "AC107396.1"  "AC093725.2" 
 [2106] "AC093725.1"  "AC019133.1"  "AC017091.1"  "AC097501.2"  "AC108517.1" 
 [2111] "AC096588.1"  "AC093857.1"  "AC020741.1"  "AC097491.1"  "AC093730.1" 
 [2116] "AC104137.1"  "AC097110.1"  "AC116049.2"  "AC096721.1"  "AC104806.2" 
 [2121] "AC021146.12" "AC111000.4"  "AC108941.2"  "AC009570.1"  "AC068721.1" 
 [2126] "AC095056.1"  "AC053527.1"  "AC112518.1"  "AC093677.2"  "AC021180.1" 
 [2131] "AC239584.1"  "AC110760.2"  "AC110760.1"  "AC025244.1"  "AC025244.2" 
 [2136] "AC096759.1"  "AC096759.2"  "AC110615.1"  "AC112719.2"  "AC107072.2" 
 [2141] "AC107072.1"  "AC092674.1"  "AC098818.2"  "AC092542.1"  "AC021127.1" 
 [2146] "AC139722.1"  "AC124016.2"  "AC124016.1"  "AC114781.2"  "AC021192.1" 
 [2151] "AC104063.1"  "AC104827.1"  "AC093827.5"  "AC093827.4"  "AC108516.1" 
 [2156] "AC112250.2"  "AC093895.1"  "AC107067.1"  "AC098582.1"  "AC083829.2" 
 [2161] "AC104785.1"  "AC097478.1"  "AC097478.2"  "AC097478.4"  "AC097478.3" 
 [2166] "AC004054.1"  "AC074124.1"  "AC093810.1"  "AC112695.1"  "AC095059.1" 
 [2171] "AC110800.1"  "AC096746.1"  "AC108067.1"  "AC106881.1"  "AC108515.1" 
 [2176] "AC019077.1"  "AC108159.1"  "AC114811.2"  "AC019131.1"  "AC019131.2" 
 [2181] "AP002026.1"  "AC083902.1"  "AC097460.1"  "AP001961.1"  "AP001816.1" 
 [2186] "AP002075.1"  "AC098487.1"  "AF213884.3"  "AC018797.2"  "AC105460.2" 
 [2191] "AC105460.1"  "AC004052.1"  "AC004063.1"  "AC004053.1"  "AC096577.1" 
 [2196] "AC004069.1"  "AC004066.2"  "AC008243.1"  "AC109361.2"  "AC109361.1" 
 [2201] "AC104663.1"  "AC096564.1"  "AC096564.2"  "AC004067.1"  "AC126283.2" 
 [2206] "AC126283.1"  "AC098798.1"  "AC083795.2"  "AC139718.2"  "AC139718.1" 
 [2211] "AC004704.1"  "AC109347.1"  "AC109347.2"  "AC023886.1"  "AC106864.1" 
 [2216] "AC106864.2"  "AC017007.5"  "AC093879.1"  "AC093879.2"  "AC104779.1" 
 [2221] "AC106892.1"  "AC110079.2"  "AC093752.3"  "AC093752.2"  "AC097173.2" 
 [2226] "AC108866.1"  "AC025741.1"  "AC105254.1"  "AC079341.3"  "AC079341.1" 
 [2231] "AC079341.2"  "AC021205.3"  "AC093821.1"  "AC096732.1"  "AC121154.1" 
 [2236] "AC105919.1"  "AC096773.1"  "AC093772.1"  "AC093591.2"  "AC108062.1" 
 [2241] "AC110609.1"  "AC078850.1"  "AC078850.2"  "AC082650.1"  "AC093831.1" 
 [2246] "AC096711.2"  "AC096711.3"  "AC096711.1"  "AC114741.1"  "AC115622.1" 
 [2251] "AC110751.1"  "AC105383.1"  "AC079380.1"  "AC109830.1"  "AC093722.1" 
 [2256] "AC104619.2"  "AC107463.1"  "AC105362.1"  "AC073429.2"  "AC018680.1" 
 [2261] "AC073429.1"  "AC116563.1"  "AC131956.2"  "AC131956.1"  "AC093903.1" 
 [2266] "AC098859.2"  "AC093766.1"  "AC109927.1"  "AC109927.2"  "AC097376.2" 
 [2271] "AC112236.2"  "AC112236.1"  "AC131182.1"  "AC096733.1"  "AC096733.2" 
 [2276] "AC107220.1"  "AC097504.2"  "AC139720.2"  "AC139720.1"  "AC104596.1" 
 [2281] "AC097658.2"  "AC106871.1"  "AC109811.1"  "AC093864.1"  "AC104791.1" 
 [2286] "AC108206.1"  "AC097372.2"  "AC097372.1"  "AC092435.2"  "AC092435.1" 
 [2291] "AC092435.3"  "AC093835.1"  "AC069272.1"  "AC108935.1"  "AC108156.1" 
 [2296] "AC093893.1"  "AC105343.1"  "AC110813.1"  "AC095055.1"  "AC104819.3" 
 [2301] "AC092611.2"  "AC092611.1"  "AC107074.1"  "AC112242.1"  "AC097375.2" 
 [2306] "AC097375.1"  "AC079340.1"  "AC079340.2"  "AC080078.1"  "AC080078.2" 
 [2311] "AC106882.1"  "AC093599.1"  "AC020703.1"  "AC079298.3"  "AC079298.1" 
 [2316] "AC079298.2"  "AC009567.1"  "AC097467.3"  "AC104407.1"  "AC097467.1" 
 [2321] "AC107208.1"  "AC096736.3"  "AC096736.2"  "AC096736.1"  "AC092608.1" 
 [2326] "AC093817.1"  "AC098679.1"  "AC121161.2"  "AC074344.2"  "AC104793.1" 
 [2331] "AC023136.1"  "AC005150.1"  "AC022272.1"  "AC093788.1"  "AC106872.10"
 [2336] "AC097487.1"  "AC079349.1"  "AC116634.1"  "AC079858.1"  "AC080188.1" 
 [2341] "AC021151.1"  "AC096741.1"  "AC084866.2"  "AC084866.1"  "AC074254.1" 
 [2346] "AC105285.1"  "AC097534.1"  "AC097534.2"  "AC093849.1"  "AC106895.1" 
 [2351] "AC106895.2"  "AC012055.1"  "AC012055.2"  "AC116616.1"  "AC096751.2" 
 [2356] "AC105914.2"  "AC095050.1"  "AC131094.1"  "AC097537.1"  "AC019163.1" 
 [2361] "AC093801.1"  "AC092673.1"  "AC097518.1"  "AC027627.1"  "AC078881.1" 
 [2366] "AC103879.1"  "AC020551.1"  "AC104803.1"  "AC098864.1"  "AC079226.2" 
 [2371] "AC079226.1"  "AC079766.1"  "AC019193.3"  "AC019193.2"  "AC107214.1" 
 [2376] "AC107214.2"  "AC108477.1"  "AC084871.2"  "AC112722.1"  "AC106897.1" 
 [2381] "AC093797.1"  "AC108472.1"  "AC096659.1"  "AC018709.1"  "AC108865.1" 
 [2386] "AC108865.2"  "AC110772.1"  "AC108474.1"  "AC097652.1"  "AC093763.1" 
 [2391] "AC097521.1"  "AC138781.1"  "AC093909.2"  "AC093909.4"  "AC122138.1" 
 [2396] "AC107391.1"  "AC105924.1"  "AF250324.1"  "AC021087.1"  "AC106772.2" 
 [2401] "AC106772.1"  "AC026740.1"  "AC122719.1"  "AC122719.2"  "AC116351.1" 
 [2406] "AC116351.2"  "AC114291.1"  "AC091849.2"  "AC026412.3"  "AC112176.1" 
 [2411] "AC025183.3"  "AC025183.1"  "AC025183.2"  "AC126768.2"  "AC126768.1" 
 [2416] "AC126768.3"  "AC091891.2"  "AC091891.1"  "AC094105.1"  "AC112192.1" 
 [2421] "AC091832.1"  "AC016595.1"  "AC025773.1"  "AC025187.1"  "AC106799.3" 
 [2426] "AC106799.2"  "AC106799.1"  "AC010634.1"  "AC026719.1"  "AC026719.2" 
 [2431] "AC026415.1"  "AC010451.3"  "AC010451.1"  "AC010451.2"  "AC022424.1" 
 [2436] "AC022424.2"  "AC010266.2"  "AC010266.1"  "AC122710.2"  "AC122710.3" 
 [2441] "AC122710.1"  "AC091951.4"  "AC027343.3"  "AC027343.1"  "AC027343.2" 
 [2446] "AC093305.1"  "AC025174.1"  "AC091965.1"  "AC091965.4"  "AC027328.1" 
 [2451] "AC091932.1"  "AC021088.1"  "AC091906.1"  "AC034229.1"  "AC034229.2" 
 [2456] "AC034229.3"  "AC034229.4"  "AC012640.1"  "AC012640.4"  "AC012640.3" 
 [2461] "AC012640.2"  "AC092336.1"  "AC012629.2"  "AC012629.1"  "AC106771.1" 
 [2466] "AC016553.1"  "AC016576.1"  "AC010491.1"  "AC016575.1"  "AC016651.1" 
 [2471] "AC010638.1"  "AC016650.1"  "AC092335.1"  "AC020980.1"  "AC022113.1" 
 [2476] "AC022113.2"  "AC026790.1"  "AC026785.2"  "AC026785.3"  "AC106774.10"
 [2481] "AC106774.8"  "AC106774.9"  "AC106774.7"  "AC106774.6"  "AC106774.5" 
 [2486] "AC233724.20" "AC233724.17" "AC233724.18" "AC233724.19" "AC233724.15"
 [2491] "AC233724.6"  "AC233724.16" "AC233724.12" "AC106744.1"  "AC106744.2" 
 [2496] "AC093274.1"  "AC091946.2"  "AC091946.1"  "AC010445.1"  "AC010387.1" 
 [2501] "AC091885.2"  "AC106821.1"  "AC099499.2"  "AC099499.1"  "AC106754.1" 
 [2506] "AC022140.1"  "AC025475.1"  "AC113347.4"  "AC113355.1"  "AC008825.1" 
 [2511] "AC113386.1"  "AC022447.3"  "AC022447.1"  "AC022447.7"  "AC025178.1" 
 [2516] "AC025181.2"  "AC010343.3"  "AC034223.1"  "AC034223.2"  "AC034231.1" 
 [2521] "AC034232.2"  "AC139792.1"  "AC025754.2"  "AC025754.1"  "AC026801.2" 
 [2526] "AC137810.1"  "AC112204.2"  "AC008957.2"  "AC008957.1"  "AC026741.1" 
 [2531] "AC008869.1"  "AC034226.1"  "AC010457.1"  "AC010425.1"  "AC091435.2" 
 [2536] "AC093277.1"  "AC108099.1"  "AC008945.1"  "AC008875.1"  "AC025171.3" 
 [2541] "AC025171.5"  "AC025171.2"  "AC025171.4"  "AC114947.2"  "AC114956.2" 
 [2546] "AC114956.1"  "AC104119.1"  "AC093292.1"  "AC093297.1"  "AC093297.2" 
 [2551] "AC114954.1"  "AC122694.1"  "AC112187.3"  "AC022441.1"  "AC022441.2" 
 [2556] "AC008808.2"  "AC008808.1"  "AC010478.1"  "AC091860.2"  "AC022126.1" 
 [2561] "AC025180.1"  "AC008966.2"  "AC008966.1"  "AC025175.1"  "AC112198.3" 
 [2566] "AC034238.3"  "AC034238.2"  "AC026704.1"  "AC008914.1"  "AC008892.1" 
 [2571] "AC016596.1"  "AC034245.1"  "AC008940.1"  "AC008937.2"  "AC008937.1" 
 [2576] "AC008937.3"  "AC016644.1"  "AC025470.2"  "AC008780.1"  "AC008780.2" 
 [2581] "AC106822.1"  "AC016642.1"  "AC008852.1"  "AC092343.1"  "AC034234.1" 
 [2586] "AC104113.1"  "AC022445.1"  "AC026746.1"  "AC026434.1"  "AC092354.2" 
 [2591] "AC092354.1"  "AC025176.1"  "AC010359.1"  "AC025442.1"  "AC113378.1" 
 [2596] "AC010420.1"  "AC112206.2"  "AC106798.1"  "AC024581.1"  "AC024579.1" 
 [2601] "AC010280.2"  "AC010280.3"  "AC010280.1"  "AC093523.1"  "AC093248.1" 
 [2606] "AC010273.2"  "AC010273.1"  "AC145146.1"  "AC140134.2"  "AC146944.4" 
 [2611] "AC139834.1"  "AC145141.2"  "AC145141.1"  "AC063979.2"  "AC035140.1" 
 [2616] "AC008972.1"  "AC008972.2"  "AC116345.3"  "AC116345.1"  "AC099522.2" 
 [2621] "AC091868.2"  "AC093283.1"  "AC106732.1"  "AC010501.1"  "AC116337.3" 
 [2626] "AC008897.2"  "AC008897.3"  "AC010245.1"  "AC010245.2"  "AC026774.1" 
 [2631] "AC113404.1"  "AC026725.1"  "AC025188.1"  "AC008581.2"  "AC008581.1" 
 [2636] "AC022414.1"  "AC108482.1"  "AC008496.2"  "AC012636.1"  "AC010260.1" 
 [2641] "AC008771.1"  "AC008434.1"  "AC026427.1"  "AC026726.1"  "AC026782.1" 
 [2646] "AC026782.2"  "AC008885.2"  "AC108174.1"  "AC027338.2"  "AC027338.1" 
 [2651] "AC104118.1"  "AC113383.1"  "AC114928.1"  "AC117522.2"  "AC010486.1" 
 [2656] "AC010486.2"  "AC010486.3"  "AC010595.1"  "AC026414.1"  "AC016550.1" 
 [2661] "AC016550.2"  "AC016550.3"  "AC008539.1"  "AC109492.1"  "AC018754.1" 
 [2666] "AC091826.2"  "AC008525.1"  "AC008525.2"  "AC074131.1"  "AC008448.1" 
 [2671] "AC113167.1"  "AC099554.1"  "AC093281.1"  "AC093281.2"  "AC123595.1" 
 [2676] "AC123595.2"  "AC008799.2"  "AC114316.2"  "AC114316.1"  "AC124854.1" 
 [2681] "AC026780.1"  "AC026780.2"  "AC008517.1"  "AC012625.1"  "AC108102.1" 
 [2686] "AC008534.1"  "AC012312.1"  "AC008840.1"  "AC008592.4"  "AC008592.5" 
 [2691] "AC104123.1"  "AC008592.2"  "AC099509.1"  "AC099509.2"  "AC020900.1" 
 [2696] "AC008906.1"  "AC008906.2"  "AC009126.1"  "AC008883.1"  "AC008883.2" 
 [2701] "AC008522.1"  "AC113385.1"  "AC021086.1"  "AC027315.1"  "AC008948.1" 
 [2706] "AC094108.1"  "AC099487.1"  "AC011362.1"  "AC010406.1"  "AC099520.1" 
 [2711] "AC099520.2"  "AC091987.1"  "AC024587.2"  "AC008871.1"  "AC008467.1" 
 [2716] "AC091917.3"  "AC091917.2"  "AC091917.1"  "AC012603.1"  "AC010395.1" 
 [2721] "AC008572.1"  "AC010468.2"  "AC010275.1"  "AC010261.1"  "AC010261.2" 
 [2726] "AC104126.1"  "AC008575.1"  "AC079465.1"  "AC106789.1"  "AC010230.1" 
 [2731] "AC094104.2"  "AC094104.1"  "AC008494.2"  "AC008494.3"  "AC010226.1" 
 [2736] "AC008549.2"  "AC008549.1"  "AC034236.3"  "AC034236.2"  "AC018752.1" 
 [2741] "AC010267.1"  "AC093534.2"  "AC093206.1"  "AC008629.1"  "AC008574.1" 
 [2746] "AC113418.1"  "AC114284.1"  "AC008568.1"  "AC010255.1"  "AC010255.3" 
 [2751] "AC010255.2"  "AC113349.2"  "AC113349.1"  "AC119150.1"  "AC022101.1" 
 [2756] "AC106786.2"  "AC106786.1"  "AC016556.1"  "AC025465.2"  "AC025465.4" 
 [2761] "AC025465.3"  "AC025465.1"  "AC112196.1"  "AC109464.1"  "AC109464.2" 
 [2766] "AC109471.1"  "AC010235.1"  "AC093535.1"  "AC011416.3"  "AC010424.2" 
 [2771] "AC010424.3"  "AC022118.1"  "AC068658.1"  "AC008591.1"  "AC008695.1" 
 [2776] "AC026398.1"  "AC034228.3"  "AC034228.1"  "AC034228.2"  "AC063976.1" 
 [2781] "AC116366.3"  "AC116366.2"  "AC116366.1"  "AC004039.1"  "AC004775.1" 
 [2786] "AC010240.3"  "AC113410.2"  "AC010307.2"  "AC010307.3"  "AC010307.4" 
 [2791] "AC010608.1"  "AC008608.2"  "AC104109.3"  "AC104109.2"  "AC109454.2" 
 [2796] "AC109454.3"  "AC005355.1"  "AC008406.3"  "AC008406.2"  "AC008406.1" 
 [2801] "AC026691.1"  "AC022092.1"  "AC034206.1"  "AC002428.2"  "AC002428.1" 
 [2806] "AC063980.1"  "AC112178.1"  "AC109439.2"  "AC106791.2"  "AC106791.1" 
 [2811] "AC113382.1"  "AC113382.2"  "AC104116.1"  "AC034243.1"  "AC011405.1" 
 [2816] "MATR3.1"     "AC135457.1"  "AC142391.1"  "AC113361.1"  "AC008667.1" 
 [2821] "AC008667.3"  "AC008667.4"  "AC008667.2"  "AC008438.2"  "AC008438.1" 
 [2826] "AC005609.5"  "AC005609.2"  "AC005609.4"  "AC005609.3"  "AC005609.1" 
 [2831] "AC010223.1"  "AC244517.5"  "AC244517.9"  "AC244517.2"  "AC244517.1" 
 [2836] "AC244517.11" "AC244517.12" "AC244517.6"  "AC244517.4"  "AC244517.7" 
 [2841] "AC244517.10" "AC005618.1"  "AC005618.3"  "AC005618.2"  "AC008781.2" 
 [2846] "AC008781.1"  "AC005753.1"  "AC005740.4"  "AC005740.3"  "AC005592.1" 
 [2851] "AC016598.1"  "AC016598.2"  "AC132803.1"  "AC137770.1"  "AC008700.1" 
 [2856] "AC091887.1"  "AC091959.3"  "AC011396.2"  "AC011396.1"  "AC008728.1" 
 [2861] "AC011373.1"  "AC011352.1"  "AC011352.3"  "AC091948.1"  "AC114939.1" 
 [2866] "AC116312.1"  "AC012613.1"  "AC012613.2"  "AC131025.1"  "AC131025.2" 
 [2871] "AC011383.1"  "AC008453.1"  "AC008641.1"  "AC011337.1"  "AC011374.1" 
 [2876] "AC011374.2"  "AC091982.1"  "AC091982.3"  "AC091962.1"  "AC026688.2" 
 [2881] "AC025434.1"  "AC011377.1"  "AC010609.1"  "AC009185.1"  "AC008676.1" 
 [2886] "AC106801.1"  "AC025437.5"  "AC025437.4"  "AC025437.3"  "AC025437.2" 
 [2891] "AC025437.1"  "AC091979.1"  "AC091979.2"  "AC091939.1"  "AC136424.2" 
 [2896] "AC136424.1"  "AC134043.1"  "AC008691.1"  "AC008703.1"  "AC008609.1" 
 [2901] "AC008456.1"  "AC011363.1"  "AC091944.1"  "AC113414.1"  "AC008662.1" 
 [2906] "AC008662.2"  "AC109466.1"  "AC008415.1"  "AC114321.1"  "AC091819.2" 
 [2911] "AC091819.1"  "AC091820.2"  "AC091820.1"  "AC008601.1"  "AC008708.2" 
 [2916] "AC008464.1"  "AC008705.1"  "AC011369.1"  "AC008637.1"  "AC011365.2" 
 [2921] "AC011365.1"  "AC011389.2"  "AC011389.1"  "AC008680.1"  "AC034199.1" 
 [2926] "AC027306.1"  "AC008619.1"  "AC027312.1"  "AC008514.1"  "AC091980.2" 
 [2931] "AC011410.1"  "AC027309.1"  "AC022217.2"  "AC022217.3"  "AC110011.1" 
 [2936] "AC008429.1"  "AC008429.3"  "AC008378.1"  "AC016573.1"  "AC008632.1" 
 [2941] "AC008663.1"  "AC008663.3"  "AC008663.2"  "AC113423.1"  "AC113423.2" 
 [2946] "AC025752.1"  "AC108112.1"  "AC113346.2"  "AC113346.1"  "AC008413.2" 
 [2951] "AC138965.1"  "AC139491.3"  "AC139491.1"  "AC139491.7"  "AC139491.4" 
 [2956] "AC138956.1"  "AC138956.2"  "AC113391.1"  "AC113391.2"  "AC145098.1" 
 [2961] "AC139795.3"  "AC139795.2"  "AC138819.1"  "AC140125.2"  "AC140125.1" 
 [2966] "AC140125.3"  "AC106795.3"  "AC106795.2"  "AC106795.5"  "AC136601.1" 
 [2971] "AC104117.5"  "AC104117.3"  "AC109479.3"  "AC109479.1"  "AC136628.1" 
 [2976] "AC136628.4"  "AC136604.2"  "AC136604.3"  "AC008393.1"  "AC010285.1" 
 [2981] "AC008610.1"  "AC034213.1"  "AC008443.5"  "AC008443.6"  "AC008443.4" 
 [2986] "AC008443.2"  "AC008443.3"  "AC138035.1"  "AC138035.2"  "AL035696.3" 
 [2991] "AL035696.1"  "AL031770.1"  "AL357054.4"  "AL357054.2"  "AL357054.3" 
 [2996] "AL392183.1"  "AL356130.1"  "AL356130.2"  "AL033381.2"  "AL033381.1" 
 [3001] "AL034346.1"  "AL512329.2"  "AL031768.1"  "AL133351.2"  "AL133351.1" 
 [3006] "AL031963.2"  "AL031963.3"  "AL031963.1"  "AL445309.1"  "AL138881.1" 
 [3011] "AL391422.3"  "AL590004.3"  "AL590004.4"  "AL138831.2"  "AL138831.1" 
 [3016] "AL136309.4"  "AL136309.2"  "AL136309.3"  "AL162718.1"  "AL159166.1" 
 [3021] "AL034376.2"  "AL034376.1"  "AL356747.1"  "AL022725.1"  "AL359643.3" 
 [3026] "AL359643.2"  "AL021328.1"  "AL022097.1"  "AL136307.1"  "AL031123.2" 
 [3031] "AL031123.1"  "AL136361.1"  "AL158817.1"  "AL139390.1"  "AL139095.4" 
 [3036] "AL031058.1"  "AL359378.1"  "AL137220.1"  "AL138885.3"  "AL138885.2" 
 [3041] "AL139039.3"  "AL024498.1"  "AL024498.2"  "AL357497.1"  "AL139807.1" 
 [3046] "AL445430.1"  "AL445430.2"  "AL357518.1"  "AL022724.1"  "AL157373.1" 
 [3051] "AL157373.2"  "AL008729.1"  "AL008729.2"  "AL441883.1"  "AL023583.1" 
 [3056] "AL022396.1"  "AL353152.1"  "AL080313.2"  "AL080313.1"  "AL109914.1" 
 [3061] "AL138720.1"  "AL136162.1"  "AL009031.1"  "AL137003.1"  "AL137003.2" 
 [3066] "AL138724.1"  "AL357052.1"  "AL022068.1"  "AL158198.1"  "AL513188.1" 
 [3071] "AL031767.1"  "AL512380.1"  "AL512380.2"  "AL359694.2"  "AL033539.1" 
 [3076] "AL035401.1"  "AL139231.1"  "AL031775.1"  "AL031775.2"  "AL133264.2" 
 [3081] "AL512428.1"  "AL133268.3"  "AL133268.2"  "U91328.2"    "U91328.1"   
 [3086] "U91328.3"    "HIST1H2BC"   "AL353759.1"  "HIST1H2BE"   "AL031777.3" 
 [3091] "HIST1H2BF"   "HIST1H2BG"   "HIST1H2BI"   "AL121936.1"  "AL513548.3" 
 [3096] "AL513548.1"  "AL133255.1"  "AL021807.1"  "AL031118.1"  "AL009179.1" 
 [3101] "AL121944.1"  "AL358933.1"  "AL021997.3"  "AL049543.1"  "AL662890.1" 
 [3106] "AL662791.1"  "AL662791.2"  "AL645937.2"  "AL645937.4"  "AL662860.1" 
 [3111] "AL645939.4"  "AL645929.2"  "AL662797.1"  "AL662844.4"  "AL662844.3" 
 [3116] "AL645933.2"  "AL662899.2"  "AL662899.1"  "AL645922.1"  "AL662884.4" 
 [3121] "AL662796.1"  "AL669918.1"  "AL645941.2"  "AL645941.3"  "AL645940.1" 
 [3126] "AL662820.1"  "AL138889.1"  "AL451165.2"  "Z97832.2"    "AL033519.3" 
 [3131] "AL157823.2"  "Z84485.1"    "Z84484.1"    "AL122034.1"  "AL353597.1" 
 [3136] "AL121574.1"  "AL391415.1"  "AL034345.2"  "AL590999.1"  "AL139275.2" 
 [3141] "AL139275.1"  "AL583854.1"  "AL035588.1"  "AL365205.3"  "AL365205.1" 
 [3146] "AL365205.2"  "AL160163.1"  "AL513008.1"  "AL512274.1"  "AL096814.1" 
 [3151] "AL035587.1"  "AL136304.1"  "AL355385.1"  "AL133375.1"  "AL355802.2" 
 [3156] "AL136131.2"  "AL136131.3"  "AL157371.2"  "AL157371.1"  "AL109615.3" 
 [3161] "AL109615.2"  "AL353588.1"  "AL136140.1"  "AL096865.1"  "AL035701.1" 
 [3166] "AL359633.2"  "AL591242.1"  "AL161618.1"  "AL096772.1"  "AL355353.1" 
 [3171] "AL356421.2"  "AL121974.1"  "AL359458.1"  "AL138826.1"  "AL360175.1" 
 [3176] "AL135908.1"  "AL355997.1"  "AL034374.1"  "AL033397.2"  "AL033397.1" 
 [3181] "AL590652.1"  "AL513211.1"  "AL033384.2"  "AL033384.1"  "AL589946.1" 
 [3186] "AL512363.1"  "AL512422.1"  "FO680682.1"  "AL021368.3"  "AL021368.1" 
 [3191] "AL021368.2"  "AL445250.1"  "AL590227.1"  "AL135905.1"  "AL354719.2" 
 [3196] "AL357375.1"  "AL713998.1"  "AL646090.1"  "AL391807.1"  "AL160262.1" 
 [3201] "AL365226.2"  "AL365226.1"  "AL583856.2"  "AL136164.2"  "AL136164.1" 
 [3206] "AL365232.1"  "AC019205.1"  "AL603910.1"  "AL121972.1"  "AL590428.1" 
 [3211] "AL357507.1"  "AL356277.3"  "AL356277.2"  "AL080250.1"  "AL445465.1" 
 [3216] "AL445465.2"  "AL591030.1"  "AL590426.2"  "AL121718.1"  "AL450327.1" 
 [3221] "AL078601.2"  "AL451064.1"  "AL132875.2"  "AL359715.3"  "AL359715.1" 
 [3226] "AL359715.2"  "AL359693.1"  "AL360157.1"  "AL355613.1"  "AL136972.1" 
 [3231] "AL034347.1"  "AL161621.1"  "AL589666.1"  "AL139274.2"  "AL049697.1" 
 [3236] "AL139042.1"  "AL353135.1"  "AL159174.1"  "AL096678.1"  "AL121787.1" 
 [3241] "AL132996.1"  "AL080284.1"  "AL133457.1"  "AL138731.1"  "AL391336.1" 
 [3246] "AL157378.1"  "AL033379.1"  "AL589740.1"  "AL080316.1"  "AL590727.1" 
 [3251] "AL589826.2"  "AL513550.1"  "AL137784.2"  "Z86062.2"    "AL133338.1" 
 [3256] "AL133406.3"  "AL133406.2"  "Z97206.2"    "AL591518.1"  "AL356859.1" 
 [3261] "AL109920.1"  "AL121957.1"  "AL024507.2"  "Z98200.1"    "Z98742.1"   
 [3266] "AL390208.1"  "AL359711.2"  "AL109947.1"  "AL512303.1"  "AC002464.1" 
 [3271] "AL360227.1"  "AL080317.1"  "AL080317.2"  "AL080317.3"  "Z97989.1"   
 [3276] "Z99289.1"    "Z99289.2"    "Z99289.3"    "AL365214.2"  "AL365214.3" 
 [3281] "AL357514.1"  "AL589684.1"  "AL513123.1"  "FO393415.3"  "FO393415.1" 
 [3286] "AL138830.2"  "AL138830.1"  "AL050331.2"  "Z84488.2"    "Z84488.1"   
 [3291] "AL445224.1"  "AL132671.2"  "AL132671.1"  "AL365275.1"  "AL450332.1" 
 [3296] "AL365259.1"  "AC020559.1"  "AL096711.2"  "AL590006.1"  "AL034349.1" 
 [3301] "AL356124.2"  "AL356124.1"  "AL355581.1"  "AL583803.1"  "AL117378.1" 
 [3306] "AL133346.1"  "AL021408.1"  "AL032821.1"  "AL024497.1"  "AL024497.2" 
 [3311] "AL450270.1"  "AL078590.2"  "AL078590.3"  "AL078590.1"  "AL596188.1" 
 [3316] "AL121970.1"  "AL445190.1"  "AL353596.1"  "AL023693.1"  "AL049552.1" 
 [3321] "AL035604.1"  "AL133319.1"  "AL138828.1"  "AL023284.4"  "AL024508.2" 
 [3326] "AL024508.1"  "AL135902.1"  "AL135902.2"  "AL356234.2"  "AL356234.3" 
 [3331] "AL357060.1"  "AL591468.1"  "AL590617.2"  "AL031772.1"  "AL158850.1" 
 [3336] "AL050338.1"  "AL138737.1"  "AL035446.1"  "AL355596.1"  "AL360007.1" 
 [3341] "AL359313.1"  "AL023584.1"  "AL023584.2"  "AL355304.1"  "AL023581.2" 
 [3346] "AL023581.1"  "AL049844.1"  "AL049844.3"  "AL024474.2"  "AL023806.1" 
 [3351] "AL023806.2"  "AL356599.1"  "AL359547.1"  "AL138916.1"  "AL138916.2" 
 [3356] "AL033504.1"  "AL365271.1"  "AL445123.1"  "AL359382.1"  "AL513164.1" 
 [3361] "AL357992.1"  "AL031056.1"  "AL031056.2"  "AL078581.2"  "AL078581.3" 
 [3366] "AL078581.1"  "AL358852.1"  "AL355312.2"  "AL355312.4"  "AL355312.3" 
 [3371] "AL355497.2"  "AL450344.2"  "AL133260.2"  "AL138733.1"  "AL138733.2" 
 [3376] "AL356311.1"  "AL049548.1"  "AL160162.1"  "AL080276.2"  "AL590867.1" 
 [3381] "AL590867.3"  "AL596202.1"  "AL031773.1"  "AL512658.1"  "AL355297.3" 
 [3386] "AL355297.4"  "AL355297.2"  "AL049820.1"  "AL390955.2"  "AL391863.2" 
 [3391] "AL391863.1"  "AL035634.1"  "AL360169.1"  "AL627422.2"  "AL035530.2" 
 [3396] "AL356417.3"  "AL356417.1"  "AL356417.2"  "AL357832.1"  "AL078604.2" 
 [3401] "SOD2.1"      "AL035691.1"  "AL162582.1"  "AL109933.1"  "AL391361.2" 
 [3406] "AL391361.3"  "AL139393.1"  "AL139393.2"  "AL445307.1"  "AL137005.1" 
 [3411] "Z97205.2"    "Z97205.1"    "AL358972.1"  "AL450345.1"  "AL590302.2" 
 [3416] "AL627443.1"  "AL121956.1"  "AL121956.4"  "AL022069.1"  "AL159163.1" 
 [3421] "Z94721.1"    "AL121935.1"  "AL121935.2"  "AL353747.4"  "AL353747.3" 
 [3426] "AL353747.2"  "AL009178.2"  "AL009178.3"  "AL611929.1"  "AL606970.4" 
 [3431] "AL606970.2"  "AL606970.3"  "AL138918.1"  "AL136099.1"  "AL109924.1" 
 [3436] "AL109924.2"  "AL109924.3"  "BX322234.1"  "BX322234.2"  "AL009176.1" 
 [3441] "AL354892.2"  "AL354892.1"  "AL049612.1"  "AL596442.1"  "AL596442.2" 
 [3446] "AL109910.1"  "AL109910.2"  "AL078605.1"  "AL731661.2"  "AL731661.1" 
 [3451] "AL731684.2"  "AL731684.1"  "AC215522.3"  "AC093627.1"  "AC093627.6" 
 [3456] "AC093627.5"  "AC093627.4"  "AC093627.7"  "AC093627.2"  "AC093627.3" 
 [3461] "AC187653.1"  "AC226118.1"  "AC147651.3"  "AC147651.1"  "AC147651.2" 
 [3466] "AC147651.4"  "AC073957.3"  "AC073957.1"  "AC073957.2"  "AC091729.1" 
 [3471] "AC091729.2"  "AC091729.3"  "AC073094.1"  "AC102953.1"  "AC102953.2" 
 [3476] "AC093734.1"  "AC074389.2"  "AC074389.3"  "AC074389.1"  "AC104129.1" 
 [3481] "AC004906.1"  "AC024028.1"  "AC073316.1"  "AC073316.2"  "AC073316.3" 
 [3486] "AC011284.1"  "AC017000.1"  "AC093620.1"  "AC092171.1"  "AC092171.4" 
 [3491] "AC092171.3"  "AC092171.5"  "AC092171.2"  "AC006483.2"  "AC004895.1" 
 [3496] "AC079742.1"  "AC073343.2"  "AC004982.1"  "AC004982.2"  "AC004948.1" 
 [3501] "AC006042.4"  "AC006042.2"  "AC006042.1"  "AC007009.1"  "AC007128.1" 
 [3506] "AC007128.2"  "AC004852.2"  "AC060834.2"  "AC004936.1"  "AC004949.1" 
 [3511] "AC004415.1"  "AC007029.1"  "AC004160.2"  "AC013470.2"  "AC005281.1" 
 [3516] "AC011287.1"  "AC011287.2"  "AC005019.2"  "AC006150.1"  "AC006458.1" 
 [3521] "AC005550.2"  "AC005550.1"  "AC006041.1"  "AC005014.3"  "AC005014.2" 
 [3526] "AC073333.1"  "AC073332.1"  "AC019117.3"  "AC019117.2"  "AC019117.1" 
 [3531] "AC006482.1"  "AC010082.1"  "AC004994.1"  "AC003986.2"  "AC003986.3" 
 [3536] "AC003986.1"  "AC007091.1"  "AC004543.1"  "AC007001.1"  "AC099342.1" 
 [3541] "AC004130.1"  "AC002480.2"  "AC002480.3"  "AC002480.4"  "AC073072.1" 
 [3546] "AC005082.1"  "AC006026.3"  "AC003087.1"  "AC004485.1"  "MPP6"       
 [3551] "AC003985.1"  "AC003985.2"  "AC091705.1"  "AC005165.1"  "AC010719.1" 
 [3556] "AC004520.1"  "AC004540.2"  "AC004540.1"  "AC004947.1"  "AC004080.3" 
 [3561] "AC004080.2"  "AC004080.1"  "AC004009.1"  "AC005091.1"  "AC005013.1" 
 [3566] "AC005162.3"  "AC005162.2"  "AC005162.1"  "AC005232.1"  "AC004593.3" 
 [3571] "AC004593.1"  "AC007255.1"  "AC007285.1"  "AC007285.2"  "AC007036.1" 
 [3576] "AC006978.2"  "AC006027.1"  "AC005154.6"  "AC005154.5"  "AC005154.4" 
 [3581] "GARS"        "AC004691.1"  "AC004691.2"  "AC005090.1"  "AC018637.1" 
 [3586] "AC018645.2"  "AC018648.1"  "AC008080.1"  "AC008080.2"  "AC008080.4" 
 [3591] "AC008080.3"  "AC009262.1"  "AC009531.1"  "AC007652.1"  "AC018647.2" 
 [3596] "AC018647.1"  "AC083864.2"  "AC083864.1"  "AC007327.2"  "AC006960.3" 
 [3601] "AC006960.2"  "AC007349.4"  "AC007349.1"  "AC007349.3"  "AC007349.2" 
 [3606] "AC006033.2"  "AC011290.1"  "AC004837.3"  "AC004837.2"  "AC072061.1" 
 [3611] "AC004988.1"  "AC010132.1"  "AC010132.4"  "AC010132.3"  "AC005537.1" 
 [3616] "AC004692.2"  "AC004951.1"  "AC013436.1"  "AC004854.2"  "AC073325.1" 
 [3621] "AC096582.3"  "AC073115.2"  "AC073115.1"  "AC023669.1"  "AC023669.2" 
 [3626] "AC004869.2"  "AC004869.1"  "AC011294.1"  "AC004870.4"  "AC004870.3" 
 [3631] "AC091770.1"  "AC091730.1"  "AC020743.1"  "AC020743.2"  "AC020743.3" 
 [3636] "AC124014.1"  "AC004920.1"  "AC004830.1"  "AC005999.1"  "AC079763.1" 
 [3641] "AC009468.2"  "AC009468.1"  "AC073521.1"  "HPVC1"       "AC011228.1" 
 [3646] "AC074351.1"  "AC099681.1"  "AC099681.3"  "AC099681.2"  "AC092647.5" 
 [3651] "AC092447.4"  "AC092447.8"  "AC092447.5"  "AC118758.3"  "AC099654.1" 
 [3656] "AC237221.1"  "AC069285.1"  "AC006455.1"  "AC006455.4"  "AC073188.3" 
 [3661] "AC073188.4"  "AC073188.2"  "AC073188.5"  "AC092634.5"  "AC092634.3" 
 [3666] "AC115220.1"  "AC091685.1"  "AC073349.1"  "AC104073.4"  "AC114501.3" 
 [3671] "AC068533.4"  "AC068533.3"  "AC008267.5"  "AC027644.4"  "AC027644.3" 
 [3676] "AC073335.2"  "AC006480.2"  "AC005482.1"  "AC092637.1"  "AC006013.1" 
 [3681] "AC093655.1"  "AC104688.1"  "AC069280.1"  "AC092100.1"  "AC006012.1" 
 [3686] "AC211476.2"  "AC099398.1"  "AC211433.2"  "AC211486.5"  "AC211486.2" 
 [3691] "AC005522.1"  "AC114737.1"  "AC098851.1"  "AC004921.1"  "AC004990.1" 
 [3696] "AC006355.2"  "AC003988.1"  "AC004862.1"  "AC005008.2"  "AC006145.1" 
 [3701] "AC079799.1"  "AC003984.1"  "AC074183.1"  "AC005009.1"  "AC005009.2" 
 [3706] "AC004023.1"  "AC005076.1"  "AC003991.2"  "AC003991.1"  "AC002127.2" 
 [3711] "AC002383.1"  "AC004969.1"  "AC002064.2"  "AC002064.1"  "AC002456.1" 
 [3716] "AC079760.2"  "AC079760.1"  "AC000058.1"  "AC007566.1"  "AC002454.1" 
 [3721] "AC002076.1"  "AC006378.1"  "AC003092.1"  "AC003092.2"  "AC002074.1" 
 [3726] "AC002429.2"  "AC005021.1"  "AC004012.1"  "AC002451.1"  "AC093799.1" 
 [3731] "AC004834.1"  "AC004922.1"  "AC005020.2"  "AC069294.1"  "AC004522.2" 
 [3736] "AC073842.2"  "AC073842.1"  "AC092849.2"  "AC092849.1"  "AC069281.1" 
 [3741] "AC254629.1"  "AC105446.1"  "AC006329.1"  "AC005096.1"  "AC005086.1" 
 [3746] "AC073517.1"  "AC093668.2"  "AC093668.3"  "AC093668.1"  "POLR2J3.1"  
 [3751] "AC105052.1"  "AC105052.3"  "AC073127.1"  "AC005064.1"  "AC007384.1" 
 [3756] "AC005070.3"  "AC004884.2"  "AC073073.2"  "AC007032.1"  "AC005050.1" 
 [3761] "AC002384.1"  "AC004492.1"  "AC004839.1"  "AC002467.1"  "AC005046.1" 
 [3766] "AC005487.1"  "AC004014.1"  "AC002386.1"  "AC073071.1"  "AC092167.1" 
 [3771] "AC004112.1"  "AC002463.1"  "AC018464.1"  "AC073626.1"  "AC092590.1" 
 [3776] "AC093714.1"  "AC093714.2"  "AC073130.2"  "AC002066.1"  "AC006159.1" 
 [3781] "AC006159.2"  "AC106873.1"  "AC002465.1"  "AC000061.1"  "AC003084.1" 
 [3786] "AC004872.1"  "AC004946.1"  "AC004888.1"  "AC004875.1"  "AC015983.2" 
 [3791] "AC004594.1"  "AC073311.1"  "AC073323.1"  "AC006333.1"  "AC006333.2" 
 [3796] "AC004690.2"  "AC006148.1"  "AC006148.2"  "AC004930.1"  "AC019155.3" 
 [3801] "AC010099.4"  "AC019155.2"  "AC073486.1"  "AC003975.1"  "AC000372.1" 
 [3806] "AC000099.1"  "AC000123.1"  "AC000124.1"  "AC073934.1"  "AC018635.2" 
 [3811] "AC090114.2"  "AC018638.7"  "AC018638.6"  "AC011005.1"  "AC011005.4" 
 [3816] "AC078846.1"  "AC084864.1"  "AC073320.1"  "AC087071.1"  "AC087071.2" 
 [3821] "AC007938.1"  "AC007938.2"  "AC007938.3"  "AC016831.6"  "AC016831.7" 
 [3826] "AC016831.1"  "AC016831.5"  "AC058791.1"  "AC008264.2"  "AC009518.1" 
 [3831] "AC018643.1"  "AC011625.1"  "AC009365.1"  "AC009365.2"  "AC009365.3" 
 [3836] "AC008154.2"  "AC008154.1"  "AC009275.1"  "AC009276.1"  "AC083862.2" 
 [3841] "AC009542.1"  "AC091736.1"  "AC015987.1"  "AC024084.1"  "AC078845.1" 
 [3846] "AC009264.1"  "AC078842.2"  "AC078842.1"  "AC022173.1"  "AC083867.1" 
 [3851] "AC083880.1"  "AC005692.1"  "AC005692.2"  "AC073878.2"  "AC073878.1" 
 [3856] "AC004918.1"  "AC245088.2"  "AC245427.1"  "AC073342.2"  "AC073342.1" 
 [3861] "AC093673.2"  "AC093673.1"  "AC004889.1"  "AC074386.1"  "AC006007.1" 
 [3866] "AC006004.1"  "AC006974.1"  "AC006974.2"  "AC005229.4"  "AC004941.1" 
 [3871] "AC073314.1"  "AC004877.1"  "AC093458.1"  "AC092681.3"  "AC092681.2" 
 [3876] "AC092666.1"  "AC005586.1"  "AC073111.3"  "AC073111.1"  "AC073111.5" 
 [3881] "AC010973.1"  "AC010973.2"  "AC021097.2"  "ABCF2.1"     "AC021097.1" 
 [3886] "AC005486.1"  "AC005996.1"  "AC074257.1"  "AC006017.1"  "AC006019.3" 
 [3891] "AC006019.1"  "AC006019.2"  "AC073336.1"  "AC093726.1"  "AC093726.2" 
 [3896] "AC099552.1"  "AC099552.3"  "AC099552.2"  "AC144652.1"  "AC008060.1" 
 [3901] "AC008060.3"  "AC008060.2"  "AC009403.1"  "AC021218.1"  "AC073133.1" 
 [3906] "AC073133.2"  "AC005534.1"  "AC006357.1"  "AC006967.2"  "AC006967.3" 
 [3911] "AC004975.2"  "AC006372.3"  "AC006372.1"  "AC006372.2"  "AC005481.1" 
 [3916] "AC011899.2"  "AC011899.3"  "AC011899.1"  "AC078942.1"  "AL732314.6" 
 [3921] "AL732314.4"  "AL672277.1"  "AL683807.1"  "AL683807.2"  "BX890604.1" 
 [3926] "AC074035.1"  "AC110995.1"  "AC097347.1"  "AC078960.1"  "AC003685.1" 
 [3931] "AC003684.1"  "AC003666.1"  "AC073529.1"  "AC004554.2"  "AC079171.1" 
 [3936] "AC004674.1"  "AC135371.1"  "AC003035.2"  "AC003035.1"  "AC097625.1" 
 [3941] "AC078993.1"  "AL928596.1"  "AL807740.1"  "BX088723.1"  "AC092832.2" 
 [3946] "AC004470.1"  "AC131011.1"  "AC121342.1"  "AC112493.1"  "AC107419.1" 
 [3951] "AC112495.1"  "CXorf21"     "AL591501.1"  "AL592043.1"  "AL606516.1" 
 [3956] "AF241726.2"  "AL121578.3"  "AL606748.1"  "AF241728.1"  "AC108879.1" 
 [3961] "AC091808.1"  "AL592164.1"  "AC092198.1"  "AC091806.1"  "AL109797.1" 
 [3966] "AL133329.1"  "Z93403.1"    "AC136489.1"  "AC234772.3"  "AC234772.2" 
 [3971] "AL031584.2"  "AL591503.1"  "AL606490.3"  "AF196972.1"  "AC115618.1" 
 [3976] "AC115618.2"  "AC231533.1"  "AC232271.1"  "AC233976.1"  "AL158055.1" 
 [3981] "AC239585.1"  "AC239585.2"  "AC245177.1"  "AL591212.1"  "AC233728.1" 
 [3986] "AL445472.1"  "AL354793.1"  "AL139397.1"  "AL022157.1"  "AL034397.2" 
 [3991] "AL034397.3"  "AL157700.1"  "AL158069.1"  "AL139398.1"  "AL590764.2" 
 [3996] "AL590764.1"  "BX276092.9"  "AL662864.1"  "AL353804.1"  "AL451105.2" 
 [4001] "AC233296.1"  "AL391294.1"  "AC003001.1"  "Z83818.2"    "AL121872.1" 
 [4006] "AL121823.1"  "AL157778.1"  "AC235565.2"  "AL035427.1"  "Z68871.1"   
 [4011] "Z95624.1"    "AL606763.1"  "Z69733.1"    "TMSB15B.1"   "AL034399.2" 
 [4016] "AL035425.2"  "AL035425.1"  "BX119904.2"  "AL772284.2"  "AC004835.1" 
 [4021] "AC004973.1"  "AC008162.2"  "AL359851.1"  "AL121601.1"  "AL445072.1" 
 [4026] "AL591643.1"  "AL442647.1"  "AL034405.1"  "AL672032.1"  "AC234771.1" 
 [4031] "AL590282.2"  "AL683813.1"  "AL035443.1"  "Z96074.1"    "AL031386.1" 
 [4036] "AL589987.2"  "FO393408.1"  "AL844175.1"  "AL078639.1"  "AL451048.1" 
 [4041] "AC234778.2"  "AC239727.1"  "AL500522.1"  "AL713923.1"  "AL589669.1" 
 [4046] "L29074.1"    "AC002368.1"  "AC244197.3"  "AC244197.2"  "AF274573.1" 
 [4051] "KC877982.1"  "BX546450.2"  "BX546450.1"  "AC116666.1"  "AC244102.1" 
 [4056] "AC236972.3"  "U52111.1"    "U52112.2"    "AC245140.1"  "AC245140.3" 
 [4061] "AC245140.2"  "TAZ"         "AC244090.1"  "AC234781.1"  "BX571846.1" 
 [4066] "AC144568.2"  "AC004908.1"  "AC004908.3"  "AC136777.1"  "AC083964.1" 
 [4071] "AC100797.4"  "AC026950.2"  "AC129915.3"  "AC110288.1"  "AF067845.2" 
 [4076] "AF067845.1"  "AF067845.5"  "AF067845.4"  "AC100810.3"  "AC100810.1" 
 [4081] "AC019257.8"  "AC019257.1"  "AC019257.2"  "AC245164.1"  "AC245519.1" 
 [4086] "AC245519.2"  "AC245187.2"  "AC245187.1"  "AC245123.1"  "AC246817.2" 
 [4091] "AC246817.1"  "AC004944.1"  "AC084768.1"  "AC079054.1"  "AC009435.1" 
 [4096] "AC016065.1"  "AF287957.1"  "AF233439.1"  "AF233439.2"  "AC068020.1" 
 [4101] "AC103957.1"  "AC103957.2"  "AC114550.2"  "AC114550.3"  "AC114550.1" 
 [4106] "AC087269.1"  "AC022784.7"  "AC022784.3"  "AC022784.8"  "AC022784.2" 
 [4111] "AC022784.1"  "AC022784.6"  "AC022784.4"  "AC021736.1"  "AC021242.2" 
 [4116] "AC021242.3"  "AC034111.1"  "AC104964.1"  "AC104964.2"  "AC104964.4" 
 [4121] "AC105001.1"  "PINX1.1"     "AC011008.1"  "AF131215.3"  "AF131215.7" 
 [4126] "AF131216.4"  "AF131216.1"  "AF131216.3"  "AF131216.5"  "AC022239.1" 
 [4131] "AC069185.1"  "AC145124.1"  "AC087203.3"  "AC130352.1"  "AC123777.1" 
 [4136] "AC019270.1"  "AC022690.2"  "AC022039.1"  "AC018437.2"  "AC011586.1" 
 [4141] "AC068992.1"  "AC079193.2"  "AC124069.1"  "AC027117.2"  "AC087273.1" 
 [4146] "AC087273.2"  "AC124242.1"  "AC100800.1"  "AC009884.1"  "AC100849.1" 
 [4151] "AC100849.2"  "AC068880.3"  "AC068880.2"  "AC090541.1"  "AC100802.1" 
 [4156] "AC023403.1"  "AC018541.1"  "AC015468.4"  "AC015468.3"  "AC015468.1" 
 [4161] "AC015468.2"  "AC103719.1"  "AC021355.1"  "AC105206.2"  "AC037459.2" 
 [4166] "AC037459.4"  "AC037459.1"  "AC037459.3"  "AC037441.1"  "AC107959.1" 
 [4171] "AC107959.2"  "AC107959.3"  "AC107959.4"  "AC107959.5"  "AC100861.2" 
 [4176] "AC104561.1"  "AC104561.3"  "AC012574.1"  "AC012574.2"  "AC023202.1" 
 [4181] "AC120193.1"  "AC024958.1"  "AF106564.1"  "AC107373.2"  "AC107373.1" 
 [4186] "AC091185.1"  "AC009623.1"  "AC009623.2"  "AC090103.1"  "AC090150.2" 
 [4191] "AC090150.1"  "AC013643.2"  "AC069113.2"  "AC021678.2"  "AC025871.1" 
 [4196] "AC108449.3"  "AC108449.1"  "AC084026.2"  "AC084026.1"  "AC131254.1" 
 [4201] "AC131254.3"  "AC131254.2"  "AC044849.1"  "AC026979.2"  "AC026979.1" 
 [4206] "AC026979.3"  "AC102945.1"  "AC009563.1"  "AC068672.2"  "AC068672.1" 
 [4211] "AC090204.1"  "AC067838.1"  "AF279873.3"  "AF279873.4"  "AC087855.2" 
 [4216] "AC090993.1"  "AC087855.1"  "AC100818.1"  "AC124290.1"  "AC090809.1" 
 [4221] "AC092818.1"  "AC091182.2"  "AC124067.1"  "AC124067.3"  "AC124067.4" 
 [4226] "AC137579.2"  "AC137579.1"  "AC138356.3"  "AC138356.1"  "AP006545.2" 
 [4231] "AC084024.1"  "AC084024.3"  "AC087362.2"  "AC087362.1"  "AC087623.3" 
 [4236] "AC087623.1"  "AC087623.4"  "AC087623.2"  "AC069120.1"  "AC016813.1" 
 [4241] "AC067817.2"  "AC108863.1"  "AC007991.3"  "AC007991.4"  "AC087518.1" 
 [4246] "AC022733.1"  "AC022733.2"  "AC105999.2"  "AC105999.1"  "AC010857.1" 
 [4251] "AC048387.1"  "AC016868.1"  "AC009630.1"  "AC009630.2"  "AC009630.3" 
 [4256] "AC113133.1"  "AC027702.1"  "AC103724.4"  "AC103724.3"  "AC083973.1" 
 [4261] "AC090739.1"  "AC103843.1"  "AC110275.1"  "AC091163.1"  "AC091163.2" 
 [4266] "AC120036.4"  "AC026904.2"  "AC026904.3"  "AC022915.2"  "AC026904.1" 
 [4271] "AC026904.4"  "AC022915.1"  "AC022915.3"  "AC022568.1"  "AC090155.2" 
 [4276] "AC090155.1"  "AC113145.1"  "AC023762.1"  "AC012413.1"  "AC090186.1" 
 [4281] "AC064807.1"  "AC064807.4"  "AC064807.2"  "AC064807.3"  "AC021915.2" 
 [4286] "AC021915.1"  "AC103831.1"  "AC009646.2"  "AC131902.2"  "AC131902.1" 
 [4291] "AC022034.4"  "AC022034.2"  "AC113194.1"  "AC100821.2"  "AC022679.2" 
 [4296] "AC022679.1"  "AC090200.1"  "AC107952.2"  "AC012349.1"  "AC013644.1" 
 [4301] "AC009597.1"  "AC025674.2"  "AC068075.1"  "AC090796.1"  "AC104051.1" 
 [4306] "AC104051.2"  "AC012103.1"  "AC104350.1"  "AC027698.1"  "AC090152.1" 
 [4311] "AC087664.1"  "AC087664.2"  "AC021393.1"  "AC068389.4"  "AC068389.1" 
 [4316] "AC068389.2"  "AC068389.3"  "AC113143.1"  "AC022182.1"  "AC022182.2" 
 [4321] "AC023866.2"  "AC023866.1"  "AC091173.1"  "AC025524.2"  "AC025524.1" 
 [4326] "AC018861.2"  "AC120042.3"  "AC120042.1"  "AC120042.2"  "AC011978.2" 
 [4331] "AC011124.1"  "AC011124.2"  "AC018953.1"  "AC022639.1"  "AC069133.1" 
 [4336] "AC090136.3"  "AC104232.1"  "AC100814.1"  "AC055822.1"  "AC100812.1" 
 [4341] "AC084082.1"  "AC021321.1"  "AC022874.1"  "AC011853.2"  "AC083967.1" 
 [4346] "AC021785.1"  "AC091047.1"  "AC079089.1"  "AC022730.3"  "AC022730.4" 
 [4351] "AC022858.1"  "AC009446.1"  "AC104012.1"  "AC078906.1"  "AC011131.1" 
 [4356] "AC090735.1"  "AC022893.2"  "AC022893.3"  "AC022893.1"  "AC111149.2" 
 [4361] "AC111149.1"  "AC027018.1"  "AC022826.2"  "AC087672.2"  "AC087672.1" 
 [4366] "AC087627.1"  "AC103952.1"  "AC115837.2"  "AC011632.1"  "AC011632.2" 
 [4371] "AC100782.1"  "AC022274.1"  "AC067773.1"  "AC023200.1"  "AC062004.1" 
 [4376] "AC084706.1"  "AC083837.1"  "AC138646.1"  "AC036214.1"  "AC036214.3" 
 [4381] "AC009686.2"  "AC009686.1"  "AC034114.2"  "AC009812.1"  "AC009812.3" 
 [4386] "AC009812.4"  "AC022778.1"  "AC079209.2"  "AC079209.1"  "AC009902.3" 
 [4391] "AC009902.2"  "AC018616.1"  "AC023644.1"  "AC132219.1"  "AC027701.1" 
 [4396] "AC060765.1"  "AC105031.2"  "AC105031.3"  "AC015522.1"  "AC011773.4" 
 [4401] "AC011773.1"  "AC011773.3"  "AC011773.2"  "AC093331.2"  "AC100801.1" 
 [4406] "AC023194.3"  "AC084128.1"  "AC090572.3"  "AC090572.2"  "AF121898.1" 
 [4411] "AC037450.1"  "AC090568.2"  "AC090578.1"  "AF117829.1"  "AB015752.1" 
 [4416] "AC106038.1"  "AC103770.1"  "AC087439.1"  "AC103409.1"  "AF181450.1" 
 [4421] "AC022695.2"  "AC022695.3"  "AC091096.1"  "AC091096.2"  "AC104211.2" 
 [4426] "AC104211.4"  "AC104211.3"  "AC117834.1"  "AC016885.1"  "AC016885.2" 
 [4431] "AC120053.1"  "AC010834.3"  "AC010834.1"  "AC010834.2"  "AC084346.1" 
 [4436] "AC084346.2"  "AP003351.1"  "AC023632.5"  "AC023632.2"  "AC108860.2" 
 [4441] "AP003692.1"  "AC087752.4"  "AC068189.1"  "AC083836.1"  "AC012339.1" 
 [4446] "AP003465.2"  "AP003465.1"  "AP003548.1"  "AP003117.2"  "AP003115.1" 
 [4451] "AP003352.1"  "AP003438.1"  "AP003355.2"  "AP003467.1"  "AC016877.3" 
 [4456] "AC016877.1"  "AC104986.2"  "AC107909.2"  "AC018442.2"  "AP001574.1" 
 [4461] "AP003472.1"  "AP003472.2"  "AP000424.1"  "AP000424.2"  "AP001205.1" 
 [4466] "AC018781.1"  "AP003469.2"  "AP003469.3"  "AP003469.4"  "AP001330.5" 
 [4471] "AP001330.2"  "AP001330.1"  "AP001208.1"  "AP001208.2"  "AP001207.3" 
 [4476] "AP000426.1"  "AP002907.1"  "AP002852.1"  "AP003696.1"  "AP003354.1" 
 [4481] "AP003354.2"  "AP003550.1"  "AC025370.1"  "AC012213.3"  "AC012213.2" 
 [4486] "AC012213.4"  "AC012213.1"  "AC012564.1"  "AC021546.1"  "AC103853.1" 
 [4491] "AC090802.1"  "AC027031.1"  "AC027031.2"  "AC090579.1"  "AC087620.1" 
 [4496] "AC022634.2"  "AC104248.1"  "AC021237.1"  "AC079061.1"  "AC027451.1" 
 [4501] "AC073023.1"  "AC025366.1"  "AP005357.1"  "AC009930.1"  "AC103993.1" 
 [4506] "AC064802.1"  "AF178030.1"  "AC105177.1"  "AC023590.1"  "AC107953.2" 
 [4511] "AC021733.1"  "AP005717.1"  "AC091563.1"  "AC104958.1"  "AC104958.2" 
 [4516] "AC068413.1"  "AC104233.2"  "AC104233.1"  "AC104036.1"  "AC037486.1" 
 [4521] "AC108136.1"  "AC100872.1"  "AC016405.3"  "AC016405.2"  "AC104316.2" 
 [4526] "AC104316.1"  "AC068228.1"  "AC090193.2"  "AC090193.1"  "AC090753.1" 
 [4531] "AC100871.2"  "AC090921.1"  "AC090192.2"  "AC090198.1"  "AC090922.1" 
 [4536] "AC100858.3"  "AC100858.2"  "AC009908.1"  "AC084083.1"  "AC091114.1" 
 [4541] "AC016074.1"  "AC024681.2"  "AC087667.1"  "AC084116.2"  "AC084116.1" 
 [4546] "AC084116.3"  "AC024382.1"  "AC011257.1"  "AC103718.1"  "AC022973.4" 
 [4551] "AC022973.3"  "AC022973.2"  "AC090987.1"  "AC103726.2"  "AC087341.1" 
 [4556] "AC104257.1"  "AC100868.1"  "AF230666.1"  "AC103706.1"  "AC133634.1" 
 [4561] "AC090821.1"  "AC110741.1"  "AC105180.1"  "AC087045.2"  "AC083843.3" 
 [4566] "AC083843.2"  "AC083843.1"  "AC103764.1"  "AC040914.1"  "AC079098.1" 
 [4571] "AC013546.1"  "AC046195.1"  "AC046195.2"  "AC079015.1"  "AC027541.1" 
 [4576] "AC100807.1"  "AC087354.1"  "AC021744.1"  "AC107375.1"  "AC100860.1" 
 [4581] "AC040970.1"  "AC011676.1"  "AC011676.2"  "AC011676.3"  "AC011676.4" 
 [4586] "AC100803.1"  "AC100803.3"  "AC138647.1"  "AC104417.2"  "AC134682.1" 
 [4591] "AP006547.1"  "AC108002.3"  "AC108002.1"  "AC108002.2"  "AC083841.1" 
 [4596] "AC083841.2"  "AC083841.3"  "AC138696.1"  "AC138696.2"  "AC105118.1" 
 [4601] "AC067930.4"  "AC067930.1"  "AC067930.5"  "AC067930.2"  "AC067930.3" 
 [4606] "AC105219.3"  "AC105219.2"  "AC105219.4"  "AC109322.1"  "AC233992.1" 
 [4611] "AC233992.2"  "AC233992.3"  "AC084125.1"  "AC084125.4"  "AC084125.3" 
 [4616] "AF186192.1"  "AF186192.3"  "AF235103.1"  "AL928970.1"  "AL449043.1" 
 [4621] "AL158832.1"  "AL161725.1"  "AL136979.1"  "AL359076.1"  "AL353614.1" 
 [4626] "AL354977.2"  "AL354977.1"  "AL137071.1"  "AL162419.1"  "AL158147.1" 
 [4631] "AL135786.2"  "AL162253.1"  "AL136980.1"  "AL162384.1"  "AL133480.1" 
 [4636] "AL162411.1"  "AL354707.2"  "AL354707.1"  "AL354694.1"  "AL135923.1" 
 [4641] "AL135923.2"  "AL596451.1"  "AL513422.1"  "AL135790.1"  "AL162413.1" 
 [4646] "AL451129.1"  "AL589678.1"  "AL583785.1"  "AL360089.1"  "AL136366.1" 
 [4651] "AL159169.3"  "AL159169.2"  "AL512643.1"  "AL449983.1"  "AL450003.1" 
 [4656] "AL358117.1"  "AL162725.2"  "AL442638.1"  "AL161909.2"  "AL391834.1" 
 [4661] "AL391834.2"  "AL591222.1"  "AL353732.1"  "AL359922.1"  "AL359922.2" 
 [4666] "AL157937.1"  "AL391117.1"  "AC017067.1"  "AL445623.2"  "AL445623.1" 
 [4671] "AL365204.1"  "AL365204.2"  "AL353811.1"  "AL353753.1"  "AL451137.1" 
 [4676] "AL356133.2"  "AL355432.1"  "AL163192.1"  "AL360014.1"  "AL589642.1" 
 [4681] "AL589642.2"  "AL157884.2"  "AL356218.1"  "AL139008.2"  "AL356489.3" 
 [4686] "AL356489.2"  "AL356489.1"  "AL354989.1"  "AL160270.1"  "AL162231.3" 
 [4691] "AL162231.1"  "AL162231.2"  "AL353795.2"  "AL357874.2"  "AL357874.1" 
 [4696] "AL133410.2"  "AL133410.1"  "AL450267.1"  "AL161781.2"  "AL512604.3" 
 [4701] "AL512604.2"  "AL513165.1"  "AL513165.2"  "AL138752.2"  "AL135785.1" 
 [4706] "AL591543.1"  "AL845311.1"  "BX005214.1"  "BX005214.2"  "AL773545.1" 
 [4711] "FP325318.1"  "AL353626.1"  "BX255923.1"  "BX255923.2"  "AL845472.1" 
 [4716] "AL354718.2"  "AL591926.2"  "AL445584.2"  "BX088651.4"  "BX088651.2" 
 [4721] "BX664718.1"  "AL591441.2"  "AL591441.1"  "AL590491.2"  "BX005040.3" 
 [4726] "BX005040.1"  "BX088645.1"  "AL935212.2"  "AL935212.1"  "AL391987.4" 
 [4731] "AL391987.2"  "AL391987.3"  "CR769775.2"  "AL590399.3"  "AL590399.1" 
 [4736] "AL590399.5"  "BX005266.2"  "AL512625.2"  "AL512625.3"  "AL512625.1" 
 [4741] "AL772155.1"  "CR786580.1"  "AL136317.2"  "AL513478.2"  "AL353770.4" 
 [4746] "AL353770.3"  "BX664730.1"  "AL353608.2"  "AL353608.3"  "AL353608.1" 
 [4751] "AL161457.2"  "AL353616.2"  "AL354794.1"  "AL358113.1"  "AL353693.1" 
 [4756] "AL162412.1"  "AL159990.2"  "AL159990.1"  "AL135924.2"  "AL451127.1" 
 [4761] "AL355674.1"  "AL353780.1"  "AL512634.1"  "AL358975.1"  "AL161912.1" 
 [4766] "AL161912.2"  "AL161782.1"  "AL138749.1"  "AL591368.1"  "AL158154.1" 
 [4771] "AL158154.2"  "AL162726.1"  "AL162726.4"  "AL137847.1"  "AL137847.2" 
 [4776] "AL354920.1"  "AL354733.1"  "AL354733.2"  "AL354733.3"  "AL390838.1" 
 [4781] "AL356134.1"  "AL157882.1"  "AL353743.2"  "AL158828.1"  "AL353613.1" 
 [4786] "AL513318.2"  "AL772337.2"  "AL772337.1"  "AL353572.3"  "AL592486.1" 
 [4791] "AL772202.1"  "AL606807.1"  "BX470209.1"  "BX470209.2"  "AL161629.1" 
 [4796] "AL355607.1"  "AL355607.2"  "AL158071.3"  "AL158071.1"  "AL158071.4" 
 [4801] "AL158071.5"  "AL353764.1"  "AL136097.2"  "AL451065.1"  "AL390760.1" 
 [4806] "AL583839.2"  "AL583839.1"  "AL442224.1"  "AL158152.2"  "AL158152.1" 
 [4811] "AL691447.2"  "AL353768.1"  "AL354893.2"  "AL161729.3"  "AL161729.2" 
 [4816] "AL161729.1"  "AL161729.4"  "AL392185.1"  "AL354861.2"  "AL354861.3" 
 [4821] "AL449403.1"  "AL449403.2"  "AL160269.1"  "AL589843.1"  "AL590705.3" 
 [4826] "AL590705.1"  "AL590705.2"  "AL162385.1"  "AL162385.2"  "AL445531.1" 
 [4831] "AL354726.1"  "AL136084.2"  "AL136084.3"  "AL162427.1"  "AL137067.1" 
 [4836] "AL162394.1"  "AL359710.1"  "AL358937.1"  "AL390962.1"  "AL590381.1" 
 [4841] "AL450426.1"  "AL359182.1"  "AL359182.2"  "AL158070.1"  "AL732323.1" 
 [4846] "AL451140.1"  "AL512649.2"  "LINC01505.1" "AL807761.4"  "AL807761.3" 
 [4851] "AL353742.1"  "AL358779.1"  "AL158829.1"  "AL592463.1"  "AL162414.1" 
 [4856] "AL135787.1"  "AL390067.1"  "AL139041.1"  "AL162727.2"  "AL162727.1" 
 [4861] "AL157702.2"  "AL138895.1"  "AL162425.1"  "DEC1"        "AL355601.1" 
 [4866] "AL691420.1"  "AL691426.1"  "AL137024.1"  "AL133284.1"  "AL445644.1" 
 [4871] "AL161630.1"  "AL160272.2"  "AL160272.1"  "AL354754.1"  "AL355592.1" 
 [4876] "AC006288.1"  "AL441989.1"  "AL513122.2"  "AL359644.1"  "AL357936.1" 
 [4881] "AL359636.3"  "AL359636.1"  "AL359636.2"  "AL162254.1"  "AL445489.1" 
 [4886] "AL390774.2"  "AC006450.3"  "AC006450.2"  "AL162724.2"  "AL354979.1" 
 [4891] "AL354928.1"  "AL354710.2"  "AL162584.1"  "AL589923.1"  "AL162391.1" 
 [4896] "AL356309.2"  "AL356309.1"  "AL161908.1"  "AL450263.1"  "AL162426.1" 
 [4901] "AL162586.1"  "AL157935.2"  "AL157935.1"  "AL360268.2"  "AL360268.1" 
 [4906] "AL590708.1"  "AL359091.4"  "AL359091.3"  "AL359091.1"  "AL356481.1" 
 [4911] "AL356481.3"  "AL441992.1"  "AL672142.1"  "AL592211.1"  "AL158151.2" 
 [4916] "AL158151.4"  "AL158151.3"  "AL158151.1"  "AL161785.2"  "AL161785.3" 
 [4921] "AL161785.1"  "AL353803.5"  "AL353803.2"  "AL353803.1"  "AL353803.4" 
 [4926] "AL391056.1"  "AL590369.1"  "AL158207.2"  "AL136141.1"  "AL360004.1" 
 [4931] "AL161733.1"  "AL157938.2"  "AL157938.3"  "AL358781.1"  "AL358781.2" 
 [4936] "AL160271.1"  "AL162417.1"  "AC002101.1"  "AL445931.1"  "BX649632.1" 
 [4941] "BX649601.1"  "AL669970.1"  "AL669970.3"  "AL669970.2"  "AL353611.1" 
 [4946] "AL390778.1"  "AL390778.2"  "AL353615.1"  "AL161452.1"  "AL354761.1" 
 [4951] "AL355574.1"  "AL138781.1"  "AL138781.2"  "CR392000.2"  "AC174065.1" 
 [4956] "AL592301.1"  "AL590226.2"  "AL590226.1"  "AL355987.1"  "AL355987.3" 
 [4961] "PRR31"       "AL807752.7"  "AL807752.6"  "AL807752.4"  "AL807752.2" 
 [4966] "AL807752.3"  "AL929554.1"  "BX255925.3"  "AL772363.1"  "AL954642.1" 
 [4971] "AC069287.1"  "AC069287.3"  "AC069287.2"  "AC136475.3"  "AC136475.2" 
 [4976] "AC136475.1"  "AC136475.4"  "AC136475.8"  "AC136475.7"  "AC136475.5" 
 [4981] "AC136475.9"  "AC138230.1"  "AC137894.1"  "AP006284.1"  "AC131934.1" 
 [4986] "AP006621.4"  "AP006621.3"  "AP006621.2"  "AP006621.1"  "AP006623.1" 
 [4991] "AC139749.1"  "AC061979.1"  "AP006285.2"  "AP006285.1"  "AC068580.4" 
 [4996] "AC068580.3"  "AC068580.2"  "IGF2.1"      "AC124057.1"  "AC131971.1" 
 [5001] "AC108448.1"  "AC109309.1"  "AC123788.1"  "AC127526.1"  "AC090587.1" 
 [5006] "AC015689.1"  "AC113331.1"  "AC104389.1"  "AC104389.5"  "AC104389.4" 
 [5011] "AC022762.2"  "AC068733.3"  "AC068733.1"  "AC084337.2"  "AC091564.2" 
 [5016] "AC091564.6"  "AC091564.4"  "AC091564.5"  "AC087280.2"  "AC027804.1" 
 [5021] "AC107884.1"  "AC107884.2"  "AC044810.3"  "AC104237.1"  "AC116456.1" 
 [5026] "AC091013.1"  "AC091053.2"  "AC091053.1"  "AC026894.1"  "AC079296.1" 
 [5031] "AC132192.1"  "AC132192.2"  "AC026250.1"  "AC011092.2"  "AC100763.1" 
 [5036] "AC080023.1"  "AC116535.1"  "AC069360.1"  "AC111188.1"  "KC877392.1" 
 [5041] "AC023946.1"  "AC104031.1"  "AC124276.1"  "AC124276.2"  "AC079329.1" 
 [5046] "AC009806.1"  "AC013549.2"  "AC013549.1"  "AC084859.1"  "AC013762.1" 
 [5051] "AC027779.1"  "AC022240.1"  "AC018523.2"  "AC073172.2"  "AC073172.1" 
 [5056] "AC087379.2"  "AC087379.1"  "AC009869.1"  "AC103794.1"  "AC124798.1" 
 [5061] "AC124301.1"  "AC124301.2"  "AC090099.4"  "AC103974.1"  "AC023078.5" 
 [5066] "AC009652.2"  "AC009652.1"  "AC009549.1"  "AC090707.1"  "AC090857.2" 
 [5071] "AC107882.1"  "AC107886.1"  "AC104009.1"  "AC040936.1"  "AC055878.1" 
 [5076] "AC006299.1"  "AC090092.1"  "AC100768.2"  "AC100768.1"  "AC015771.1" 
 [5081] "AC090592.1"  "AC013799.1"  "AC099687.1"  "AC021698.1"  "AC100771.2" 
 [5086] "AC090159.1"  "AC013714.1"  "AC100773.1"  "AC090833.1"  "AC090791.1" 
 [5091] "AC090124.1"  "AC090124.2"  "AC110058.1"  "AC107973.1"  "AC124657.1" 
 [5096] "AL353699.1"  "AL136088.1"  "AL137804.1"  "AC131571.1"  "AL035078.4" 
 [5101] "AL035078.1"  "AL035078.3"  "AL078612.1"  "AL078612.2"  "AL049629.1" 
 [5106] "AL049629.2"  "AC113192.5"  "AC113192.4"  "AC113192.1"  "AC113192.2" 
 [5111] "AC132216.1"  "AL137224.1"  "AC087783.1"  "AL356215.1"  "AL133330.2" 
 [5116] "AC090625.2"  "AL135934.1"  "AL138812.1"  "AC090692.1"  "AC087277.1" 
 [5121] "AC009656.1"  "AC103798.1"  "AC021713.1"  "AC022796.1"  "AC090138.1" 
 [5126] "AC021006.2"  "AC023442.3"  "AC023442.2"  "AC079917.1"  "AC090458.1" 
 [5131] "AC087276.2"  "AC087276.3"  "AC068205.1"  "AC087521.2"  "AC087521.4" 
 [5136] "AC087521.1"  "AC010768.4"  "AC010768.1"  "AC010768.2"  "AC104241.2" 
 [5141] "AC104241.1"  "AC068858.1"  "AC103681.2"  "AC103681.1"  "AC103736.1" 
 [5146] "AC018716.2"  "AC103855.3"  "AC018716.1"  "AC103855.1"  "AC087442.1" 
 [5151] "AC044839.4"  "AC044839.3"  "AC044839.1"  "AC044839.5"  "AC068385.1" 
 [5156] "AC024475.1"  "AC024475.4"  "AC024475.3"  "AC116021.1"  "AC090589.2" 
 [5161] "AC018410.2"  "AC018410.1"  "AC090559.1"  "KF459542.1"  "AC109635.2" 
 [5166] "AP006437.1"  "AP002512.3"  "AP001803.2"  "AP000781.1"  "AP000781.2" 
 [5171] "AP002893.1"  "AP001931.1"  "AP004247.2"  "AP003557.1"  "AP001350.1" 
 [5176] "AP001652.1"  "AP001636.3"  "AP002358.1"  "AP000442.1"  "AP000442.2" 
 [5181] "AP000640.1"  "GIF"         "AP002347.1"  "AP000790.3"  "AP000790.4" 
 [5186] "AP000790.2"  "AP001257.1"  "AP000777.1"  "AP000777.2"  "AP000777.3" 
 [5191] "AP003721.4"  "AP003721.3"  "AP003721.1"  "AP003721.2"  "AP003108.2" 
 [5196] "AP003108.1"  "AP003559.1"  "AP002754.1"  "AP002754.2"  "AP003733.3" 
 [5201] "AP003306.1"  "AP003306.2"  "AP003064.1"  "AP003064.2"  "AP001363.1" 
 [5206] "AP001363.2"  "AP002990.1"  "AP001458.1"  "AP001458.2"  "AP001160.2" 
 [5211] "AP001160.3"  "AP001160.1"  "AP000438.1"  "AP000753.1"  "AP000753.2" 
 [5216] "AP000721.1"  "AP000721.2"  "AP006333.2"  "AP006333.1"  "AP001453.1" 
 [5221] "AP001453.2"  "AP001453.4"  "AP003774.4"  "AP003774.3"  "AP003774.2" 
 [5226] "AP003774.1"  "AP005273.1"  "AP001092.1"  "AP001462.1"  "AP003068.1" 
 [5231] "AP003068.3"  "AP003068.2"  "AP000944.1"  "AP000769.3"  "AP000769.2" 
 [5236] "AP001266.2"  "AP001266.1"  "AP006287.2"  "AP000759.1"  "AP001107.4" 
 [5241] "AP001107.8"  "AP001107.7"  "AP001107.1"  "AP001107.2"  "AP001107.3" 
 [5246] "AP001107.6"  "AP001107.9"  "AP002748.3"  "AP002748.4"  "AP002748.1" 
 [5251] "AP001157.1"  "AP003419.1"  "AP003419.2"  "AP003419.3"  "AP003385.3" 
 [5256] "AP003716.1"  "AC004923.4"  "AP002807.1"  "AP002992.1"  "AP003096.1" 
 [5261] "AP000808.1"  "AP000808.2"  "AP003071.3"  "AP003071.1"  "AP003071.2" 
 [5266] "AP003071.5"  "AP005233.2"  "AP005233.1"  "AP000439.3"  "AP000439.1" 
 [5271] "AP000439.4"  "AP000439.2"  "AP007216.1"  "AP007216.2"  "AP003555.3" 
 [5276] "AP003555.2"  "AP003555.1"  "AP000879.1"  "AP002336.2"  "AP002336.3" 
 [5281] "AP000487.2"  "AP000487.1"  "AP002387.2"  "AP003498.1"  "AP002495.2" 
 [5286] "AP002490.1"  "AP000812.5"  "AP000812.4"  "AP000812.1"  "AP000593.3" 
 [5291] "AP002892.2"  "AP002892.1"  "AP003785.1"  "AP005019.1"  "AP003065.1" 
 [5296] "AP002761.2"  "AP002761.1"  "AP002761.3"  "AP000763.4"  "AP000763.3" 
 [5301] "AP002993.1"  "AP002770.1"  "AP003717.1"  "AP001372.1"  "AP001372.3" 
 [5306] "AP001972.4"  "AP001972.3"  "AP001972.1"  "AP001972.2"  "AP001922.5" 
 [5311] "AP001922.1"  "AP003031.1"  "AP003031.2"  "AP002340.1"  "AP000785.1" 
 [5316] "AP000785.2"  "AP002360.3"  "AP002360.2"  "AP002360.1"  "AP001189.5" 
 [5321] "AP001189.6"  "AP001189.3"  "AP001189.1"  "AP001189.4"  "AP003119.1" 
 [5326] "AP003119.2"  "AP002498.1"  "AP003680.1"  "AP002812.2"  "AP002812.3" 
 [5331] "AP002812.5"  "AP003032.2"  "AP003032.1"  "AP003086.2"  "AP003086.3" 
 [5336] "AP003086.1"  "AP003110.1"  "AP002768.1"  "AP002957.1"  "AP001547.1" 
 [5341] "AP001978.1"  "AP006295.1"  "AP002759.1"  "AP002802.1"  "AP000793.1" 
 [5346] "AP001646.3"  "AP001767.3"  "AP000873.3"  "AP000446.1"  "AP002370.2" 
 [5351] "AP001825.1"  "AP000857.2"  "AP003128.1"  "AP003097.2"  "AP001831.1" 
 [5356] "AP003059.1"  "AP003059.2"  "AP000654.1"  "AP001528.2"  "AP001528.1" 
 [5361] "AP000756.1"  "AP005436.3"  "AP005436.1"  "AP005436.2"  "AP003400.1" 
 [5366] "AP003122.2"  "AP003386.1"  "AP003028.1"  "AP000722.1"  "AP003718.1" 
 [5371] "AP003171.3"  "AP003171.1"  "AP003969.1"  "AP001273.2"  "AP002784.1" 
 [5376] "AP000786.1"  "AP000943.3"  "AP000943.1"  "AP000943.2"  "AP002383.2" 
 [5381] "AP000787.1"  "AP001790.1"  "AP000820.1"  "AP003781.1"  "AP003066.1" 
 [5386] "AP003730.2"  "AP003715.1"  "AP002428.1"  "AP001351.1"  "AP001527.1" 
 [5391] "AP001527.2"  "AP000942.2"  "AP001830.1"  "AP001830.2"  "AP000851.1" 
 [5396] "AP000851.2"  "AP002989.1"  "AP003043.1"  "AP003181.1"  "AP001001.1" 
 [5401] "AP001001.2"  "AP000766.1"  "AP002433.1"  "AP003027.1"  "AP003123.1" 
 [5406] "AP003049.2"  "AP002444.1"  "AP000924.1"  "AP003973.2"  "AP002008.1" 
 [5411] "AP001781.1"  "AP001781.2"  "AP002884.3"  "AP002884.2"  "AP002884.4" 
 [5416] "AP002884.1"  "AP003063.1"  "AP003063.2"  "AP003100.1"  "AP000802.1" 
 [5421] "AP000880.1"  "AP002840.1"  "AP003170.4"  "AP003170.3"  "AP002518.2" 
 [5426] "AP002518.1"  "AP002373.1"  "AP000462.3"  "AP000462.1"  "AP003174.2" 
 [5431] "AP003174.1"  "AP000997.1"  "AP000997.2"  "AP002991.1"  "AP000797.3" 
 [5436] "AP000770.1"  "AP006216.1"  "AP006216.2"  "AP006216.3"  "AP000936.1" 
 [5441] "AP000892.1"  "AP001554.1"  "AP000757.2"  "AP000757.1"  "AP001267.1" 
 [5446] "AP001267.2"  "AP001267.3"  "AP000941.1"  "AP002954.1"  "AP004609.3" 
 [5451] "AP004609.1"  "AP003392.4"  "AP003392.1"  "AP003392.3"  "AP003392.5" 
 [5456] "AP003392.6"  "AP003396.1"  "AP003396.3"  "AP003393.1"  "AP003390.2" 
 [5461] "AP003390.1"  "AP001360.1"  "AP001360.2"  "AP000679.1"  "AP001150.1" 
 [5466] "AP004147.1"  "AP000646.1"  "AP000977.1"  "AP000755.1"  "AP000755.2" 
 [5471] "AP001970.1"  "AP001782.1"  "AP002765.1"  "AP000866.5"  "AP000866.2" 
 [5476] "AP000866.1"  "AP003501.1"  "AP003501.2"  "AP001007.2"  "AP001007.1" 
 [5481] "AP000842.3"  "AP000842.2"  "AP000842.1"  "AP000821.1"  "AP001893.3" 
 [5486] "AP001893.1"  "AP001318.1"  "AP001318.2"  "AP001783.1"  "AP002833.1" 
 [5491] "AP002833.2"  "AP001993.1"  "AP003121.1"  "AP003481.1"  "AP000904.1" 
 [5496] "AP003397.1"  "AP003500.2"  "AP003500.1"  "AP002986.1"  "AP003486.1" 
 [5501] "AP002856.3"  "AP002856.1"  "AP002856.4"  "AP002856.2"  "AP003025.2" 
 [5506] "AP003025.1"  "AP000844.2"  "AP000844.1"  "AP001979.2"  "AP000911.3" 
 [5511] "AP000911.1"  "AP000911.2"  "AP001775.2"  "AP004550.1"  "AP001999.2" 
 [5516] "AP001999.3"  "AP001999.1"  "AP003062.1"  "AP005135.1"  "AC215217.1" 
 [5521] "AL669841.1"  "AL358216.1"  "AL157709.1"  "AL359878.2"  "AL441943.1" 
 [5526] "AL441943.2"  "AL441943.3"  "AC024908.1"  "AL713851.2"  "AL713851.1" 
 [5531] "AL731533.1"  "AL731533.2"  "AL451164.3"  "AL451164.2"  "AL451164.1" 
 [5536] "AL139280.1"  "AL357833.1"  "AL357833.2"  "AL450322.2"  "AL450322.1" 
 [5541] "AL513303.2"  "AL513303.1"  "AC025822.1"  "AC025822.2"  "AC022535.1" 
 [5546] "AL391427.1"  "AL355303.1"  "AL732437.1"  "AL365356.5"  "AL365356.4" 
 [5551] "AL365356.3"  "AL365356.1"  "AL596094.1"  "AL137186.2"  "AL137186.1" 
 [5556] "AL157395.1"  "AL137145.2"  "AL137145.1"  "AL158210.1"  "AL590637.1" 
 [5561] "AL392086.1"  "AL590095.1"  "AL139125.1"  "AL445070.1"  "AL390294.1" 
 [5566] "AL390835.1"  "AC025946.1"  "AC044784.2"  "AC044784.1"  "AL157401.1" 
 [5571] "AL138775.1"  "AL583859.1"  "AL583859.2"  "AL136369.2"  "AL136369.1" 
 [5576] "AL162408.1"  "AL136320.1"  "AL512631.2"  "AL512631.1"  "AL512770.1" 
 [5581] "AL355870.1"  "AL590677.1"  "AL157392.5"  "AL157392.4"  "AL157392.1" 
 [5586] "AL157392.2"  "AC044781.1"  "AL157896.1"  "AL158168.1"  "HSPA14.1"   
 [5591] "AC069544.1"  "AL607028.1"  "AL355339.1"  "AC067747.1"  "AL133415.1" 
 [5596] "AC069542.1"  "AC069023.1"  "AL450384.2"  "AL450384.1"  "AL512641.1" 
 [5601] "AL590378.1"  "AL157895.1"  "AC069549.1"  "AL158209.1"  "AL157831.2" 
 [5606] "AL158211.1"  "AL158211.4"  "AL158211.2"  "AL158211.3"  "AL513128.2" 
 [5611] "AL606469.1"  "AL512598.1"  "AL358612.1"  "AL390961.1"  "AL390961.2" 
 [5616] "AL160291.1"  "AL355493.2"  "AL390866.1"  "AC022021.1"  "AL358234.1" 
 [5621] "AL355376.1"  "AL590068.1"  "AL590068.2"  "AL451107.1"  "AL356258.1" 
 [5626] "AL161935.1"  "AL161935.3"  "AL158834.2"  "AL158834.1"  "AL391839.2" 
 [5631] "AL391839.1"  "AL365203.2"  "AL121748.1"  "AL121748.2"  "AL353600.1" 
 [5636] "AC018980.1"  "AL450313.1"  "AL117338.1"  "AL392046.2"  "AL392046.1" 
 [5641] "AL117336.1"  "AL117336.3"  "AL121749.1"  "AL365500.1"  "AL355300.1" 
 [5646] "AL590730.1"  "AL390061.1"  "AL157387.1"  "AL132657.1"  "AL132657.2" 
 [5651] "AL135791.1"  "AL117337.1"  "AL117339.5"  "AL117339.4"  "AL133216.1" 
 [5656] "AL022344.1"  "AL022344.2"  "AL365199.1"  "AC010864.1"  "AC068707.1" 
 [5661] "AL450326.1"  "AL645634.2"  "AL645634.1"  "AL355989.1"  "AL139237.2" 
 [5666] "AL139237.1"  "AL137026.2"  "AL137026.1"  "AL356157.1"  "AL353801.2" 
 [5671] "AL353801.1"  "AL358394.1"  "AL731567.1"  "AL356056.2"  "AL356056.1" 
 [5676] "AL356056.3"  "AL591684.1"  "BX547991.1"  "FO681492.1"  "AC245041.2" 
 [5681] "AC245041.1"  "AC068898.1"  "AC060234.1"  "AL138760.1"  "AL117341.1" 
 [5686] "AL731537.2"  "AL731537.1"  "AC022537.1"  "AC074327.1"  "AC073174.1" 
 [5691] "AC036101.1"  "AL353784.1"  "AL355314.1"  "AL355314.2"  "AC016396.1" 
 [5696] "AC016396.2"  "AC025038.1"  "AC026391.1"  "AL592430.1"  "AL592430.2" 
 [5701] "AC022390.1"  "AL451049.1"  "AC022398.1"  "AC024597.1"  "AL133417.1" 
 [5706] "AL590502.1"  "AC022387.1"  "AC012558.1"  "AC024600.1"  "AL513321.2" 
 [5711] "AL592466.1"  "AC022017.1"  "AL139240.1"  "AL133551.1"  "AC016395.1" 
 [5716] "AL596223.1"  "AL596223.2"  "AL450311.2"  "AL450311.1"  "AC024601.1" 
 [5721] "AC073176.3"  "AC073176.2"  "AC073176.1"  "AC073370.1"  "AC022392.1" 
 [5726] "AL513185.1"  "AL731563.2"  "AL731563.3"  "AC016394.2"  "AC016394.1" 
 [5731] "AL512656.1"  "AC073389.1"  "AC073389.3"  "AC073389.2"  "AC022400.6" 
 [5736] "AC022400.7"  "AC022400.1"  "AC022400.2"  "AC022540.1"  "AC063962.1" 
 [5741] "AC018511.2"  "AC018511.1"  "AC010997.3"  "AC010997.5"  "AC010997.4" 
 [5746] "AC010997.2"  "AC013286.1"  "AC024603.1"  "AL731575.1"  "AL450306.1" 
 [5751] "AL391421.1"  "AL731555.1"  "AC012560.1"  "AC010163.1"  "AC010163.2" 
 [5756] "AL583852.1"  "AC016820.1"  "AL356753.1"  "AL133481.1"  "AL133481.3" 
 [5761] "BX248123.1"  "AL132656.2"  "AL135925.1"  "AL359195.1"  "AC021028.1" 
 [5766] "AL731544.1"  "AC010157.1"  "AC069540.2"  "AL390786.1"  "AL603756.1" 
 [5771] "AC025428.1"  "AC025428.2"  "AC022028.2"  "AL731569.1"  "AC067750.1" 
 [5776] "AL136982.7"  "AL136982.2"  "AL138767.2"  "AL138767.3"  "AL138767.1" 
 [5781] "AL353751.1"  "AL157400.2"  "AL157400.1"  "AL157400.3"  "AL157400.4" 
 [5786] "AL391704.2"  "AL391704.1"  "AL391704.3"  "AL390862.1"  "AL365434.1" 
 [5791] "AL365434.2"  "AL359198.1"  "AL358613.1"  "AL358613.2"  "AL358154.1" 
 [5796] "AL389885.1"  "AL139124.1"  "AL583836.1"  "AL157834.1"  "AL157834.2" 
 [5801] "AL365273.2"  "AL136181.1"  "AL355490.2"  "AL355315.1"  "AL139241.1" 
 [5806] "AL391684.1"  "AL513542.1"  "AL353719.1"  "AL133353.1"  "AL138921.2" 
 [5811] "AL138921.1"  "AL139819.1"  "AL133352.1"  "AL138762.1"  "AL133215.3" 
 [5816] "AL133215.1"  "AL133215.2"  "AL133387.2"  "AL133387.1"  "AL133387.3" 
 [5821] "AC010789.1"  "AL121928.1"  "AL391121.1"  "AL358790.1"  "AL356608.1" 
 [5826] "AL139339.2"  "AL139339.1"  "AL121929.2"  "AL162742.2"  "AL162742.1" 
 [5831] "AL161646.1"  "AL161646.2"  "AL731574.1"  "AL353148.1"  "AL353740.1" 
 [5836] "AL356476.1"  "AL360182.2"  "AL355512.1"  "AL136368.1"  "AL158163.2" 
 [5841] "AL158163.1"  "AC021035.1"  "AL157786.1"  "AL139120.1"  "AL158212.2" 
 [5846] "AL592546.1"  "AC005383.1"  "AL137025.1"  "AL355340.1"  "AC016825.1" 
 [5851] "AL731557.1"  "AL391988.1"  "AC005871.2"  "AC005871.1"  "AL139121.1" 
 [5856] "AL513324.1"  "AC022395.1"  "AL157788.1"  "AL583824.1"  "AC010998.2" 
 [5861] "AC010998.1"  "AC010998.3"  "AC009988.1"  "AC025947.1"  "AL731566.2" 
 [5866] "AL731566.1"  "AL160290.2"  "AL160290.1"  "AL357127.1"  "AC009987.1" 
 [5871] "AC068896.1"  "AL513190.1"  "AL731577.1"  "AL731571.1"  "AL157888.1" 
 [5876] "AL158835.1"  "AL158835.4"  "AL359094.1"  "AL359094.2"  "AL158166.2" 
 [5881] "AL390763.2"  "AL390763.1"  "AL355537.1"  "AL355537.2"  "AL391869.1" 
 [5886] "AL157832.2"  "AL157832.1"  "AL157832.3"  "AL354950.2"  "AL354950.1" 
 [5891] "AL355500.1"  "FP565171.1"  "AL162274.2"  "AL162274.1"  "AL512622.1" 
 [5896] "AL451069.2"  "AL451069.3"  "AL451069.1"  "AL592071.1"  "AL360181.2" 
 [5901] "AL360181.1"  "AL360181.4"  "AL360181.3"  "AL161645.1"  "AC026369.3" 
 [5906] "AC026369.1"  "AC026369.2"  "AC007406.3"  "AC007406.1"  "AC007406.4" 
 [5911] "AC006205.1"  "AC021054.1"  "AC004803.1"  "AC004672.1"  "AC005342.2" 
 [5916] "AC005342.1"  "AC005344.1"  "AC005841.1"  "AC125807.2"  "AC005865.1" 
 [5921] "AC005908.2"  "AC006207.1"  "AC005842.1"  "AC007207.2"  "AC005832.4" 
 [5926] "AC005833.2"  "AC005833.1"  "AC005833.3"  "AC006063.2"  "AC006206.2" 
 [5931] "AC006206.1"  "AC007848.2"  "AC007848.1"  "AC005845.1"  "AC005840.2" 
 [5936] "AC005840.4"  "AC006064.3"  "AC006064.4"  "AC006064.1"  "AC006064.6" 
 [5941] "AC006064.2"  "AC125494.3"  "AC125494.2"  "U47924.3"    "U47924.2"   
 [5946] "U47924.1"    "EMG1.1"      "AC233309.1"  "AC018653.3"  "AC018653.1" 
 [5951] "AC006511.4"  "AC092111.3"  "AC092111.2"  "AC092111.1"  "AC092745.1" 
 [5956] "AC092746.1"  "AC092490.2"  "AC092490.1"  "AC006581.2"  "AC006581.1" 
 [5961] "AC010175.1"  "AC010186.1"  "AC091814.1"  "AC024224.2"  "AC115676.1" 
 [5966] "AC022075.3"  "AC022075.2"  "AC022075.1"  "AC068775.1"  "AC018630.2" 
 [5971] "AC006518.7"  "AC244131.2"  "AC007450.1"  "AC007619.1"  "AC008115.4" 
 [5976] "AC008115.2"  "AC008115.1"  "AC007688.2"  "AC023790.2"  "AC007527.2" 
 [5981] "AC092112.1"  "AC008114.1"  "AC010168.1"  "AC007655.1"  "AC073651.1" 
 [5986] "AC007552.2"  "AC007529.2"  "AC007529.1"  "AC087321.1"  "AC087242.1" 
 [5991] "AC024901.1"  "AC129102.1"  "AC011604.2"  "AC022335.1"  "AC010197.1" 
 [5996] "AC010185.1"  "AC008250.1"  "AC087318.1"  "AC053513.1"  "AC087241.1" 
 [6001] "AC087241.3"  "AC084816.1"  "AC084819.1"  "AC087258.1"  "AC087235.1" 
 [6006] "AC087260.1"  "AC023796.1"  "AC023796.2"  "AC026310.2"  "AC023510.1" 
 [6011] "AC023510.2"  "AC092794.1"  "AC092794.2"  "AC087239.1"  "AC019209.3" 
 [6016] "AC019209.2"  "AC019209.1"  "AC022509.3"  "AC022509.2"  "AC022509.1" 
 [6021] "AC022509.4"  "AC055720.1"  "AC024145.1"  "AC023051.1"  "AC024896.1" 
 [6026] "AC092747.4"  "AC092747.1"  "AC087257.1"  "AC009509.1"  "AC009509.4" 
 [6031] "AC009509.2"  "AC009511.2"  "AC009511.1"  "AC008011.2"  "AC022364.1" 
 [6036] "AC022079.2"  "AC022081.1"  "AC012150.1"  "AC012150.2"  "AC009318.4" 
 [6041] "AC009318.1"  "AC009318.3"  "AC009318.2"  "AC009320.1"  "AC023511.1" 
 [6046] "AC078776.1"  "AC010198.1"  "AC024940.1"  "AC023157.3"  "AC016957.2" 
 [6051] "AC048344.1"  "AC084824.5"  "AC087311.2"  "AC046130.1"  "AC046130.2" 
 [6056] "AC140847.1"  "AC140847.2"  "AC087897.2"  "AC067735.1"  "AC079630.1" 
 [6061] "AC107023.1"  "AC090531.1"  "AC090630.1"  "AC079601.1"  "AC012038.2" 
 [6066] "AC012038.1"  "AC025030.2"  "AC025253.1"  "AC008127.1"  "AC079950.1" 
 [6071] "AC008124.1"  "AC025031.2"  "AC008014.1"  "AC025031.1"  "AC025031.4" 
 [6076] "AC008035.1"  "AC079906.1"  "AC008083.1"  "AC008083.2"  "AC008083.3" 
 [6081] "AC004241.1"  "AC004241.2"  "AC004466.1"  "AC004466.3"  "AC121338.1" 
 [6086] "AC121338.2"  "AC004801.5"  "AC004801.4"  "AC004801.3"  "AC004801.6" 
 [6091] "AC074029.3"  "AC024257.3"  "AC024257.1"  "AC024257.5"  "AC090115.1" 
 [6096] "AC024257.4"  "AC089987.2"  "AC117498.1"  "AC117498.2"  "AC073610.3" 
 [6101] "AC073610.2"  "AC011603.3"  "AC011603.1"  "AC011603.2"  "AC010173.1" 
 [6106] "AC125611.3"  "AC125611.4"  "AC020612.3"  "AC131157.1"  "AC025154.2" 
 [6111] "AC025154.1"  "AC074032.1"  "AC008147.1"  "AC008121.2"  "AC008121.3" 
 [6116] "AC107031.1"  "AC068987.2"  "AC068987.5"  "AC068987.3"  "AC068987.4" 
 [6121] "AC068987.1"  "AC025259.3"  "AC025259.1"  "AC078864.2"  "AC078864.1" 
 [6126] "AC021066.1"  "AC121757.1"  "AC078865.1"  "AC055736.1"  "AC055716.3" 
 [6131] "AC068888.1"  "AC073573.1"  "AC021072.1"  "AC073611.1"  "AC023509.4" 
 [6136] "AC023509.3"  "AC023509.2"  "AC076968.1"  "AC012531.3"  "AC012531.1" 
 [6141] "AC023794.1"  "AC023794.3"  "AC023794.4"  "AC023794.7"  "AC023794.6" 
 [6146] "AC023794.2"  "AC078778.1"  "AC079313.2"  "AC079313.1"  "AC068789.1" 
 [6151] "AC079310.1"  "AC027287.2"  "AC122685.1"  "AC009779.5"  "AC009779.3" 
 [6156] "AC009779.2"  "AC023055.1"  "AC025162.1"  "AC034102.8"  "AC034102.3" 
 [6161] "AC034102.2"  "AC034102.4"  "AC034102.7"  "AC034102.6"  "AC034102.5" 
 [6166] "AC073896.5"  "AC073896.1"  "AC073896.2"  "AC073896.3"  "AC024884.2" 
 [6171] "AC137834.2"  "AC137834.1"  "AC126614.1"  "MARS"        "AC022506.1" 
 [6176] "AC025165.1"  "AC025165.2"  "AC025165.3"  "AC025165.5"  "AC025165.4" 
 [6181] "AC083805.2"  "AC083805.1"  "AC083805.3"  "AC084033.3"  "AC020637.1" 
 [6186] "AC068305.2"  "AC108721.1"  "AC080011.1"  "AC079035.1"  "AC048341.1" 
 [6191] "AC048341.2"  "AC078814.1"  "AC026116.1"  "AC084357.2"  "AC020611.2" 
 [6196] "AC025576.2"  "AC025576.1"  "AC135279.3"  "AC078962.2"  "AC078962.4" 
 [6201] "AC078962.3"  "AC025262.1"  "AC135895.1"  "AC025419.1"  "AC090023.1" 
 [6206] "AC090023.2"  "AC090673.1"  "AC090673.2"  "AC078927.1"  "AC078889.1" 
 [6211] "AC073530.1"  "AC078777.1"  "AC022511.1"  "AC008033.3"  "AC090061.1" 
 [6216] "AC025423.1"  "AC025423.4"  "AC127894.1"  "AC020656.2"  "AC020656.1" 
 [6221] "AC025263.1"  "AC025263.2"  "AC025159.1"  "AC078922.1"  "AC084032.1" 
 [6226] "AC025569.1"  "AC083809.1"  "AC123905.1"  "AC025575.1"  "AC025575.2" 
 [6231] "AC078860.1"  "AC073612.1"  "AC011601.1"  "AC089984.1"  "AC090109.1" 
 [6236] "AC133480.1"  "AC090503.1"  "AC136188.1"  "AC090502.1"  "AC090502.3" 
 [6241] "AC025257.1"  "AC073525.1"  "AC091534.1"  "AC121761.1"  "AC078923.1" 
 [6246] "AC078820.1"  "AC011611.2"  "AC011611.3"  "AC011611.4"  "AC107032.2" 
 [6251] "AC124784.1"  "AC073591.1"  "AC138331.1"  "AC073571.1"  "AC128707.1" 
 [6256] "AC130415.1"  "AC079362.1"  "AC068993.2"  "AC090709.1"  "AC027288.3" 
 [6261] "AC027288.1"  "AC073569.2"  "AC073569.1"  "AC074031.1"  "AC078955.1" 
 [6266] "AC069228.1"  "AC089998.4"  "AC089998.2"  "AC089998.1"  "AC090680.1" 
 [6271] "AC093025.1"  "AC090679.2"  "AC090679.1"  "AC133794.1"  "AC131532.1" 
 [6276] "AC016993.1"  "AC010196.1"  "AC079598.1"  "AC024941.2"  "AC024941.1" 
 [6281] "AC024909.1"  "AC024909.2"  "AC010201.2"  "AC010201.1"  "AC025034.1" 
 [6286] "AC084200.1"  "AC126178.1"  "AC084365.1"  "AC112481.1"  "AC025035.1" 
 [6291] "AC126175.1"  "AC025254.1"  "AC090049.1"  "AC025164.1"  "AC063949.2" 
 [6296] "AC138123.1"  "AC138123.2"  "AC124947.1"  "AC012085.2"  "AC012464.1" 
 [6301] "AC012464.3"  "AC123567.2"  "AC073655.1"  "AC073655.2"  "AC023161.1" 
 [6306] "AC084879.2"  "AC090001.1"  "AC007298.2"  "AC007298.1"  "AC008149.1" 
 [6311] "AC007513.1"  "AC007656.1"  "AC013417.1"  "AC016152.1"  "AC069437.1" 
 [6316] "AC117377.1"  "AC010203.2"  "AC138360.1"  "AC063947.1"  "AC063948.1" 
 [6321] "AC117505.1"  "AC010205.1"  "AC084398.2"  "AC079907.2"  "AC079907.1" 
 [6326] "AC068643.1"  "AC068643.2"  "AC025265.2"  "AC025265.3"  "AC025265.1" 
 [6331] "AC012555.2"  "AC012555.1"  "AC089983.1"  "AC016257.1"  "AC011313.1" 
 [6336] "AC011595.2"  "AC011595.1"  "AC079174.2"  "AC079385.1"  "AC079385.2" 
 [6341] "AC079385.3"  "AC007541.1"  "AC078929.1"  "AC007540.1"  "AC007622.2" 
 [6346] "AC126177.2"  "AC126177.8"  "AC126177.4"  "AC007569.1"  "AC007570.1" 
 [6351] "AC007834.1"  "AC084876.1"  "AC002375.1"  "AC002351.1"  "AC002996.1" 
 [6356] "AC073575.2"  "AC073575.1"  "AC004217.1"  "AC004551.1"  "AC089999.1" 
 [6361] "AC073863.1"  "AC010183.1"  "AC010183.2"  "AC010177.1"  "AC026765.2" 
 [6366] "AC026765.1"  "AC009804.2"  "AC008125.1"  "AC078880.1"  "AC078880.3" 
 [6371] "AC078880.4"  "AC078880.5"  "AC078880.2"  "AC009803.2"  "AC009803.3" 
 [6376] "AC009803.1"  "AC009387.1"  "AC012157.1"  "AC079384.1"  "AC125603.4" 
 [6381] "AC125603.3"  "AC125603.2"  "AC125603.1"  "AC083806.3"  "AC083806.2" 
 [6386] "AC127164.1"  "AC073864.1"  "AC084291.1"  "AC131159.2"  "AC131159.1" 
 [6391] "AC131238.1"  "AC026367.1"  "AC026367.3"  "AC026367.2"  "AC087863.1" 
 [6396] "AC084361.1"  "AC084880.4"  "AC084880.3"  "AC084880.2"  "AC002070.1" 
 [6401] "AC002563.1"  "AC004812.2"  "AC004263.1"  "AC003982.1"  "AL021546.1" 
 [6406] "AC063943.1"  "AC125616.1"  "AC069234.2"  "AC069234.5"  "AC069234.4" 
 [6411] "AC069234.3"  "AC069234.1"  "AC069209.1"  "AC048337.1"  "AC145422.1" 
 [6416] "AC084018.1"  "AC084018.2"  "AC079360.1"  "AC069503.3"  "AC069503.2" 
 [6421] "AC069503.1"  "DIABLO.1"    "AC048338.1"  "AC127002.1"  "AC026333.4" 
 [6426] "AC026333.3"  "AC027290.1"  "AC068768.1"  "AC068768.2"  "AC137767.1" 
 [6431] "AC055713.1"  "AC117503.1"  "AC079315.1"  "AC068790.8"  "AC068790.9" 
 [6436] "AC026358.1"  "AC073592.1"  "AC122688.2"  "AC005186.1"  "AC007368.2" 
 [6441] "AC006065.4"  "AC006065.3"  "AC069235.1"  "AC078878.2"  "AC079949.1" 
 [6446] "AC079949.2"  "AC025252.1"  "AC087894.2"  "AC061709.1"  "AC108704.1" 
 [6451] "AC130404.1"  "AC117373.1"  "AC055717.1"  "AC055717.2"  "AC135388.1" 
 [6456] "AC026336.3"  "AC026336.2"  "AC063926.1"  "AC095350.1"  "AC073912.1" 
 [6461] "AC073912.2"  "AC073862.1"  "AC078925.1"  "AC140118.1"  "AC073578.2" 
 [6466] "AC073578.1"  "AC117500.3"  "AC117500.1"  "AC117500.2"  "AC131009.2" 
 [6471] "AC131009.1"  "AC137590.1"  "AC137590.2"  "AC138466.3"  "AC138466.1" 
 [6476] "AC148477.3"  "AC148477.2"  "AC148477.4"  "AC148477.1"  "AC148476.1" 
 [6481] "AC079031.1"  "AC079031.2"  "AC131212.1"  "AC135586.2"  "AC127070.1" 
 [6486] "AC127070.2"  "AC073911.1"  "AC026786.2"  "AC026786.1"  "AL355516.1" 
 [6491] "AL137001.1"  "AL139327.2"  "AL356259.1"  "AL355001.1"  "AL355001.2" 
 [6496] "AL590096.1"  "AL161772.1"  "AL136962.1"  "AL157931.1"  "AL157931.2" 
 [6501] "AL359736.1"  "AL445985.1"  "AL590787.1"  "AL138966.2"  "AL160035.1" 
 [6506] "AL136439.1"  "AL354674.1"  "AL353680.1"  "AL161616.2"  "AL138820.1" 
 [6511] "AL139383.1"  "AL161719.1"  "AL139081.1"  "AL161716.1"  "AL138690.1" 
 [6516] "AL354809.1"  "AL354696.2"  "AL157932.1"  "AL162713.1"  "AL512506.3" 
 [6521] "AL589745.2"  "AL589745.1"  "AL138960.1"  "AL356515.1"  "AL359706.1" 
 [6526] "AL138963.3"  "AL138963.1"  "AL138686.1"  "AL138962.1"  "AL158196.1" 
 [6531] "AL392048.1"  "AL161421.1"  "AL136301.1"  "AL157817.1"  "AL162377.3" 
 [6536] "AL162377.1"  "AL139082.1"  "AL359513.1"  "AL137058.1"  "AL139089.1" 
 [6541] "AL136359.1"  "AL450423.1"  "AL390964.1"  "AL354821.1"  "AL445288.1" 
 [6546] "AL592490.1"  "AL354810.1"  "AL445989.1"  "AL355478.1"  "AL355390.1" 
 [6551] "AL355390.2"  "AL139230.1"  "AL365394.1"  "AC000403.1"  "AC001226.2" 
 [6556] "AC001226.1"  "AL139002.1"  "AL138957.1"  "AL445209.1"  "AL353633.1" 
 [6561] "AL354994.1"  "AL360267.1"  "AL355578.1"  "AL445647.1"  "AL354896.1" 
 [6566] "AL354811.1"  "AL353581.1"  "AL359502.1"  "AL356580.1"  "AL161896.1" 
 [6571] "AL136961.1"  "AL139035.1"  "AL355338.1"  "AL136526.1"  "AL160153.1" 
 [6576] "AL158063.1"  "LINC00283"   "AL137246.1"  "AL137246.2"  "AL359745.1" 
 [6581] "AL138689.2"  "AL162574.2"  "AL162574.1"  "AL136964.1"  "AL138694.1" 
 [6586] "AL161431.1"  "AL162497.1"  "AL355810.1"  "AL355974.1"  "AL355974.2" 
 [6591] "AL355974.3"  "AL139385.1"  "AL442128.2"  "AL359649.1"  "AL356961.1" 
 [6596] "AL139384.2"  "AL139384.1"  "AL356740.1"  "AL137002.2"  "AL137002.1" 
 [6601] "BX072579.1"  "BX072579.2"  "AL160396.1"  "CR383656.10" "CR383656.12"
 [6606] "AL929601.1"  "AL929601.2"  "AL929601.3"  "AL589182.1"  "AL589743.5" 
 [6611] "AL589743.2"  "AL512624.2"  "AL512310.10" "AL512310.9"  "AL512310.2" 
 [6616] "AL356019.2"  "AL356019.1"  "AL355075.4"  "AL355075.1"  "AL355075.2" 
 [6621] "AL355075.3"  "AL163195.3"  "AL163195.2"  "AL163636.2"  "AL163636.1" 
 [6626] "AL133371.2"  "AL133371.3"  "AL133371.1"  "AL355922.5"  "AL355922.4" 
 [6631] "AL355922.1"  "AL355922.2"  "AL161668.3"  "AL161668.2"  "AL161668.1" 
 [6636] "AL135744.1"  "AL161747.2"  "AC243972.1"  "AC244502.3"  "AC243965.1" 
 [6641] "AC243965.2"  "AL132780.1"  "AL132780.3"  "AL132780.2"  "AL049829.2" 
 [6646] "AL132855.1"  "AL135999.2"  "AL135999.1"  "AL135999.3"  "AL136295.3" 
 [6651] "AL136295.2"  "AL136295.5"  "AL136295.4"  "AL136295.1"  "AL136295.6" 
 [6656] "AL096870.1"  "AL132800.1"  "AL136018.1"  "AL110292.1"  "AL139023.1" 
 [6661] "AL049777.1"  "AL138974.1"  "AL158058.1"  "AL356756.1"  "AL133372.3" 
 [6666] "AL133372.2"  "AL121852.1"  "AL049830.3"  "AL136418.1"  "AL139353.1" 
 [6671] "AL139353.2"  "AL163973.3"  "AL163973.2"  "AL355112.1"  "AL352984.1" 
 [6676] "AL136298.1"  "AL445363.1"  "AL445363.2"  "AL121603.2"  "AL121594.1" 
 [6681] "AL133163.2"  "AL133163.3"  "AL162311.3"  "AL162311.1"  "AL133304.1" 
 [6686] "AL133304.2"  "AL162511.1"  "AL079303.1"  "AL162464.2"  "AL162464.1" 
 [6691] "AL121790.2"  "AL121790.1"  "AL359233.1"  "AL392023.2"  "AL392023.1" 
 [6696] "AL161751.1"  "AL132639.3"  "AL132639.2"  "AL049875.1"  "AL352977.1" 
 [6701] "AL352977.2"  "AL121821.1"  "AL445074.1"  "AL450442.1"  "AL161752.1" 
 [6706] "AL356022.1"  "AL049870.2"  "AL049870.3"  "AL121809.2"  "AL121809.1" 
 [6711] "AL162632.3"  "AL162632.1"  "AL139354.1"  "AL358335.2"  "AL110505.1" 
 [6716] "AL139099.1"  "AL591767.1"  "AL627171.2"  "AL627171.1"  "AL359397.2" 
 [6721] "AL359397.1"  "AL118556.1"  "AL133485.1"  "AL358334.1"  "AL358334.3" 
 [6726] "AL358334.2"  "AL591770.1"  "AL358332.1"  "AL122125.1"  "AL079307.2" 
 [6731] "AL358333.2"  "AL358333.3"  "AL358333.1"  "AL133453.1"  "AL139317.3" 
 [6736] "AL139317.1"  "AL352979.2"  "AL356020.1"  "AL163953.1"  "AL359792.1" 
 [6741] "AL139316.1"  "AL158801.2"  "AL158801.3"  "AL355773.1"  "AL138995.1" 
 [6746] "AL355073.1"  "AL355073.2"  "AL355103.1"  "AL161757.2"  "AL161757.5" 
 [6751] "AL161757.3"  "AL161757.4"  "AL391152.1"  "AL355834.1"  "AL161804.1" 
 [6756] "AL132989.2"  "AL139021.2"  "AL139021.1"  "AL133299.1"  "AL157911.1" 
 [6761] "AL157756.1"  "AL049874.3"  "AL359220.1"  "AL355916.3"  "AL355916.2" 
 [6766] "AL355916.1"  "AL390816.1"  "AL390816.2"  "AL137191.1"  "AL049871.1" 
 [6771] "AL136038.3"  "AL136038.2"  "AL136038.5"  "AL161756.1"  "AL161756.3" 
 [6776] "AL122035.1"  "AL122035.2"  "AL049869.3"  "AL049869.2"  "AL139022.2" 
 [6781] "AL139022.1"  "AL355076.2"  "AL391261.2"  "AL359232.1"  "AL049835.1" 
 [6786] "AL049779.1"  "AL133370.1"  "AL121820.2"  "AL121820.1"  "AL391262.1" 
 [6791] "AL359317.2"  "AL359317.1"  "AL160191.1"  "AL356804.1"  "AL357153.2" 
 [6796] "AL357153.3"  "AL357153.1"  "AC004816.1"  "AC004816.2"  "AC004825.2" 
 [6801] "AC004817.3"  "AC004817.2"  "AC004817.1"  "AC004817.4"  "AC005476.2" 
 [6806] "AC005993.1"  "AC004828.1"  "AL442663.3"  "AC004846.1"  "AC004846.2" 
 [6811] "AC005280.2"  "AC005225.3"  "AC005225.2"  "AC006146.1"  "AC005520.2" 
 [6816] "AC005520.1"  "AC005520.5"  "AC005480.1"  "AC005479.2"  "AC005479.1" 
 [6821] "AC013451.1"  "AC013451.2"  "AL049780.1"  "AL049780.2"  "AL691403.2" 
 [6826] "AL691403.1"  "AF111167.1"  "AF111167.2"  "AC007182.1"  "AF107885.2" 
 [6831] "AC016526.4"  "AC016526.1"  "AC008050.1"  "AC007376.2"  "AF111169.3" 
 [6836] "AF111169.1"  "AF111169.2"  "AC007686.3"  "AC007686.2"  "AC007375.2" 
 [6841] "AC007375.3"  "AF099810.1"  "AC009396.2"  "AC009396.3"  "AC009396.1" 
 [6846] "AC026888.1"  "AC022469.2"  "AC008056.2"  "AC008056.1"  "AF123462.1" 
 [6851] "AC007262.2"  "AL136040.1"  "AL355838.1"  "AL355095.1"  "AL359238.1" 
 [6856] "AL162872.1"  "AL357172.1"  "AL049775.2"  "AL049775.1"  "AL049775.3" 
 [6861] "AL358292.1"  "AL352955.1"  "AL157688.1"  "AL135746.1"  "AL359237.1" 
 [6866] "AL136501.1"  "AL157955.1"  "AL157955.2"  "AL133279.2"  "AL133279.3" 
 [6871] "AL133279.1"  "AL162171.2"  "AL162171.1"  "AL121768.1"  "AL137785.1" 
 [6876] "AL138478.1"  "AL357093.2"  "AL357093.1"  "AL356805.1"  "AL137230.1" 
 [6881] "AL512791.2"  "AL512791.1"  "AL096869.3"  "AL096869.1"  "AL096869.2" 
 [6886] "AL139193.1"  "AL139193.2"  "AL135818.2"  "AL133153.2"  "AL133240.1" 
 [6891] "AL117192.1"  "AL110118.2"  "AL132642.1"  "AL132708.1"  "AL049839.2" 
 [6896] "AL121612.1"  "AL390254.1"  "AL133467.1"  "AL133467.2"  "AL133467.4" 
 [6901] "AL139020.1"  "AL133167.1"  "AL355102.2"  "AL355102.5"  "AL355102.4" 
 [6906] "AL355102.3"  "AL163051.1"  "AL137786.1"  "AL049833.2"  "AL049833.1" 
 [6911] "AL355097.1"  "AL163932.1"  "AL132719.1"  "AL132796.1"  "AL132796.2" 
 [6916] "AL162151.1"  "AL109767.1"  "AL132819.1"  "AL110504.1"  "AL160313.1" 
 [6921] "AL160313.2"  "AL133368.2"  "AL157912.1"  "AL133523.1"  "AL157871.1" 
 [6926] "AL157871.4"  "AL157871.2"  "AL845552.2"  "AL132711.1"  "AL117190.2" 
 [6931] "AL117190.1"  "AL132709.1"  "AL359682.1"  "AL355096.1"  "AL049836.2" 
 [6936] "AL049836.1"  "AL137779.2"  "AL137779.1"  "AL118558.3"  "AL118558.4" 
 [6941] "AL132801.1"  "AL117209.1"  "AL161669.3"  "AL138976.2"  "AL133367.1" 
 [6946] "AL139300.2"  "AL139300.1"  "AL049840.1"  "AL049840.2"  "AL132712.1" 
 [6951] "AL132712.2"  "AL359399.1"  "AL590079.1"  "AL512357.1"  "BX927359.1" 
 [6956] "AL583722.3"  "AL583722.1"  "AL583722.4"  "AL583722.2"  "AL583810.2" 
 [6961] "AL583810.1"  "AL583810.3"  "AL928654.1"  "AL928654.2"  "AL928654.3" 
 [6966] "AL928742.1"  "AC246787.2"  "AC247036.1"  "AC244452.3"  "AC087386.1" 
 [6971] "AC026495.1"  "AC023310.4"  "AC012414.5"  "AC012414.3"  "AC012414.4" 
 [6976] "AC126335.1"  "AC068446.2"  "AC060814.5"  "AC060814.4"  "AC060814.3" 
 [6981] "LINC02203.1" "AC135068.1"  "AC135068.3"  "AC135068.7"  "AC135068.8" 
 [6986] "AC135068.9"  "AC135068.2"  "AC134981.1"  "AC134980.2"  "AC134980.3" 
 [6991] "AC010760.1"  "AC126407.1"  "AC021439.1"  "AC087463.1"  "AC087463.4" 
 [6996] "AC087463.2"  "AC087463.3"  "AC124312.1"  "AC124312.2"  "AC124312.3" 
 [7001] "AC016266.1"  "AC100836.1"  "AC011196.1"  "AC104002.1"  "AC104002.3" 
 [7006] "AC021979.1"  "AC021979.2"  "AC090696.1"  "AC055876.5"  "AC127522.1" 
 [7011] "AC102941.1"  "AC022613.1"  "AC022613.2"  "AC111152.2"  "AC120045.1" 
 [7016] "AC026150.1"  "AC026150.3"  "AC091057.3"  "AC091057.2"  "AC091057.6" 
 [7021] "AC091057.4"  "AC009562.1"  "AC012236.1"  "AC139426.2"  "AC123768.4" 
 [7026] "AC123768.3"  "AC123768.2"  "AC123768.1"  "AC090877.2"  "AC055874.1" 
 [7031] "AC010809.3"  "AC010809.2"  "AC010809.1"  "AC079203.2"  "AC087457.1" 
 [7036] "AC114546.1"  "AC114546.2"  "AC021231.1"  "AC021351.1"  "AC040918.1" 
 [7041] "AC087516.1"  "AC087516.2"  "AC013640.1"  "AC078909.1"  "AC078909.2" 
 [7046] "AC068875.1"  "AC087473.1"  "AC116158.1"  "AC116158.2"  "AC022929.1" 
 [7051] "AC022929.2"  "AC013652.1"  "AC087878.1"  "AC113146.1"  "AC013652.2" 
 [7056] "AC109630.1"  "AC022196.1"  "AC037198.2"  "AC023908.3"  "AC012377.1" 
 [7061] "AC021755.2"  "AC021755.3"  "AC020658.2"  "AC013356.4"  "AC013356.3" 
 [7066] "AC013356.2"  "AC091045.1"  "AC012476.1"  "AC025166.1"  "AC020661.1" 
 [7071] "AC020661.3"  "AC020661.2"  "AC016134.1"  "AC073657.1"  "AC020659.2" 
 [7076] "AC020659.1"  "AC039056.1"  "AC036103.1"  "AC012651.1"  "AC018362.1" 
 [7081] "AC018362.2"  "AC090510.3"  "AC090510.2"  "AC090510.1"  "AC068724.3" 
 [7086] "AC068724.1"  "AC009852.1"  "AC011330.3"  "AC018512.1"  "AC090519.2" 
 [7091] "AC025043.1"  "AC025430.1"  "AC122108.2"  "AC122108.1"  "AC091117.2" 
 [7096] "AC091117.1"  "AC051619.4"  "AC051619.5"  "AC025580.3"  "AC025580.1" 
 [7101] "AC025580.2"  "AC090527.1"  "AC090527.3"  "AC090527.2"  "AC068722.2" 
 [7106] "AC068722.1"  "AC073941.1"  "AC023905.1"  "AC009558.1"  "AC012050.1" 
 [7111] "AC092078.2"  "AC092078.1"  "AC066612.1"  "AC066612.2"  "AC023355.1" 
 [7116] "AC084757.3"  "AC084757.4"  "AC084757.2"  "AC012379.1"  "AC091073.1" 
 [7121] "AC013452.2"  "AC022306.2"  "AC025040.1"  "AC022087.1"  "AC012170.3" 
 [7126] "AC012170.2"  "AC084756.1"  "AC012100.2"  "AC021752.1"  "AC020891.2" 
 [7131] "AC066613.2"  "AC066613.1"  "AC020892.1"  "AC020892.2"  "AC090971.2" 
 [7136] "AC090971.1"  "AC090970.2"  "AC023906.5"  "AC023906.2"  "AC023906.3" 
 [7141] "AC023906.4"  "AC025917.1"  "AC016044.1"  "AC084759.2"  "AC025272.1" 
 [7146] "AC012378.1"  "AC084782.1"  "AC084782.2"  "AC084782.3"  "AC090518.1" 
 [7151] "AC090517.4"  "AC010999.2"  "AC025271.3"  "AC025271.2"  "AC025271.4" 
 [7156] "AC090651.1"  "AC025431.1"  "AC018904.1"  "AC090515.2"  "AC090515.4" 
 [7161] "AC025918.1"  "AC092757.3"  "AC092755.2"  "AC009654.1"  "AC107241.1" 
 [7166] "AC009560.1"  "AC022898.1"  "AC012404.1"  "AC012404.2"  "AC107905.1" 
 [7171] "AC104574.2"  "AC104574.1"  "AC018618.1"  "AC009554.1"  "AC104590.1" 
 [7176] "AC126323.2"  "AC126323.3"  "AC126323.6"  "AC126323.5"  "AC032011.1" 
 [7181] "AC100839.1"  "AC100839.2"  "AC103740.1"  "AC103740.2"  "AC079328.2" 
 [7186] "AC087612.1"  "AC007950.1"  "AC007950.2"  "AC073167.1"  "AC015914.1" 
 [7191] "AC087632.1"  "AC100830.3"  "AC100830.2"  "AC100830.1"  "AC069368.1" 
 [7196] "AC103691.2"  "AC103691.1"  "AC013553.3"  "AC013553.4"  "AC011939.3" 
 [7201] "AC055855.2"  "AC055855.1"  "AC116913.1"  "AC110048.2"  "AC093334.1" 
 [7206] "AC087482.1"  "AC012568.1"  "AC016355.1"  "AC009292.1"  "AC107871.1" 
 [7211] "AC107871.2"  "AC027088.3"  "AC027088.2"  "AC026992.2"  "AC026992.1" 
 [7216] "AC027237.3"  "AC027237.2"  "AC100826.1"  "AC021818.1"  "AC026583.1" 
 [7221] "AC048383.1"  "AC009269.2"  "AC009269.3"  "AC108861.1"  "AC104938.1" 
 [7226] "AC022872.1"  "AC020779.2"  "AC009690.3"  "AC009690.2"  "AC009690.1" 
 [7231] "AC079322.1"  "AC100827.4"  "AC068397.1"  "AC068397.2"  "AC022188.1" 
 [7236] "AC018943.1"  "AC010931.2"  "AC010931.3"  "AC023300.2"  "AC090826.1" 
 [7241] "AC090826.2"  "AC012435.2"  "AC100835.2"  "AC100835.1"  "AC113208.3" 
 [7246] "AC068338.3"  "AC068338.2"  "AC105020.3"  "AC105020.2"  "AC105020.6" 
 [7251] "AC105020.5"  "AC105020.4"  "AC105020.1"  "AC019294.3"  "AC091100.1" 
 [7256] "AC027243.1"  "AC027243.2"  "AC090181.1"  "AC046168.1"  "AC046168.2" 
 [7261] "AC105133.1"  "AC104758.4"  "AC104758.5"  "AC104758.2"  "AC090260.1" 
 [7266] "AC090607.3"  "AC090607.1"  "AC090607.5"  "AC027228.1"  "AC027228.2" 
 [7271] "AC067863.1"  "AC011944.1"  "AC021483.1"  "AC021483.2"  "AC087761.1" 
 [7276] "AC016705.2"  "AC016705.1"  "AC108451.1"  "AC108451.2"  "AC023302.1" 
 [7281] "AC027808.1"  "AC027808.2"  "AC068870.1"  "AC068870.2"  "AC103858.2" 
 [7286] "AC109809.1"  "AC060809.1"  "AC023034.1"  "AC023034.2"  "AC104041.1" 
 [7291] "AC025219.1"  "AC245033.1"  "AC245033.2"  "AC105339.3"  "AC022558.2" 
 [7296] "AC024270.4"  "AC022558.3"  "AC024270.2"  "AC024270.3"  "AC103876.1" 
 [7301] "AC136698.1"  "AC243562.3"  "AC048382.4"  "AC048382.5"  "AC048382.1" 
 [7306] "AC048382.6"  "AC115102.1"  "AC087286.3"  "AC087286.2"  "AC087286.1" 
 [7311] "AC021739.4"  "AC021739.2"  "AC021739.5"  "AC021739.3"  "AC012229.1" 
 [7316] "AC016987.1"  "AC078905.1"  "AC020687.1"  "AC103982.1"  "AC013565.1" 
 [7321] "AC013565.3"  "AC124068.2"  "AC013391.3"  "AC013391.1"  "AC091167.7" 
 [7326] "AC091167.2"  "AC091167.6"  "AC091167.5"  "AC018946.1"  "AC103739.1" 
 [7331] "AC103739.2"  "AC021422.1"  "AC068831.4"  "AC068831.1"  "AC068831.7" 
 [7336] "AC068831.6"  "AC104035.1"  "AC107958.3"  "AC107958.2"  "AC116903.2" 
 [7341] "AC116903.1"  "AC090985.1"  "AC091544.5"  "AC091544.7"  "AC106028.4" 
 [7346] "AC106028.5"  "AC013394.1"  "AC112693.1"  "AC091078.1"  "AC091078.3" 
 [7351] "AC110023.1"  "AC103996.3"  "AC103996.2"  "AC009432.1"  "AC107976.1" 
 [7356] "AC087633.1"  "AC087636.1"  "AC104260.1"  "AC027013.1"  "AC015574.1" 
 [7361] "AC012409.2"  "AC024337.1"  "AC024337.2"  "AC012409.3"  "AC012409.1" 
 [7366] "AC012409.4"  "AC103746.1"  "AC087477.2"  "AC087477.5"  "AC087477.3" 
 [7371] "AC087477.4"  "AC020704.1"  "AC026523.1"  "AC024651.2"  "AC024651.1" 
 [7376] "AC022523.1"  "AC022523.3"  "AC015722.1"  "AC015722.2"  "AC118658.1" 
 [7381] "AC069029.1"  "AC036108.1"  "AC036108.4"  "AC036108.2"  "AC036108.3" 
 [7386] "AC015660.2"  "AC015660.3"  "AC015660.4"  "AC015660.1"  "AC090825.1" 
 [7391] "AC084855.1"  "AC084855.2"  "AC022710.1"  "AC027020.2"  "AC027020.1" 
 [7396] "AC087762.1"  "AC015712.1"  "AC015712.4"  "AC015712.7"  "AC015712.2" 
 [7401] "AC090907.1"  "AC090907.2"  "AC019254.2"  "AC019254.1"  "AC023024.1" 
 [7406] "AC090164.3"  "AC090164.4"  "AC140725.1"  "Z69720.1"    "Z69666.1"   
 [7411] "Z69706.1"    "AC004754.1"  "AL023881.1"  "Z97986.1"    "AL022341.1" 
 [7416] "AL022341.2"  "Z92544.1"    "Z97653.1"    "AL031008.1"  "AL031716.1" 
 [7421] "AC009041.2"  "AC009041.1"  "AC009041.3"  "AL031598.1"  "AC120498.8" 
 [7426] "AC120498.3"  "AC120498.1"  "AC120498.6"  "AC120498.10" "AC120498.4" 
 [7431] "AC120498.9"  "AL031714.1"  "AL031709.1"  "AL032819.1"  "AL032819.3" 
 [7436] "AL031600.3"  "AL031600.1"  "AL031705.1"  "AL133297.2"  "Z97652.1"   
 [7441] "AL031708.1"  "AL031710.1"  "AL031717.1"  "AC005363.2"  "AC005606.2" 
 [7446] "AC005606.1"  "AC009065.6"  "AC009065.3"  "AC009065.7"  "AC009065.1" 
 [7451] "AC009065.8"  "AC009065.4"  "AC106820.3"  "AC106820.5"  "AC106820.2" 
 [7456] "AC093525.2"  "AC093525.1"  "AC093525.6"  "AC093525.7"  "AC093525.4" 
 [7461] "AC093525.3"  "AC141586.3"  "AC141586.2"  "AC092117.1"  "AC003965.2" 
 [7466] "AC003965.1"  "AC004034.1"  "AC004233.4"  "AC004233.2"  "AC004233.3" 
 [7471] "AC108134.1"  "AC108134.3"  "AC108134.2"  "AJ003147.1"  "AJ003147.2" 
 [7476] "AC004232.2"  "AC025283.3"  "AC025283.2"  "AC004494.1"  "AC006111.1" 
 [7481] "AC006111.3"  "AC005736.3"  "AC009171.2"  "AC023830.2"  "AC023830.1" 
 [7486] "AC020663.2"  "AC026458.2"  "AC005774.1"  "AC093515.1"  "AC018767.2" 
 [7491] "AC018767.3"  "AC018767.1"  "AC074052.2"  "AC012173.1"  "AC022167.2" 
 [7496] "AC022167.1"  "AC022167.4"  "AC022167.5"  "AC022167.3"  "AC087190.2" 
 [7501] "AC087190.1"  "AC007221.1"  "AC007221.2"  "AC007218.1"  "AC007218.2" 
 [7506] "AC133565.1"  "AC131649.1"  "AC027277.1"  "AC007595.1"  "AC133065.1" 
 [7511] "AC007014.1"  "AC007220.1"  "AC009121.2"  "AC009121.1"  "AC099489.1" 
 [7516] "AC099489.3"  "AC007613.1"  "AC010654.1"  "AC007216.4"  "AC007216.2" 
 [7521] "AC007216.1"  "AC007601.1"  "AC007601.2"  "AC007598.2"  "AC010333.1" 
 [7526] "AC010333.2"  "AC010333.3"  "AC109597.1"  "AC109597.2"  "AC009134.1" 
 [7531] "U91319.1"    "AC003009.1"  "U95743.1"    "AC010401.1"  "AC010401.2" 
 [7536] "AC130650.2"  "AC130650.1"  "AC040173.1"  "AC009167.1"  "AC136443.4" 
 [7541] "AC136443.3"  "AC138932.2"  "AC138932.5"  "AC126763.1"  "AC140504.1" 
 [7546] "AC026401.1"  "AC026401.3"  "AF001548.2"  "AF001548.1"  "AC130651.1" 
 [7551] "AC136624.1"  "AC136624.2"  "AC138969.3"  "AC138969.1"  "AC092326.1" 
 [7556] "AC109446.3"  "AC109495.1"  "AC025277.1"  "AC010601.1"  "AC091489.1" 
 [7561] "AC126755.2"  "AC126755.4"  "AC126755.3"  "AC136618.1"  "AC138811.2" 
 [7566] "AC138811.1"  "AC092287.1"  "AC099518.4"  "AC099518.2"  "AC099518.1" 
 [7571] "AC099518.6"  "AC099518.3"  "AC099518.5"  "AC130456.2"  "AC130456.4" 
 [7576] "AC130456.3"  "AC130456.5"  "AC002550.2"  "AC002550.1"  "AC027130.1" 
 [7581] "AC092132.1"  "AC106796.1"  "AC137056.1"  "AC141273.1"  "AC004381.1" 
 [7586] "AC008551.1"  "AF001550.1"  "AC005632.4"  "AC092375.2"  "AC092119.2" 
 [7591] "AC092119.3"  "AC009019.1"  "AC009034.1"  "AC092338.1"  "AC092338.2" 
 [7596] "AC009021.2"  "AC009021.1"  "AC130466.1"  "AC127459.2"  "AC099482.1" 
 [7601] "AC008915.2"  "AC008870.4"  "AC008870.3"  "AC012317.1"  "AC008938.1" 
 [7606] "AC008731.1"  "AC008741.1"  "AC008741.2"  "AC009158.1"  "AC009035.1" 
 [7611] "AC092725.1"  "AC109449.1"  "AC106739.1"  "AC106739.2"  "AC016597.1" 
 [7616] "AC138904.3"  "AC138904.1"  "AC138894.2"  "AC138894.1"  "AC020765.2" 
 [7621] "AC145285.2"  "AC145285.3"  "AC145285.6"  "AC133550.1"  "AC133550.2" 
 [7626] "AC109460.2"  "AC109460.1"  "AC109460.4"  "AC009093.2"  "AC009093.1" 
 [7631] "AC009093.5"  "AC009093.4"  "AC009093.6"  "AC133555.3"  "AC009086.2" 
 [7636] "AC009133.3"  "AC009133.4"  "AC009133.2"  "AC009133.1"  "AC009133.6" 
 [7641] "AC120114.5"  "AC120114.3"  "AC120114.1"  "AC093512.2"  "AC093512.1" 
 [7646] "AC012645.1"  "AC012645.2"  "AC012645.4"  "AC012645.3"  "AC106782.1" 
 [7651] "AC106782.2"  "AC106782.6"  "AC116348.3"  "AC116348.1"  "AC116348.2" 
 [7656] "AC002310.5"  "AC002310.4"  "AC002310.1"  "AC002310.2"  "AC093249.2" 
 [7661] "AC093249.6"  "AC106886.5"  "AC106886.3"  "AC135048.3"  "AC135050.3" 
 [7666] "AC135050.1"  "AC135050.4"  "AC135050.2"  "AC009088.3"  "AC009088.2" 
 [7671] "AC009088.1"  "AC026471.5"  "AC026471.4"  "AC026471.1"  "AC026471.3" 
 [7676] "AC026471.2"  "AC106730.1"  "AC074050.2"  "AC074050.4"  "AC074050.3" 
 [7681] "AC133485.5"  "AC133485.3"  "AC133485.2"  "AC138915.3"  "AC138907.7" 
 [7686] "AC138907.1"  "AC138907.3"  "AC138907.2"  "AC137761.1"  "AC142086.1" 
 [7691] "AC142086.4"  "AC145350.2"  "AC145350.4"  "AC138869.2"  "AC138869.3" 
 [7696] "AC141257.2"  "AC141257.1"  "AC136944.1"  "AC136944.2"  "AC136944.4" 
 [7701] "AC136428.1"  "AC140658.1"  "AC133561.2"  "AC135776.1"  "AC135776.2" 
 [7706] "AC023824.5"  "AC023824.1"  "AC023824.4"  "AC023824.3"  "AC018558.2" 
 [7711] "AC018558.3"  "AC018558.1"  "AC092325.1"  "AC106785.2"  "AC092368.3" 
 [7716] "AC018845.3"  "AC018845.1"  "AC007494.2"  "AC007533.1"  "AC026470.2" 
 [7721] "AC023813.1"  "AC007611.1"  "AC023813.3"  "AC023813.4"  "AC044798.1" 
 [7726] "AC044798.2"  "AC007614.1"  "AC007861.1"  "AC007861.2"  "AC007603.1" 
 [7731] "AC007610.1"  "AC007610.2"  "AC007493.2"  "AC007493.1"  "AC007608.2" 
 [7736] "AC007608.1"  "AC007608.3"  "AC007728.2"  "AC007728.1"  "AC025810.1" 
 [7741] "AC027688.1"  "AC027688.2"  "AC009166.1"  "AC087564.1"  "AC007344.1" 
 [7746] "AC009039.1"  "AC007333.2"  "AC007333.1"  "AC026462.3"  "AC026462.2" 
 [7751] "AC026462.4"  "AC007906.2"  "AC007342.4"  "AC007342.5"  "AC007496.2" 
 [7756] "AC007496.1"  "AC007347.1"  "AC007907.1"  "AC018553.2"  "AC018553.1" 
 [7761] "AC007491.1"  "AC106738.1"  "AC106738.2"  "AC109462.1"  "AC109462.3" 
 [7766] "AC109462.2"  "AC007336.2"  "AC007336.1"  "AC007495.1"  "AC007495.2" 
 [7771] "AC079411.1"  "AC009102.2"  "AC092140.1"  "AC092140.2"  "AC026461.3" 
 [7776] "AC026461.4"  "AC106779.1"  "AC023825.2"  "AC009090.2"  "AC009090.3" 
 [7781] "AC018552.3"  "AC018552.2"  "AC092118.2"  "AC092118.1"  "AC026771.1" 
 [7786] "AC009107.2"  "AC009107.1"  "AC009118.1"  "AC009118.2"  "AC009118.3" 
 [7791] "AC092378.1"  "AC092378.2"  "AC018554.3"  "AC018554.1"  "AC009081.1" 
 [7796] "AC012174.1"  "AC009110.1"  "AC138305.1"  "AC138305.2"  "AC092337.1" 
 [7801] "AC093536.2"  "AC012322.1"  "AC092131.1"  "AC009055.2"  "AC009055.1" 
 [7806] "AC092138.2"  "AC092138.1"  "AC022164.1"  "AC010542.3"  "AC010542.2" 
 [7811] "AC010542.4"  "AC010542.5"  "AC010542.1"  "AC018557.1"  "AC018557.2" 
 [7816] "AC044802.1"  "AC044802.2"  "AC074143.1"  "AC009061.1"  "AC009061.2" 
 [7821] "AC027682.6"  "AC027682.5"  "AC027682.2"  "AC027682.3"  "AC027682.4" 
 [7826] "AC027682.1"  "AC009095.1"  "AC040162.3"  "AC040162.1"  "AC020978.3" 
 [7831] "AC020978.5"  "AC020978.2"  "AC099521.1"  "AC126773.1"  "AC126773.4" 
 [7836] "AC126773.2"  "AC099314.1"  "AC009137.1"  "AC026464.4"  "COG8.1"     
 [7841] "AC026464.3"  "AC026464.1"  "AC092115.2"  "AC092115.3"  "AC009060.1" 
 [7846] "AC012184.2"  "AC012184.1"  "AC020763.1"  "AC027281.1"  "AC138625.2" 
 [7851] "AC138625.1"  "AC106736.1"  "AC010547.4"  "AC010547.1"  "AC010547.3" 
 [7856] "AC009097.2"  "AC009097.1"  "AC009097.4"  "AC009097.3"  "AC009087.1" 
 [7861] "AC009075.1"  "AC004158.1"  "AC004943.2"  "AC004943.3"  "AC004943.1" 
 [7866] "AC116667.1"  "AC116667.2"  "AC140912.1"  "AC092114.1"  "AC087565.2" 
 [7871] "AC087565.1"  "AC138627.1"  "AC009120.4"  "AC009120.5"  "AC009120.3" 
 [7876] "AC009053.2"  "AC009053.3"  "AC099508.1"  "AC099508.2"  "AC009163.4" 
 [7881] "AC009163.7"  "AC009163.1"  "AC009163.6"  "AC009163.2"  "AC025287.2" 
 [7886] "AC025287.3"  "AC025287.4"  "AC105430.1"  "AC099511.1"  "AC010528.1" 
 [7891] "AC104151.1"  "AC108125.1"  "AC106729.1"  "AC009139.2"  "AC009139.1" 
 [7896] "AC025284.1"  "AC092134.1"  "AC079414.1"  "AC046158.1"  "AC009145.3" 
 [7901] "AC092376.2"  "AC092376.1"  "AC084064.1"  "AC009159.2"  "AC009159.3" 
 [7906] "AC009159.1"  "AC092130.1"  "AC022166.1"  "AC105411.1"  "AC022166.2" 
 [7911] "AC108097.1"  "AC099313.1"  "AC092718.2"  "AC092718.8"  "AC092718.3" 
 [7916] "AC092718.5"  "AC092718.6"  "AC092718.1"  "AC009148.1"  "AC092139.1" 
 [7921] "AC099524.1"  "AC092142.2"  "AC092142.1"  "AC138304.1"  "AC009117.3" 
 [7926] "AC009117.2"  "AC125793.1"  "AC009142.1"  "AC009063.3"  "AC009063.2" 
 [7931] "AC009063.1"  "AC009119.1"  "AC009119.2"  "AC009119.3"  "AC040169.1" 
 [7936] "AC009123.1"  "AC010551.3"  "AC010551.2"  "AC010551.1"  "AC022165.1" 
 [7941] "AC092145.1"  "AC026469.1"  "AC133540.1"  "AC092127.2"  "AC092127.1" 
 [7946] "AC018695.2"  "AC018695.4"  "AC018695.3"  "AC092723.5"  "AC092723.4" 
 [7951] "AC092723.1"  "AC092723.3"  "AC135012.1"  "AC135012.2"  "AC135012.3" 
 [7956] "AC040170.1"  "AC092327.2"  "AC009108.3"  "AC009108.2"  "AC009154.1" 
 [7961] "AC009154.2"  "AC106745.1"  "AC136285.1"  "AC136285.2"  "AC010531.1" 
 [7966] "AC010531.6"  "AC010531.7"  "AC010531.5"  "AC010531.3"  "AC092720.1" 
 [7971] "AC092720.2"  "AC010536.3"  "AC010536.1"  "AC126696.3"  "AC126696.1" 
 [7976] "AC126696.2"  "AC134312.4"  "AC134312.3"  "AC134312.1"  "AC134312.2" 
 [7981] "AC134312.5"  "AC134312.6"  "AC138512.1"  "AC116552.1"  "AC138028.3" 
 [7986] "AC138028.6"  "AC138028.4"  "AC138028.2"  "AC138028.5"  "AC138028.1" 
 [7991] "AC092384.2"  "AC092384.1"  "AC135782.2"  "AC135782.1"  "AC135782.3" 
 [7996] "AC009113.1"  "AC009113.2"  "AC137932.3"  "AC137932.1"  "AC092123.1" 
 [8001] "AC010538.1"  "AC092143.1"  "AC092143.2"  "AC133919.1"  "AC133919.2" 
 [8006] "AC240565.2"  "AC240565.1"  "AC129507.4"  "AC129507.2"  "AC129507.3" 
 [8011] "AC141424.1"  "AC015853.2"  "AC015853.3"  "AC015853.1"  "AC087392.3" 
 [8016] "AC087392.4"  "AC087392.5"  "AC087392.2"  "AC087392.1"  "AC016292.1" 
 [8021] "AC144836.1"  "AC032044.1"  "AC130343.2"  "AC130343.1"  "AC099684.2" 
 [8026] "AC099684.1"  "AC090617.3"  "AC090617.5"  "AC090617.4"  "AC090617.2" 
 [8031] "AL450226.1"  "AC006435.3"  "AC006435.2"  "AC006435.1"  "AC005696.2" 
 [8036] "AC005696.3"  "AC005696.1"  "AC005696.4"  "AC015921.1"  "AC090282.1" 
 [8041] "AC087498.1"  "AC027796.3"  "AC027796.4"  "AC116914.2"  "AC116914.1" 
 [8046] "AC087292.1"  "AC087742.1"  "AC127521.1"  "AC118754.1"  "AC118754.2" 
 [8051] "AC091153.2"  "AC091153.3"  "AC091153.4"  "AC233723.1"  "AC004771.4" 
 [8056] "AC004771.2"  "AC004771.5"  "AC004771.3"  "AC004771.1"  "AC012146.3" 
 [8061] "AC087500.1"  "AC087500.2"  "AC015727.1"  "AC004148.2"  "AC004148.1" 
 [8066] "AC007846.1"  "AC007846.2"  "AC004706.1"  "AC027763.2"  "AC040977.2" 
 [8071] "AC040977.1"  "AC120057.2"  "AC003688.1"  "AC003688.2"  "AC026954.2" 
 [8076] "AC026954.3"  "AC113189.1"  "AC113189.3"  "AC016876.3"  "AC016876.1" 
 [8081] "AC104581.2"  "AC129492.2"  "AC129492.1"  "AC129492.3"  "AC129492.4" 
 [8086] "AC135178.5"  "AC135178.1"  "AC135178.4"  "AC135178.3"  "AC135178.2" 
 [8091] "AC002091.2"  "AC002091.1"  "AC005695.1"  "AC005695.3"  "AC005695.2" 
 [8096] "AC087501.1"  "AC087501.2"  "AC087501.3"  "AC118755.2"  "AC118755.1" 
 [8101] "AC027045.2"  "AC027045.3"  "AC005291.2"  "AC005291.1"  "AC005323.2" 
 [8106] "AC005323.1"  "AC002347.1"  "AC002347.2"  "AC015908.3"  "AC015908.4" 
 [8111] "AC015908.2"  "AC005725.1"  "AC005209.1"  "AC005410.2"  "AC005244.2" 
 [8116] "AC005358.1"  "AC005358.2"  "AC005277.2"  "AC005277.1"  "AC005303.1" 
 [8121] "AC005304.2"  "AC005304.1"  "AC005304.3"  "AC005224.1"  "AC005224.2" 
 [8126] "AC005224.4"  "AC005224.3"  "AC022816.1"  "AC013248.1"  "AC005863.1" 
 [8131] "AC005772.1"  "AC005703.3"  "AC005703.1"  "AC005703.2"  "AC005703.4" 
 [8136] "AC005838.2"  "AC005324.3"  "AC005324.5"  "AC005324.4"  "AC005324.1" 
 [8141] "AC005324.2"  "AC015922.3"  "AC015922.4"  "AC002553.2"  "AC002553.1" 
 [8146] "AC093484.3"  "AC093484.2"  "AC093484.4"  "AC098850.2"  "AC098850.3" 
 [8151] "AC098850.1"  "AC022596.1"  "AC022596.2"  "AC104024.1"  "AC104024.2" 
 [8156] "AC055811.1"  "AC055811.2"  "AC055811.3"  "AC020558.2"  "AC020558.1" 
 [8161] "AC122129.1"  "AC087164.1"  "AC127537.1"  "AL353997.2"  "AC107982.3" 
 [8166] "AC107982.2"  "AC090286.1"  "AC007952.3"  "AC007952.7"  "AC007952.4" 
 [8171] "AC007952.6"  "AC007952.1"  "AC007952.5"  "AC007952.8"  "AC106017.1" 
 [8176] "AC106017.2"  "AC124066.1"  "AC004448.3"  "AC004448.2"  "AC004448.1" 
 [8181] "AC025627.1"  "AC115989.2"  "AC005722.2"  "AC005722.3"  "AC015726.2" 
 [8186] "AC015726.1"  "AC005730.2"  "AC004702.1"  "LINC01984"   "AC015818.8" 
 [8191] "AC015818.2"  "AC015818.9"  "AC015818.4"  "AC126365.1"  "AC090774.3" 
 [8196] "AC107926.1"  "AC087393.2"  "AC087294.1"  "AC068418.2"  "AC068418.1" 
 [8201] "AC233702.5"  "AC233702.7"  "AC138761.3"  "AC209154.2"  "AC132825.3" 
 [8206] "AC132825.2"  "AC131274.1"  "AC131274.4"  "AC069061.2"  "AC129926.1" 
 [8211] "AC026254.2"  "AC015688.4"  "AC015688.6"  "AC005697.1"  "AC005697.2" 
 [8216] "AC061975.7"  "AC061975.6"  "AC061975.4"  "AC061975.1"  "AC002094.2" 
 [8221] "AC002094.3"  "AC015917.2"  "AC005726.1"  "AC005726.4"  "AC005726.5" 
 [8226] "AC005726.2"  "AC010761.3"  "AC010761.1"  "AC010761.6"  "AC010761.2" 
 [8231] "AC010761.4"  "AC010761.5"  "AC024267.1"  "AC024267.3"  "AC024267.6" 
 [8236] "AC024267.4"  "AC024267.5"  "AC024619.2"  "AC024619.3"  "AC068025.2" 
 [8241] "AC068025.1"  "AC104564.4"  "AC104564.1"  "AC023389.1"  "AC104982.1" 
 [8246] "AC104996.1"  "AC104984.2"  "AC104984.3"  "AC104984.6"  "AC104984.1" 
 [8251] "AC104984.4"  "AC011840.3"  "AC011840.5"  "AC011840.2"  "AC127024.3" 
 [8256] "AC127024.2"  "AC127024.5"  "AC127024.6"  "AC130324.2"  "AC130324.1" 
 [8261] "AC130324.3"  "AC138207.1"  "AC138207.5"  "AC138207.7"  "AC138207.2" 
 [8266] "AC134669.1"  "AC003101.2"  "AC003101.1"  "AC007923.4"  "AC007923.1" 
 [8271] "AC004253.2"  "AC004253.1"  "AC116407.2"  "AC116407.1"  "AC026620.1" 
 [8276] "AC005899.3"  "AC005899.6"  "AC005899.7"  "AC005899.5"  "AC005899.8" 
 [8281] "AC005899.1"  "AC079336.5"  "AC079336.4"  "AC025211.1"  "AC084809.1" 
 [8286] "AC084809.2"  "AC008133.1"  "AC011824.4"  "AC011824.2"  "AC011824.1" 
 [8291] "AC024614.1"  "AC024614.2"  "AC024614.4"  "AC024610.2"  "AC024610.1" 
 [8296] "AC004147.3"  "AC004147.2"  "AC005549.1"  "AC011193.1"  "AC005552.1" 
 [8301] "AC022903.1"  "AC004223.3"  "AC004223.4"  "AC004223.2"  "AC022916.4" 
 [8306] "AC022916.1"  "AC022706.1"  "AC060766.6"  "AC060766.4"  "AC015911.5" 
 [8311] "AC015911.2"  "AC015911.6"  "AC015911.9"  "AC015849.2"  "AC015849.3" 
 [8316] "AC015849.1"  "AC015849.5"  "AC244100.2"  "AC244100.3"  "AC244100.4" 
 [8321] "AC243829.4"  "AC243829.2"  "AC243829.1"  "AC243829.5"  "AC243830.2" 
 [8326] "AC243830.3"  "AC243830.1"  "AC243773.1"  "AC244093.5"  "AC243654.1" 
 [8331] "AC243585.2"  "AC243571.2"  "AC243585.1"  "AC243571.1"  "AC006449.1" 
 [8336] "AC006449.6"  "AC006449.2"  "AC006449.3"  "AC006449.5"  "AC006441.1" 
 [8341] "AC006441.3"  "AC006441.4"  "AC004408.1"  "AC005288.1"  "AC009283.1" 
 [8346] "AC087491.1"  "AC090844.2"  "AC090844.3"  "AC080112.1"  "AC004585.1" 
 [8351] "AC073508.2"  "AC073508.3"  "AC090283.1"  "AC004231.3"  "AC004231.1" 
 [8356] "AC003958.2"  "AC019349.1"  "AC125257.2"  "AC099811.2"  "AC099811.3" 
 [8361] "AC099811.4"  "AC067852.2"  "AC100793.2"  "AC100793.3"  "AC100793.4" 
 [8366] "AC060780.1"  "AC068675.1"  "AC004149.1"  "AC003098.1"  "AC007993.3" 
 [8371] "AC007993.2"  "AC023855.1"  "AC004596.1"  "AC003102.1"  "AC003043.2" 
 [8376] "AC003043.1"  "AC091152.2"  "AC005180.2"  "AC005180.1"  "AC015936.1" 
 [8381] "AC015936.2"  "AC142472.1"  "AC138150.1"  "AC138150.2"  "AC008105.3" 
 [8386] "AC008105.1"  "AC003070.2"  "AC003070.1"  "AC091132.2"  "AC091132.1" 
 [8391] "AC091132.5"  "AC217774.1"  "AC217774.2"  "CR936218.2"  "CR936218.1" 
 [8396] "AC005670.1"  "AC005670.2"  "AC002558.2"  "AC068234.1"  "AC068234.3" 
 [8401] "AC068234.2"  "AC040934.1"  "AC025682.1"  "AC015674.1"  "AC018521.3" 
 [8406] "AC018521.7"  "AC018521.6"  "AC018521.2"  "AC018521.4"  "AC004477.2" 
 [8411] "AC004477.3"  "AC090627.1"  "AC036222.1"  "AC103702.2"  "AC091179.1" 
 [8416] "AC091133.1"  "AC091133.2"  "AC091133.3"  "AC091180.2"  "AC091180.5" 
 [8421] "AC091180.4"  "AC091180.3"  "AC006487.1"  "AC006487.2"  "AC015795.1" 
 [8426] "AC027801.4"  "AC027801.1"  "AC027801.3"  "AC009720.2"  "AC009720.1" 
 [8431] "AC002401.4"  "AC002401.3"  "AC002401.2"  "AC002401.1"  "AC015909.2" 
 [8436] "AC015909.3"  "AC015909.1"  "AC015909.4"  "AC004707.1"  "AC021491.4" 
 [8441] "AC021491.1"  "AC021491.3"  "AC004590.1"  "AC005921.2"  "AC091062.1" 
 [8446] "AC005920.4"  "AC005920.1"  "AC005920.3"  "AC005920.2"  "AC005823.2" 
 [8451] "AC005823.1"  "AC007485.1"  "AC007638.2"  "AC007638.1"  "AC090618.1" 
 [8456] "AC015912.1"  "AC015912.3"  "AC004584.1"  "AC007114.1"  "AC007114.2" 
 [8461] "AC007431.2"  "AC007431.1"  "AC015845.2"  "AC015845.1"  "AC015813.4" 
 [8466] "AC015813.2"  "AC015813.1"  "AC015813.3"  "AC005962.1"  "AC004687.1" 
 [8471] "AC011195.2"  "AC025521.1"  "AC099850.1"  "AC099850.2"  "AC099850.3" 
 [8476] "AC091059.1"  "AC091271.1"  "AC005702.1"  "AC025048.4"  "AC025048.1" 
 [8481] "AC011921.1"  "AC005884.1"  "AC005884.2"  "AC005856.1"  "AC005746.3" 
 [8486] "AC005746.2"  "AC005901.1"  "AC080038.2"  "AC080038.1"  "AC005821.1" 
 [8491] "AC068512.1"  "AC005972.4"  "AC005972.1"  "AC006270.1"  "AC015923.1" 
 [8496] "AC005828.2"  "AC005828.1"  "AC005828.3"  "AC005828.4"  "AC005828.5" 
 [8501] "AC113554.1"  "AC046185.1"  "AC127029.2"  "AC103810.2"  "AC103810.5" 
 [8506] "AC037487.1"  "AC037487.2"  "AC004805.1"  "AC005544.1"  "AC005544.2" 
 [8511] "AC007448.2"  "AC007448.3"  "AC134407.1"  "AC145343.1"  "AC005332.7" 
 [8516] "AC005332.4"  "AC005332.6"  "AC005332.8"  "AC005332.3"  "AC005332.5" 
 [8521] "AC005332.1"  "AC079210.1"  "AC011591.1"  "AC002546.1"  "AC005208.1" 
 [8526] "AC011990.1"  "AC007423.1"  "AC118653.1"  "AC005144.1"  "AC007639.1" 
 [8531] "AC080037.1"  "AC011120.1"  "AC097641.2"  "AC124804.1"  "AC032019.1" 
 [8536] "AC032019.2"  "AC125421.1"  "AC125421.2"  "AC137735.1"  "AC100786.1" 
 [8541] "AC100786.2"  "AC103809.1"  "AC064805.1"  "AC064805.2"  "AC016888.1" 
 [8546] "AC022211.2"  "AC011933.4"  "AC011933.3"  "AC087749.2"  "AC087749.1" 
 [8551] "AC087289.1"  "AC087289.5"  "AC087289.2"  "AC087289.3"  "AC087289.4" 
 [8556] "AC015802.4"  "AC015802.6"  "AC015802.1"  "AC005837.1"  "AC005837.3" 
 [8561] "AC005837.2"  "AC016168.1"  "AC068594.1"  "AC068594.2"  "AC111182.1" 
 [8566] "AC111170.1"  "AC021683.3"  "AC021683.2"  "AC021683.1"  "AC087645.4" 
 [8571] "AC087645.2"  "AC061992.1"  "AC022966.1"  "AC100788.1"  "AC021534.1" 
 [8576] "AC100791.2"  "AC100791.1"  "AC100791.3"  "AC116025.1"  "AC087741.2" 
 [8581] "AC087741.1"  "AC124319.3"  "AC124319.2"  "AC120024.1"  "AC016245.1" 
 [8586] "AC127496.3"  "AC127496.4"  "AC127496.1"  "AC127496.6"  "AC127496.5" 
 [8591] "AC127496.2"  "AC115099.1"  "AC027601.2"  "AC027601.1"  "AC027601.4" 
 [8596] "AC027601.3"  "AC110285.6"  "AC110285.3"  "AC110285.1"  "AC110285.5" 
 [8601] "AC110285.2"  "AC110285.4"  "AC139149.1"  "AC139530.3"  "AC139530.1" 
 [8606] "AC139530.2"  "AC145207.3"  "AC145207.2"  "AC145207.5"  "AC145207.6" 
 [8611] "AC145207.8"  "AC145207.4"  "AC145207.1"  "AC145207.7"  "AC137723.1" 
 [8616] "AC129510.1"  "AC129510.2"  "AC132872.2"  "AC132872.3"  "AC132872.1" 
 [8621] "AC132938.1"  "AC132938.3"  "AC124283.2"  "AC124283.1"  "AC024361.2" 
 [8626] "AC024361.3"  "AC068014.1"  "AC087222.1"  "AC130371.1"  "AC130371.2" 
 [8631] "AC144831.1"  "AC139099.2"  "AC139099.3"  "AC139099.1"  "AP005530.1" 
 [8636] "AP001005.3"  "AP000845.1"  "AP000915.1"  "AP001178.3"  "AP001178.2" 
 [8641] "AP001020.3"  "AP001020.1"  "AP000894.4"  "AP000894.3"  "AP005328.2" 
 [8646] "AP005328.1"  "AC008109.1"  "AC019183.1"  "AP005057.1"  "AP005230.1" 
 [8651] "AP001011.1"  "AP000919.4"  "AP000919.2"  "AP000919.3"  "AP005329.2" 
 [8656] "AP005329.3"  "AP005329.1"  "AP001025.1"  "AP002478.1"  "AP005203.1" 
 [8661] "AP005380.1"  "AP001496.2"  "AP001496.1"  "AP005671.1"  "AP005059.2" 
 [8666] "AP005059.1"  "AP005433.1"  "AP001021.1"  "AP001021.2"  "AP005202.2" 
 [8671] "AP005205.1"  "AP005205.2"  "AP005210.1"  "AP002409.1"  "AP005062.1" 
 [8676] "AP000897.2"  "AP001094.3"  "AP001094.1"  "AP001793.2"  "AP005899.1" 
 [8681] "AP001033.1"  "AP005432.2"  "AP001381.1"  "AC006238.1"  "AP005271.1" 
 [8686] "AP005209.1"  "AP006219.1"  "AP001099.1"  "AP001180.2"  "AP001180.1" 
 [8691] "AP001180.4"  "AP005120.1"  "AP005229.1"  "AP005229.2"  "AP001109.1" 
 [8696] "AP001120.2"  "AP001120.1"  "AP005137.1"  "AP005137.2"  "AP001269.4" 
 [8701] "AP001269.2"  "AP001269.1"  "AP001542.3"  "AP002414.5"  "AP005264.4" 
 [8706] "AP005264.3"  "AP005264.1"  "AP001029.1"  "AP001029.2"  "AP005482.2" 
 [8711] "AP005482.1"  "AP002449.1"  "AP001198.2"  "AP001198.1"  "AP002505.1" 
 [8716] "AP002439.1"  "AP005131.5"  "AP005131.2"  "AP005131.1"  "AP005131.3" 
 [8721] "AP001010.1"  "AC006557.1"  "AC006557.3"  "AP006565.1"  "AP005121.1" 
 [8726] "AP005121.2"  "AP005242.3"  "AP005242.1"  "AP005901.2"  "AC022809.1" 
 [8731] "AC015878.1"  "AC106037.2"  "AC103987.2"  "AC091043.1"  "AC091588.1" 
 [8736] "AC091588.3"  "AC091588.2"  "AC027449.1"  "AC090912.1"  "AC090912.2" 
 [8741] "AC011731.1"  "AC010754.1"  "AC090772.2"  "AC090772.1"  "AC090772.3" 
 [8746] "AC023983.1"  "AC023983.2"  "AC007922.1"  "AC007922.3"  "AC022884.1" 
 [8751] "AC018697.1"  "AC104961.1"  "AC110603.1"  "AC012588.1"  "AC018371.1" 
 [8756] "AC090403.1"  "AC021382.1"  "AC068408.1"  "AC110015.1"  "AC023932.1" 
 [8761] "AC074237.1"  "AC117569.1"  "AC090506.1"  "AC016382.1"  "AC012417.1" 
 [8766] "AC021549.1"  "AC017100.1"  "AC022960.1"  "AC009831.1"  "AC011825.4" 
 [8771] "AC011825.2"  "AC015563.2"  "AC021224.1"  "AC025887.2"  "AC025887.1" 
 [8776] "AC012123.1"  "AC090371.2"  "AC090371.1"  "AC091198.1"  "AC104985.1" 
 [8781] "AC104985.2"  "AC022601.1"  "AC068506.1"  "AC015967.1"  "AC011815.2" 
 [8786] "AC011815.1"  "AC116447.1"  "AC007998.4"  "AC007998.3"  "AC007998.2" 
 [8791] "AC090229.1"  "AC118757.1"  "AC023043.1"  "AC016493.1"  "AC015961.1" 
 [8796] "AC015961.2"  "AC090386.1"  "AC100781.1"  "AC016205.1"  "AC011139.1" 
 [8801] "AC021504.1"  "AC120049.1"  "AC090376.1"  "AC023421.2"  "AC090241.3" 
 [8806] "ELOA3B"      "ELOA3"       "AC012254.1"  "AC012254.3"  "AC012254.2" 
 [8811] "AC102797.1"  "AC120349.1"  "AC048380.1"  "AC093567.1"  "AC114684.1" 
 [8816] "AC016866.1"  "AC016866.2"  "AC044840.1"  "AC100778.3"  "AC091170.1" 
 [8821] "AC090227.2"  "AC090227.1"  "AC105227.1"  "AC091551.1"  "AC016383.1" 
 [8826] "AC103949.1"  "AC093462.1"  "AC007673.1"  "AC098848.1"  "AC022031.2" 
 [8831] "AC022031.1"  "AC009271.1"  "AC006305.1"  "AC006305.2"  "AC006305.3" 
 [8836] "AC012301.1"  "AC100775.1"  "AC090340.1"  "AC100847.1"  "AC027097.1" 
 [8841] "AC027097.2"  "AC107896.1"  "AC090236.1"  "AC105105.2"  "AC105105.4" 
 [8846] "AC105105.1"  "AC104971.2"  "AC104971.3"  "AC104365.1"  "AC104365.3" 
 [8851] "AC104365.2"  "AC040963.1"  "AC016229.2"  "AC016229.1"  "AC090213.1" 
 [8856] "AC010776.1"  "AC010776.2"  "AC010776.3"  "AC090377.1"  "AC090771.2" 
 [8861] "AC090621.1"  "AC113137.1"  "AC090409.2"  "AC090409.1"  "AC105094.2" 
 [8866] "AC105094.1"  "AC027514.2"  "AC100843.1"  "AC064801.1"  "AC022726.2" 
 [8871] "AC036176.1"  "AC009802.1"  "AC100848.1"  "AC007948.1"  "AC007631.1" 
 [8876] "AC090358.1"  "AC023394.1"  "AC110597.1"  "AC110597.3"  "AC114689.3" 
 [8881] "AC022655.1"  "AC100844.1"  "AC068112.1"  "AC005909.1"  "AC022035.1" 
 [8886] "AC096708.2"  "AC090337.1"  "AC026585.1"  "AC119868.2"  "AC068254.1" 
 [8891] "AC090415.2"  "AC091691.2"  "AC027458.1"  "AC069114.1"  "AC091138.1" 
 [8896] "AC079070.1"  "AC090125.1"  "AC090398.1"  "AC009704.1"  "AC015819.2" 
 [8901] "AC015819.1"  "AC116003.3"  "AC116003.1"  "AC116003.2"  "AC021506.1" 
 [8906] "AC090457.1"  "AC103808.6"  "AC103808.2"  "AC103808.4"  "AC103808.3" 
 [8911] "AC103808.1"  "AC103808.5"  "AC009716.1"  "AC018413.1"  "AC027575.2" 
 [8916] "AC093330.1"  "AC018529.1"  "AC018529.2"  "AC100863.1"  "AC124254.1" 
 [8921] "AC123786.1"  "AC134978.1"  "AC107892.1"  "AC087399.1"  "AC012572.1" 
 [8926] "AC044873.1"  "AC091027.2"  "AC091027.1"  "AC104423.1"  "AC023090.1" 
 [8931] "AC018445.1"  "AC068473.4"  "AC068473.1"  "AC068473.5"  "AC068473.2" 
 [8936] "AC021594.1"  "AC021594.2"  "AC114341.1"  "AC090360.1"  "AC139100.1" 
 [8941] "AL034548.1"  "AL121758.1"  "AL031665.2"  "AL136531.2"  "AL136531.1" 
 [8946] "AL049634.2"  "AL121760.1"  "AL117335.1"  "AL121899.1"  "AL049650.1" 
 [8951] "AL049712.1"  "AL035460.1"  "AL109976.1"  "AL353194.1"  "AL031670.1" 
 [8956] "AL356414.1"  "AL139350.1"  "AL121781.1"  "AL133396.2"  "AL121890.3" 
 [8961] "AL121890.2"  "AL121890.5"  "AL121890.4"  "AL121757.2"  "AL121757.1" 
 [8966] "AL109935.2"  "AL109935.1"  "AL035461.2"  "AL118505.1"  "AL096799.1" 
 [8971] "AL080248.1"  "AL021396.1"  "AL353612.1"  "AL354824.1"  "AL354824.2" 
 [8976] "AL034430.1"  "AL050403.2"  "AL135937.1"  "AL050403.1"  "AL158042.1" 
 [8981] "AL049649.1"  "AL109837.2"  "AL161938.1"  "AL035448.1"  "AL109838.1" 
 [8986] "AL136460.1"  "AL078623.1"  "AL050320.1"  "AL121782.1"  "AL138808.1" 
 [8991] "AL121584.1"  "AL049794.1"  "AL049794.2"  "AL121892.1"  "AL035045.1" 
 [8996] "AL160411.1"  "AL049646.2"  "AL049646.1"  "AL121900.2"  "AL121900.1" 
 [9001] "AL035563.1"  "AL135936.1"  "AL136090.1"  "AL049647.1"  "AL121761.2" 
 [9006] "AL121761.1"  "AL132821.1"  "AL035454.1"  "AL049648.1"  "AL121721.1" 
 [9011] "AL133465.1"  "AL121759.2"  "AL121759.1"  "AL117332.1"  "AL158013.1" 
 [9016] "AL133325.3"  "AL133325.2"  "AL109807.1"  "AL035258.1"  "AL133464.1" 
 [9021] "AL121722.1"  "AL158175.1"  "AL049651.1"  "AL118508.2"  "AL118508.1" 
 [9026] "AL390037.1"  "AL096677.1"  "AL109954.2"  "AL109954.1"  "AL109954.3" 
 [9031] "AL121894.2"  "AL121894.1"  "AL591074.1"  "AL110503.1"  "AL158090.1" 
 [9036] "AL157413.1"  "AL049594.1"  "AL035661.1"  "AL080312.2"  "AL035252.2" 
 [9041] "AL035252.3"  "AL121772.1"  "AL121772.2"  "AL121772.3"  "AL031673.1" 
 [9046] "AL390198.1"  "AL078587.1"  "AL391119.1"  "AL121904.1"  "AL110115.2" 
 [9051] "AL117381.1"  "AL031658.1"  "AL121583.1"  "AL034550.1"  "AL034550.2" 
 [9056] "AL133343.2"  "AL133343.1"  "FO393400.1"  "AL035071.2"  "AL035071.1" 
 [9061] "AL121901.1"  "AL121906.2"  "AL121906.1"  "AL050349.1"  "AL034549.1" 
 [9066] "AL031668.1"  "AL356652.1"  "AL121753.1"  "FO393401.1"  "AL109827.1" 
 [9071] "AL035420.3"  "AL035420.1"  "AL035420.2"  "AL121895.1"  "AL121895.2" 
 [9076] "AL136172.1"  "AL162293.1"  "AL031651.1"  "AL359555.3"  "AL359555.4" 
 [9081] "AL359555.2"  "AL359555.1"  "AL391095.2"  "AL391095.1"  "AL391095.3" 
 [9086] "AL023803.2"  "AL023803.1"  "AL118523.1"  "AL133419.1"  "AL009050.1" 
 [9091] "AL035665.1"  "AL049812.2"  "AL049812.3"  "AL031656.1"  "AL031676.1" 
 [9096] "AL021395.1"  "Z98752.3"    "Z98752.1"    "Z98752.4"    "AL117382.1" 
 [9101] "AL117382.2"  "AL139352.1"  "AL031663.3"  "AL031663.2"  "AL008726.1" 
 [9106] "AL031687.1"  "AL133227.1"  "AL031055.1"  "AL354766.2"  "AL031666.2" 
 [9111] "AL031666.1"  "AL354813.1"  "AL357558.2"  "AL357558.1"  "AL139351.1" 
 [9116] "AL137078.1"  "AL137078.2"  "AL049541.1"  "AL049541.2"  "AL133342.1" 
 [9121] "AL161937.2"  "AL161937.1"  "AL133230.1"  "AL353653.1"  "AL050404.1" 
 [9126] "AL109610.1"  "AL049765.1"  "AL031674.1"  "AL121902.1"  "AL391097.1" 
 [9131] "AL391097.2"  "AL109930.1"  "AL354993.1"  "AL354993.2"  "AL157838.1" 
 [9136] "AC005808.1"  "AC006076.1"  "AC005220.1"  "AL160413.1"  "AL139824.1" 
 [9141] "AL133232.1"  "AL157414.2"  "AL157414.1"  "AL122058.1"  "AL109955.1" 
 [9146] "AL035541.1"  "AL354984.1"  "AL354984.2"  "AL050327.1"  "AL132655.3" 
 [9151] "AL132655.2"  "AL132655.1"  "AL121917.1"  "AL121917.2"  "AL035250.1" 
 [9156] "AL035250.2"  "AL389889.1"  "AL121908.1"  "AL132822.1"  "AL117372.1" 
 [9161] "AL139348.1"  "AL121910.1"  "BX640515.1"  "AL160412.1"  "AL162457.1" 
 [9166] "AL162457.2"  "AL137077.2"  "AL354836.1"  "AL121832.2"  "AL121832.1" 
 [9171] "AL499627.2"  "AL499627.1"  "BX640514.1"  "BX640514.2"  "AL450469.2" 
 [9176] "AL450469.1"  "AL357033.1"  "AL357033.4"  "AL357033.3"  "AL357033.2" 
 [9181] "AL117379.1"  "AL096828.2"  "AL096828.1"  "AL096828.3"  "AL121827.2" 
 [9186] "AL121827.1"  "AL353658.2"  "AL353658.1"  "AL121829.1"  "AL121829.2" 
 [9191] "AL121845.3"  "AL121845.4"  "AL121845.2"  "AL121845.1"  "AL118506.1" 
 [9196] "AL355803.1"  "AC008993.4"  "AC092192.1"  "AC016588.2"  "AC016588.1" 
 [9201] "AC010641.1"  "AC005775.1"  "AC009005.1"  "AC004449.1"  "AC004156.1" 
 [9206] "AC006273.1"  "AC005379.1"  "AC004528.1"  "AC004528.2"  "AC004221.1" 
 [9211] "AC005330.1"  "MUM1"        "AC005329.2"  "AC005329.3"  "AC005329.1" 
 [9216] "AC027307.3"  "AC027307.2"  "AC027307.1"  "AC005943.1"  "AC005256.1" 
 [9221] "AC012615.2"  "AC012615.3"  "AC012615.4"  "AC012615.1"  "AC012615.5" 
 [9226] "AC004490.1"  "AC005258.1"  "AC092068.1"  "AC006538.2"  "AC006130.1" 
 [9231] "AC119403.1"  "AC005944.1"  "AC005262.2"  "KF456478.1"  "AC005264.1" 
 [9236] "AC010649.1"  "AC005551.1"  "AC005786.3"  "AC005786.2"  "AC004637.1" 
 [9241] "AC005954.2"  "AC104521.1"  "AC007292.3"  "AC007292.2"  "AC007292.1" 
 [9246] "AC011498.3"  "AC011498.2"  "AC011498.6"  "AC011498.1"  "AC011498.4" 
 [9251] "AC005339.1"  "AC005523.1"  "AC005523.2"  "AC027319.1"  "AC022517.1" 
 [9256] "AC005790.1"  "AC011499.1"  "AC024592.2"  "AC024592.3"  "AC024592.1" 
 [9261] "AC104532.1"  "AC104532.2"  "AC011444.1"  "AC011444.2"  "AC011444.3" 
 [9266] "AC011471.2"  "AC011491.3"  "AC010503.4"  "AC010503.1"  "AC010503.2" 
 [9271] "AC008760.1"  "AC025278.1"  "AC119396.1"  "AC008878.3"  "AC119396.2" 
 [9276] "AC008878.1"  "AC008878.4"  "AC008878.2"  "AC008763.2"  "AC008763.1" 
 [9281] "AC008763.3"  "AC010336.3"  "AC010336.1"  "AC010336.4"  "AC010336.2" 
 [9286] "AC010336.6"  "AC008946.1"  "AC022146.2"  "AC010323.1"  "AC136469.1" 
 [9291] "AC092316.1"  "AC130469.1"  "AC008734.1"  "AC011451.1"  "AC008567.2" 
 [9296] "AC008759.3"  "AC008759.2"  "AC008752.1"  "AC008752.2"  "AC008742.1" 
 [9301] "AC020931.1"  "AC011511.2"  "AC011511.3"  "AC011511.5"  "AC011511.1" 
 [9306] "AC011511.4"  "AC114271.1"  "AC011442.1"  "AC011472.1"  "AC011472.4" 
 [9311] "AC024575.1"  "AC008481.3"  "AC008543.1"  "AC008543.5"  "AC008543.4" 
 [9316] "AC008770.2"  "AC008770.1"  "AC008758.4"  "AC008758.5"  "AC008758.6" 
 [9321] "AC008758.2"  "AC008758.1"  "AC010422.6"  "AC010422.1"  "AC010422.3" 
 [9326] "AC010422.5"  "AC010422.2"  "AC018761.4"  "AC018761.1"  "AC018761.3" 
 [9331] "AC018761.2"  "AC020934.1"  "AC020934.2"  "AC092069.1"  "AC138474.1" 
 [9336] "AC007787.1"  "AC005546.1"  "AC011446.1"  "AC011446.2"  "AC008686.1" 
 [9341] "AC020916.2"  "AC020916.1"  "AC022098.4"  "AC022098.2"  "AC022098.3" 
 [9346] "AC022098.1"  "AC011509.2"  "AC011509.1"  "AC008569.1"  "AC003956.1" 
 [9351] "AC004257.1"  "AC005776.2"  "AC093072.1"  "AC004597.1"  "AC008894.1" 
 [9356] "AC008894.2"  "AC020911.1"  "AC020911.2"  "AC020917.3"  "AC020917.2" 
 [9361] "AC008764.1"  "AC008764.6"  "AC008764.3"  "AC008764.5"  "AC008764.8" 
 [9366] "AC008764.4"  "AC008764.2"  "AC024075.3"  "AC020908.2"  "AC020908.1" 
 [9371] "AC020908.3"  "AC020913.1"  "AC020913.3"  "AC020913.2"  "AC010646.1" 
 [9376] "AC010463.1"  "AC010463.2"  "AC010319.4"  "AC010319.3"  "AC010319.2" 
 [9381] "AC010319.5"  "AC010618.3"  "AC010618.2"  "AC008761.2"  "AC008761.1" 
 [9386] "AC007192.2"  "AC007192.1"  "AC005759.1"  "AC008397.2"  "AC008397.1" 
 [9391] "AC010335.1"  "AC005387.1"  "AC005387.2"  "AC005253.1"  "AC005253.2" 
 [9396] "AC005197.1"  "AC002985.1"  "AC092067.1"  "AC011448.1"  "AC002306.1" 
 [9401] "AC011477.4"  "AC011477.3"  "AC011447.3"  "AC008554.1"  "AC010636.2" 
 [9406] "AC010636.1"  "AC010329.1"  "AC008739.1"  "AC010615.4"  "AC123912.1" 
 [9411] "AC123912.4"  "AC123912.2"  "AC092364.1"  "AC003973.2"  "AC003973.1" 
 [9416] "AC073539.1"  "AC073539.3"  "AC011516.1"  "AC025811.1"  "AC024563.1" 
 [9421] "AC022145.1"  "AC074135.2"  "AC074135.1"  "AC092329.3"  "AC092329.1" 
 [9426] "AC010300.1"  "AC139769.2"  "AC011503.1"  "AC092279.1"  "AC073534.2" 
 [9431] "AC006504.1"  "AC006504.5"  "AC006504.2"  "AC010511.1"  "AC020905.1" 
 [9436] "AC005580.1"  "AC093074.1"  "AC005307.1"  "AC005381.1"  "AC005394.1" 
 [9441] "AC005616.1"  "AC079466.2"  "AC079466.1"  "AC007795.1"  "AC008991.1" 
 [9446] "AC008991.2"  "AC011524.1"  "AC011524.2"  "AC007786.1"  "AC007786.2" 
 [9451] "AC007786.3"  "AC011474.3"  "AC011474.2"  "AC008507.2"  "AC005597.1" 
 [9456] "AC011478.1"  "AC011507.1"  "AC020897.1"  "AC020912.1"  "AC025809.1" 
 [9461] "AC008992.1"  "AC008794.2"  "AC008794.1"  "AC011525.1"  "AC011525.2" 
 [9466] "AC011456.1"  "AC011518.1"  "AC007773.1"  "AC008474.1"  "AC008736.1" 
 [9471] "AC008736.2"  "AC008805.2"  "AC008738.4"  "AC008738.6"  "AC008738.3" 
 [9476] "AC008738.5"  "AC008738.2"  "AC010485.1"  "AC008556.1"  "AC010504.1" 
 [9481] "AC092073.1"  "AC008747.1"  "AC020910.4"  "AC008555.1"  "AC008555.2" 
 [9486] "AC008555.5"  "AC008555.3"  "AC008555.6"  "AC020907.3"  "AC020907.4" 
 [9491] "AC020907.1"  "AC002128.2"  "AC002511.2"  "AC002511.1"  "AD000090.1" 
 [9496] "AC002115.1"  "AD000671.2"  "AD000671.1"  "AD000671.3"  "AC002398.2" 
 [9501] "AC002398.1"  "AF038458.3"  "AF038458.2"  "AC002116.2"  "AD001527.1" 
 [9506] "AC012617.1"  "AC092296.1"  "AC092296.3"  "AC092295.2"  "AC092295.1" 
 [9511] "AC074138.1"  "AC020928.2"  "AC020928.3"  "AC020928.1"  "AC010632.1" 
 [9516] "AC012309.1"  "AC012309.2"  "AC016590.1"  "AC016590.3"  "AC022148.2" 
 [9521] "AC022148.1"  "AC093227.2"  "AC093227.1"  "AC011465.1"  "AC011479.1" 
 [9526] "AC005625.1"  "AC005789.1"  "AC067969.2"  "AC067969.1"  "AC008649.1" 
 [9531] "AC008649.2"  "AC022144.1"  "AC008982.1"  "AC104534.1"  "AC011455.1" 
 [9536] "AC011455.2"  "AC010605.1"  "AC011443.1"  "AC011445.2"  "AC011500.3" 
 [9541] "AC005515.2"  "AC005393.1"  "AC005614.1"  "AC010271.2"  "AC010271.1" 
 [9546] "AC008537.4"  "AC008537.1"  "AC008537.2"  "AC011510.1"  "AC011462.1" 
 [9551] "AC011462.2"  "AC243960.3"  "AC243960.1"  "AC243967.1"  "AC243967.2" 
 [9556] "AC243967.3"  "AC010616.1"  "AC010616.2"  "AC010247.2"  "AC006486.1" 
 [9561] "AC004784.1"  "AC005392.1"  "AC005392.2"  "AC005392.3"  "L34079.2"   
 [9566] "L34079.1"    "L34079.3"    "AC115522.1"  "AC006213.2"  "AC006213.3" 
 [9571] "AC006213.1"  "AC067968.2"  "AC067968.1"  "AC021092.1"  "AC245748.1" 
 [9576] "AC245748.3"  "AC243964.2"  "AC092306.1"  "AC011481.2"  "AC011481.1" 
 [9581] "AC005757.1"  "AC005779.2"  "AC005779.1"  "AC011530.1"  "AC092301.1" 
 [9586] "AC007785.3"  "AC007785.1"  "AC006262.2"  "AC006262.3"  "AC007193.2" 
 [9591] "AC007193.1"  "AC007193.3"  "AC011484.1"  "AC093503.2"  "AC008635.1" 
 [9596] "AC008622.2"  "AC010519.1"  "AC010331.1"  "AC011466.3"  "AC011466.2" 
 [9601] "AC011466.1"  "AC008392.1"  "AC008403.2"  "AC008403.1"  "AC008403.3" 
 [9606] "AC022154.1"  "AC026803.2"  "AC008687.4"  "AC008687.1"  "AC008687.8" 
 [9611] "AC008687.2"  "AC008687.3"  "AC011450.1"  "AC010524.1"  "AC010643.1" 
 [9616] "AC010619.1"  "AC011495.2"  "AC011495.3"  "AC006942.1"  "AC018766.1" 
 [9621] "AC011452.1"  "AC010624.3"  "AC010624.2"  "AC008655.1"  "AC008655.2" 
 [9626] "AC020909.1"  "AC020909.3"  "AC020909.2"  "AC010325.1"  "AC010325.2" 
 [9631] "AC011523.1"  "AC011483.2"  "AC011483.1"  "AC011473.4"  "AC011473.2" 
 [9636] "AC011473.3"  "AC011473.1"  "AC063977.6"  "AC063977.3"  "AC008750.3" 
 [9641] "AC008750.4"  "AC008750.8"  "AC008750.7"  "AC008750.1"  "AC008750.2" 
 [9646] "AC020914.1"  "AC018755.1"  "AC018755.2"  "AC006272.1"  "AC011468.5" 
 [9651] "AC011468.3"  "AC010320.1"  "AC010320.2"  "AC010320.3"  "AC010320.4" 
 [9656] "AC022150.3"  "AC022150.1"  "AC010487.3"  "AC010487.2"  "AC010328.1" 
 [9661] "AC092070.1"  "AC092070.3"  "AC092070.4"  "AC011453.1"  "AC008753.3" 
 [9666] "AC008753.2"  "AC008440.1"  "AC008440.3"  "AC008440.2"  "AC245052.4" 
 [9671] "AC245052.1"  "AC245052.7"  "AC245884.1"  "AC245884.10" "AC245884.8" 
 [9676] "AC245036.5"  "AC245128.3"  "AC011476.3"  "AC010327.1"  "AC010327.3" 
 [9681] "AC010327.4"  "AC020922.2"  "AC020922.4"  "AC020922.1"  "AC020922.3" 
 [9686] "AC008735.3"  "AC008735.4"  "AC008735.2"  "AC010525.1"  "AC006116.8" 
 [9691] "AC006116.9"  "AC006116.4"  "AC005498.1"  "AC005498.2"  "AC005498.3" 
 [9696] "AC006115.1"  "AC007228.2"  "AC006115.3"  "AC005261.3"  "AC005261.1" 
 [9701] "AC005261.2"  "AC003002.1"  "AC003002.3"  "AC003002.2"  "AC004076.1" 
 [9706] "AC004076.2"  "AC003005.2"  "AC003005.1"  "AC003682.1"  "AC003006.1" 
 [9711] "AC010522.1"  "AC010326.2"  "AC020915.5"  "AC020915.3"  "AC020915.1" 
 [9716] "AC010642.2"  "AC012313.2"  "AC012313.6"  "AC012313.1"  "AC012313.5" 
 [9721] "AC012313.8"  "AC012313.7"  "AC012313.9"  "AC016629.2"  "AC006157.1" 
 [9726] "AC010737.1"  "AC010722.1"  "AC010891.1"  "AC010723.1"  "AC022486.1" 
 [9731] "AC010889.1"  "AC007876.1"  "AC007359.1"  "AC008175.1"  "CU104787.1" 
 [9736] "AP000542.3"  "AP000542.2"  "AP000534.1"  "AP000532.2"  "AP000527.1" 
 [9741] "AC145543.1"  "AP000547.2"  "AP000547.3"  "AP000365.1"  "AC007064.2" 
 [9746] "AC006946.2"  "AC006946.3"  "AC007666.1"  "AC016027.1"  "AC008079.2" 
 [9751] "AC008079.1"  "AC011718.1"  "AC023490.1"  "AC023490.3"  "AC007326.4" 
 [9756] "AC007326.2"  "AC004471.1"  "AC004471.2"  "AC000068.1"  "AC000068.3" 
 [9761] "AC000068.2"  "AC000067.1"  "AC000093.1"  "AC006547.1"  "AC006547.3" 
 [9766] "AC006547.2"  "AC007663.2"  "AC007663.3"  "AC007731.1"  "AC007731.3" 
 [9771] "AC007731.5"  "AC007731.4"  "AC007308.1"  "AC002470.1"  "AC002472.1" 
 [9776] "AP000550.1"  "AP000550.2"  "AP000552.1"  "AP000552.3"  "AP000553.3" 
 [9781] "AC245452.1"  "AC245452.5"  "AC245060.6"  "AC245060.5"  "AC245060.2" 
 [9786] "AC246793.1"  "AC244250.1"  "AP000345.1"  "AP000345.2"  "AP000350.5" 
 [9791] "AP000350.4"  "AP000350.7"  "AP000350.6"  "AC253536.6"  "AP000355.1" 
 [9796] "AP000356.2"  "AP000357.2"  "AL022323.3"  "AL022323.5"  "AL022323.2" 
 [9801] "AL022323.4"  "AL022323.1"  "Z99916.1"    "Z99916.3"    "AL022332.1" 
 [9806] "AL022324.3"  "AL008721.1"  "AL022329.1"  "AL022329.2"  "AL022329.3" 
 [9811] "Z98949.1"    "Z98949.3"    "AL022337.1"  "AL080273.1"  "Z95115.1"   
 [9816] "Z99774.1"    "Z97353.2"    "AL008638.3"  "AL008638.5"  "AL008638.4" 
 [9821] "AL008638.2"  "AL008638.6"  "AL008638.1"  "AL021153.1"  "AL020994.3" 
 [9826] "AL020994.1"  "AL020994.2"  "AL049536.1"  "AL050402.1"  "AL133456.1" 
 [9831] "AL121885.2"  "AL121885.3"  "AL121885.1"  "Z93930.2"    "AL021393.1" 
 [9836] "AL031186.1"  "AC000035.1"  "AC004882.1"  "AC004882.2"  "AC003681.1" 
 [9841] "AC002378.1"  "AC004264.1"  "AC004997.1"  "AC004832.3"  "AC004832.6" 
 [9846] "AC004832.1"  "AC004542.2"  "AC004542.1"  "AC005005.3"  "AL096701.3" 
 [9851] "Z82190.2"    "AL008719.1"  "Z83839.2"    "AL008723.2"  "AL008723.1" 
 [9856] "AL008723.3"  "AL021937.3"  "AL021937.1"  "AL021937.4"  "Z82246.1"   
 [9861] "Z73495.1"    "Z82198.1"    "Z82198.2"    "Z82173.1"    "Z73429.1"   
 [9866] "Z68323.1"    "AL021877.2"  "Z82196.1"    "Z82196.2"    "Z99755.2"   
 [9871] "AL008635.1"  "Z82244.2"    "Z82244.1"    "AL022334.2"  "AL049748.1" 
 [9876] "Z82217.1"    "Z95114.4"    "Z95114.1"    "Z95114.2"    "FO393418.1" 
 [9881] "AL022313.2"  "AL022313.3"  "AL049749.1"  "Z82185.1"    "Z82180.1"   
 [9886] "AL022314.1"  "Z82188.2"    "Z94160.2"    "AL022315.1"  "Z83844.3"   
 [9891] "Z83844.2"    "Z83844.1"    "AL031587.3"  "AL031587.1"  "AL031587.4" 
 [9896] "AL031587.2"  "AL022322.1"  "AL022322.2"  "AL020993.1"  "Z97056.1"   
 [9901] "AL021707.4"  "AL021707.2"  "AL021707.5"  "AL021707.3"  "AL021707.1" 
 [9906] "AL021707.6"  "AL021707.7"  "AL022318.1"  "AL022318.4"  "AL031846.2" 
 [9911] "AL031590.1"  "AL022326.1"  "AL022312.1"  "Z82206.1"    "Z83847.1"   
 [9916] "AL022238.4"  "AL022238.2"  "AL022238.3"  "AL031594.1"  "AL035658.1" 
 [9921] "AL035681.1"  "AL008582.1"  "AL021453.1"  "Z99716.1"    "AC254562.2" 
 [9926] "AC254562.3"  "Z83851.1"    "Z83851.2"    "AL022316.1"  "Z93241.1"   
 [9931] "AL022476.1"  "Z82214.2"    "Z82214.1"    "Z99756.1"    "Z97055.2"   
 [9936] "AL031595.2"  "Z85994.1"    "Z82243.1"    "AL008718.2"  "AL021391.1" 
 [9941] "BX324167.2"  "BX324167.1"  "BX537318.1"  "AL121672.3"  "AL121672.1" 
 [9946] "AL121672.2"  "AL021392.1"  "AL118516.1"  "Z82186.1"    "AL117329.1" 
 [9951] "AL121580.1"  "FP325330.3"  "FP325330.1"  "FP325330.2"  "BX284656.2" 
 [9956] "BX284656.1"  "Z82249.1"    "Z82202.1"    "AL008636.1"  "AL031593.1" 
 [9961] "Z97192.1"    "Z97192.2"    "AL023802.1"  "Z98885.3"    "Z98885.2"   
 [9966] "AL117328.2"  "AL671710.1"  "BX539320.1"  "AL022328.3"  "AL022328.4" 
 [9971] "AL022328.1"  "AL022328.2"  "CR559946.1"  "CR559946.2"  "SCO2.1"     
 [9976] "U62317.3"    "U62317.2"    "U62317.5"    "U62317.4"    "AC000036.1" 
 [9981] "AC002056.2"  "FP565260.4"  "FP565260.3"  "FP565260.5"  "FP565260.2" 
 [9986] "FP565260.1"  "FP565260.6"  "AC079801.1"  "CU633967.1"  "FP236315.3" 
 [9991] "FP236315.1"  "CU639417.3"  "CU639417.4"  "CU633906.1"  "CU633906.2" 
 [9996] "FP236240.1"  "CU638689.4"  "CU638689.1"  "CU638689.5"  "FP475955.3" 
[10001] "FP475955.1"  "FP475955.2"  "CU634019.6"  "CU634019.4"  "CU634019.2" 
[10006] "CU634019.1"  "CU633904.1"  "FP236241.1"  "CU633980.1"  "FP671120.1" 
[10011] "FP671120.3"  "FP671120.4"  "FP236383.1"  "FP236383.2"  "FP236383.3" 
[10016] "CR392039.3"  "CR381653.1"  "AC018692.1"  "CR382287.2"  "AP003900.1" 
[10021] "AP001464.1"  "AJ239318.1"  "AL050303.1"  "AP001347.1"  "AF127936.2" 
[10026] "AF127936.1"  "AF127577.4"  "AF127577.3"  "AF127577.1"  "AF127577.2" 
[10031] "AF127577.5"  "AJ009632.2"  "AJ009632.1"  "AP001172.1"  "AP001172.2" 
[10036] "AP000962.1"  "AF130359.1"  "AF212831.1"  "AP000432.1"  "AL109761.1" 
[10041] "AF130417.1"  "AF240627.1"  "AL157359.2"  "AL157359.1"  "AP000431.2" 
[10046] "AP000431.1"  "AP000855.1"  "AP001136.1"  "AP001117.1"  "AF241725.1" 
[10051] "AP000472.1"  "AP000561.1"  "AP000959.1"  "AP001116.1"  "AP000459.2" 
[10056] "AP000459.1"  "AP000474.1"  "AP000477.2"  "AP000477.1"  "AP000470.1" 
[10061] "AP000402.1"  "AP000146.1"  "AP000235.1"  "AP000233.2"  "AP000233.1" 
[10066] "AP001341.1"  "AP000221.1"  "AP000223.1"  "AP001439.1"  "AP000229.1" 
[10071] "AP001595.1"  "AP001596.1"  "AP001596.2"  "AP001599.1"  "AP001605.1" 
[10076] "AP001604.1"  "AJ006995.1"  "AF165147.1"  "AF129075.2"  "AF124730.1" 
[10081] "AP000238.1"  "AF096876.1"  "AP000251.1"  "AP000253.1"  "AP000254.1" 
[10086] "AP000255.1"  "AP000265.1"  "AP000266.1"  "AP000275.2"  "AP000281.2" 
[10091] "AP000282.1"  "AP000289.1"  "AP000290.1"  "AP000295.1"  "AP000302.1" 
[10096] "AP000311.1"  "AP000569.1"  "AP000317.1"  "AP000320.1"  "AP000322.2" 
[10101] "AP000322.1"  "AF015262.1"  "AF015720.1"  "AP000688.4"  "AP000688.3" 
[10106] "AP000688.2"  "AP000692.2"  "AP000695.1"  "AP000695.2"  "AP000696.1" 
[10111] "AP000697.1"  "AP000704.1"  "AP001432.1"  "AP001412.1"  "AP001437.1" 
[10116] "AP001434.1"  "AP001042.1"  "AP001043.1"  "AP001043.2"  "AF064858.1" 
[10121] "AF064858.3"  "AF064858.2"  "AF129408.1"  "AF064860.2"  "AP001610.1" 
[10126] "AP001610.2"  "AP006748.1"  "AP001615.1"  "AP001619.2"  "AP001625.2" 
[10131] "AP001626.1"  "AP001627.1"  "AP001628.2"  "AP001628.1"  "AP001630.1" 
[10136] "AP001631.1"  "AP001046.1"  "AP001048.1"  "H2BFS.1"     "AP001056.2" 
[10141] "AP001056.1"  "AP001059.3"  "AP001059.2"  "AP001059.1"  "AP001062.1" 
[10146] "AP001062.2"  "AP001063.1"  "AP001065.1"  "AP001065.2"  "AL844908.1" 
[10151] "AP001505.1"  "AL133499.1"  "BX322557.1"  "BX322559.1"  "BX322562.1" 
[10156] "AL133492.1"  "AL592528.1"  "AJ011932.1"  "AP001476.1"  "AP001476.3" 
[10161] "AP001476.2"  "AP001471.1"  "AP001468.1"  "AP001469.1"  "AP001469.2" 
[10166] "AP001469.3"  "AC133551.1"  "AC136612.1"  "AC136616.1"  "AC136616.3" 
[10171] "AC136616.2"  "AC141272.1"  "AC136352.3"  "AC136352.2"  "AC171558.3" 
[10176] "AC171558.1"  "BX004987.1"  "AC145212.1"  "AC011841.1"  "AC011043.1" 
[10181] "AC011043.2"  "AL592183.1"  "AC007325.1"  "AC007325.4"  "AC007325.2" 
[10186] "BX072566.1"  "AL354822.1"  "AC023491.2"  "AC004556.1"  "AC233755.2" 
[10191] "AC233755.1"  "AC240274.1"  "AC213203.1"  "FAM231C"    
[1] "they are added to the alias annotation table, so they don't get lost"
[1] "following are the official gene symbols of input aliases: "
             symbol            alias
1             AARS1             AARS
2           ABITRAM          FAM206A
3              ACP3             ACPP
4          ACTN1-DT        ACTN1-AS1
5             ADPRS          ADPRHL2
6             ADSS1           ADSSL1
7             ADSS2             ADSS
8        ANKRD20A2P        ANKRD20A2
9        ANKRD20A3P        ANKRD20A3
10       ANKRD20A4P        ANKRD20A4
11        ANKRD40CL        LINC00483
12           ANTKMT          FAM173A
13            AOPEP           C9orf3
14           ARLNC1        LINC02170
15      ARPIN-AP3S2   C15orf38-AP3S2
16             ARSL             ARSE
17           ATP5MJ          ATP5MPL
18           ATP5MK           ATP5MD
19         ATPSCKMT          FAM173B
20          B3GALT9          B3GNT10
21             BBLN          C9orf16
22           BMERB1         C16orf45
23            BNIP5         C6orf222
24            BPNT2           IMPAD1
25            BRME1         C19orf57
26      CARNMT1-AS1      C9orf41-AS1
27            CARS1             CARS
28        CARS1-AS1         CARS-AS1
29             CBY2            SPERT
30          CCDC200        LINC00854
31      CCDC28A-AS1            GVQW2
32             CCN1            CYR61
33             CCN2             CTGF
34             CCN3              NOV
35             CCN4            WISP1
36             CCN5            WISP2
37             CCN6            WISP3
38             CCNP            CNTD2
39      CD300LD-AS1         C17orf77
40            CDIN1         C15orf41
41          CENATAC           CCDC84
42            CEP20            FOPNL
43            CEP43          FGFR1OP
44            CERT1         COL4A3BP
45       CFAP100-DT        CCDC37-DT
46         CFAP20DC          C3orf67
47     CFAP20DC-AS1      C3orf67-AS1
48          CFAP251            WDR66
49          CFAP410          C21orf2
50           CFAP91           MAATS1
51           CFAP92         KIAA1257
52           CIAO2A           FAM96A
53           CIAO2B           FAM96B
54            CIAO3            NARFL
55           CIBAR1           FAM92A
56           CIBAR2           FAM92B
57            CILK1              ICK
58        CLLU1-AS1          CLLU1OS
59             COA8           APOPT1
60       COL25A1-DT          ZCCHC23
61           COMETT        LINC01510
62            CRACD         KIAA1211
63           CRACDL        KIAA1211L
64            CRPPA             ISPD
65        CRPPA-AS1         ISPD-AS1
66            CYRIA           FAM49A
67            CYRIB           FAM49B
68             CZIB         C1orf123
69            DARS1             DARS
70        DARS1-AS1         DARS-AS1
71          DENND10           FAM45A
72          DENND11         KIAA1147
73          DENND2B              ST5
74            DGCR5            DGCR9
75        DIP2C-AS1            PRR26
76           DIPK1A           FAM69A
77           DIPK1B           FAM69B
78           DIPK1C           FAM69C
79           DIPK2A          C3orf58
80           DIPK2B          CXorf36
81           DMAC2L            ATP5S
82          DNAAF10            WDR92
83          DNAAF11            LRRC6
84           DNAAF6           PIH1D3
85           DNAAF8         C16orf71
86           DNAAF9        C20orf194
87            DNAI3            WDR63
88            DNAI4            WDR78
89            DNAI7            CASC1
90        DOCK8-AS1          C9orf66
91            DOP1A           DOPEY1
92            DOP1B           DOPEY2
93           DUSP29            DUPD1
94          DYNC2I1            WDR60
95          DYNC2I2            WDR34
96           DYNLT2            TCTE3
97          DYNLT2B         TCTEX1D2
98           DYNLT4         TCTEX1D4
99           DYNLT5         TCTEX1D1
100           ECRG4          C2orf40
101         ELAPOR1         KIAA1324
102         ELAPOR2        KIAA1324L
103         ELOA3CP           ELOA3C
104         ELOA3DP           ELOA3D
105           EOLA1         CXorf40A
106           EOLA2         CXorf40B
107           EPIST      C5orf66-AS1
108           EPRS1             EPRS
109           EZHIP          CXorf67
110        FAM153CP          FAM153C
111         FAM166C          C2orf70
112         FAM174C         C19orf24
113         FAM230E        LINC01662
114         FAM230F        LINC01663
115         FAM230I        LINC01658
116         FAM230J        LINC01660
117         FAM242A        LINC01598
118         FAM243A        C21orf140
119         FAM245A        LINC00864
120        FAM86C1P          FAM86C1
121            FCSK              FUK
122          FHIP1A         FAM160A1
123       FHIP1A-DT      FAM160A1-DT
124          FHIP1B         FAM160A2
125          FHIP2A         FAM160B1
126          FHIP2B         FAM160B2
127          FLACC1         ALS2CR12
128     FMC1-LUC7L2   C7orf55-LUC7L2
129           G6PC1             G6PC
130          GARRE1         KIAA0355
131          GASK1A          FAM198A
132          GASK1B          FAM198B
133      GASK1B-AS1      FAM198B-AS1
134           GCNT4        LINC01336
135        GDF5-AS1           GDF5OS
136            GET1              WRB
137            GET3            ASNA1
138            GFUS            TSTA3
139       GNAO1-AS1     DKFZP434H168
140           GOLM2            CASC4
141            H1-0             H1F0
142            H1-1         HIST1H1A
143           H1-10             H1FX
144       H1-10-AS1         H1FX-AS1
145            H1-2         HIST1H1C
146            H1-3         HIST1H1D
147            H1-4         HIST1H1E
148            H1-5         HIST1H1B
149            H1-6         HIST1H1T
150            H1-7            H1FNT
151            H1-8            H1FOO
152           H2AB1           H2AFB1
153           H2AB2           H2AFB2
154           H2AB3           H2AFB3
155           H2AC1        HIST1H2AA
156          H2AC11        HIST1H2AG
157          H2AC12        HIST1H2AH
158          H2AC13        HIST1H2AI
159          H2AC14        HIST1H2AJ
160          H2AC15        HIST1H2AK
161          H2AC16        HIST1H2AL
162          H2AC17        HIST1H2AM
163          H2AC18       HIST2H2AA3
164          H2AC19       HIST2H2AA4
165          H2AC20        HIST2H2AC
166          H2AC21        HIST2H2AB
167           H2AC4        HIST1H2AB
168           H2AC6        HIST1H2AC
169           H2AC7        HIST1H2AD
170           H2AC8        HIST1H2AE
171            H2AJ            H2AFJ
172            H2AP             HYPM
173            H2AW         HIST3H2A
174            H2AX            H2AFX
175           H2AZ1            H2AFZ
176           H2AZ2            H2AFV
177           H2BC1        HIST1H2BA
178          H2BC11        HIST1H2BJ
179          H2BC12        HIST1H2BK
180          H2BC13        HIST1H2BL
181          H2BC14        HIST1H2BM
182          H2BC15        HIST1H2BN
183          H2BC17        HIST1H2BO
184          H2BC18        HIST2H2BF
185          H2BC21        HIST2H2BE
186           H2BC3        HIST1H2BB
187           H2BC5        HIST1H2BD
188           H2BC9        HIST1H2BH
189           H2BS1            H2BFS
190           H2BU1        HIST3H2BB
191           H2BW1           H2BFWT
192           H2BW2            H2BFM
193            H3-2       HIST2H3PS2
194           H3-3A            H3F3A
195           H3-3B            H3F3B
196            H3-4          HIST3H3
197            H3-5            H3F3C
198            H3C1         HIST1H3A
199           H3C10         HIST1H3H
200           H3C11         HIST1H3I
201           H3C12         HIST1H3J
202           H3C13         HIST2H3D
203           H3C14         HIST2H3C
204           H3C15         HIST2H3A
205            H3C2         HIST1H3B
206            H3C3         HIST1H3C
207            H3C4         HIST1H3D
208            H3C6         HIST1H3E
209            H3C7         HIST1H3F
210            H3C8         HIST1H3G
211            H3Y1             H3.Y
212           H4-16          HIST4H4
213            H4C1         HIST1H4A
214           H4C11         HIST1H4J
215           H4C12         HIST1H4K
216           H4C13         HIST1H4L
217           H4C14         HIST2H4A
218           H4C15         HIST2H4B
219            H4C2         HIST1H4B
220            H4C3         HIST1H4C
221            H4C4         HIST1H4D
222            H4C5         HIST1H4E
223            H4C6         HIST1H4F
224            H4C7         HIST1H4G
225            H4C8         HIST1H4H
226            H4C9         HIST1H4I
227           HARS1             HARS
228            HEXD            HEXDC
229           HOATZ         C11orf88
230            HROB         C17orf53
231       HSDL2-AS1         C9orf147
232           IARS1             IARS
233           IFTAP         C11orf74
234      IGHV8-51-1     IGHVIII-51-1
235            IHO1           CCDC36
236           ILRUN         C6orf106
237          INSYN1         C15orf59
238      INSYN1-AS1     C15orf59-AS1
239         INSYN2A          FAM196A
240         INSYN2B          FAM196B
241           IRAG1            MRVI1
242       IRAG1-AS1        MRVI1-AS1
243           IRAG2             LRMP
244         ITPRID1          CCDC129
245         ITPRID2            SSFA2
246           KARS1             KARS
247           KASH5          CCDC155
248          KATNIP         KIAA0556
249           KICS2         C12orf66
250           KIFBP           KIF1BP
251       KRT10-AS1           TMEM99
252           LARS1             LARS
253           LDAF1          TMEM159
254           LETR1        LINC01197
255       LINC02194         LINC2194
256       LINC02481       LINC002481
257       LINC02603       MIRLET7DHG
258       LINC02693         C17orf51
259       LINC02694         C15orf53
260       LINC02860          C7orf71
261       LINC02868         C1orf137
262       LINC02869         C1orf143
263       LINC02870         C10orf91
264       LINC02871        C20orf187
265       LINC02872         C9orf170
266       LINC02873         C11orf44
267       LINC02874         C12orf80
268       LINC02875         C17orf82
269       LINC02876        C17orf112
270       LINC02877          C3orf79
271       LINC02881        C10orf142
272       LINC02885          ISX-AS1
273       LINC02897         C1orf229
274       LINC02898          C2orf91
275       LINC02899          C5orf17
276       LINC02900      C5orf66-AS2
277       LINC02901          C6orf99
278       LINC02902          C7orf65
279       LINC02903          C7orf66
280       LINC02905          C8orf49
281       LINC02906          C8orf87
282       LINC02907          C9orf62
283       LINC02908         C9orf139
284       LINC02909         C12orf77
285       LINC02910        C20orf197
286       LINC02913         C9orf106
287       LINC02914        C14orf177
288       LINC02915         C15orf54
289         LNCAROD        LINC01468
290          LNCNEF        LINC01384
291           LNCOG        LINC02407
292       LNCTAM34A        LINC01759
293          LRATD1           FAM84A
294          LRATD2           FAM84B
295            LTO1           ORAOV1
296         MAB21L4          C2orf54
297           MACIR          C5orf30
298       MACROH2A1            H2AFY
299       MACROH2A2           H2AFY2
300           MAILR        AZIN1-AS1
301         MARCHF1           MARCH1
302        MARCHF10          MARCH10
303        MARCHF11          MARCH11
304         MARCHF2           MARCH2
305         MARCHF3           MARCH3
306         MARCHF4           MARCH4
307         MARCHF5           MARCH5
308         MARCHF6           MARCH6
309         MARCHF7           MARCH7
310         MARCHF8           MARCH8
311         MARCHF9           MARCH9
312           MEAK7            TLDC1
313         MEIOSIN            BHMG1
314        METTL25B           RRNAD1
315         MICOS10           MINOS1
316    MICOS10-NBL1      MINOS1-NBL1
317         MICOS13         C19orf70
318          MIDEAS          ELMSAN1
319          MINAR1         KIAA1024
320          MINAR2        KIAA1024L
321      MIR124-1HG        LINC00599
322         MIR1253     hsa-mir-1253
323       MIR1915HG           CASC10
324       MIR3667HG         C22orf34
325        MIR9-1HG          C1orf61
326           MIX23           CCDC58
327            MMUT              MUT
328          MROCKI        LINC01268
329           MRTFA             MKL1
330           MRTFB             MKL2
331          MTARC1            MARC1
332          MTARC2            MARC2
333            MTLN           SMIM37
334          MTRES1         C6orf203
335           MTRFR         C12orf65
336           MTSS2           MTSS1L
337            MYG1         C12orf10
338        MYRF-AS1     DKFZP434K028
339           NARS1             NARS
340        NCBP2AS2        NCBP2-AS2
341       NDUFV1-DT         C11orf72
342            NEBL        C10orf113
343           NFILZ        LINC01862
344          NIBAN1          FAM129A
345          NIBAN2          FAM129B
346          NIBAN3          FAM129C
347        NOPCHAP1         C12orf45
348        NOVA1-DT        LINC02588
349           NRAD1        LINC00284
350           NTAQ1           WDYHV1
351           NUP42            NUPL2
352            OBI1           RNF219
353        OBI1-AS1       RNF219-AS1
354           ODAD1          CCDC114
355           ODAD2            ARMC4
356           ODAD3          CCDC151
357           ODAD4            TTC25
358           OR8U3            OR5R1
359          PABIR1          FAM122A
360          PABIR2          FAM122B
361          PABIR3          FAM122C
362           PACC1          TMEM206
363      PALM2AKAP2            AKAP2
364      PALM2AKAP2            PALM2
365      PALM2AKAP2      PALM2-AKAP2
366           PALS1             MPP5
367       PAXIP1-DT       PAXIP1-AS1
368           PCARE          C2orf71
369           PEDS1          TMEM189
370    PEDS1-UBE2V1   TMEM189-UBE2V1
371         PELATON           SMIM25
372           PGAP4          TMEM246
373           PGAP6           TMEM8A
374           PHAF1         C16orf70
375      PIK3IP1-DT      PIK3IP1-AS1
376       PITX1-AS1          C5orf66
377      PKD1L1-AS1          C7orf69
378       PKNOX2-DT       PKNOX2-AS1
379         PLA2G2C       UBXN10-AS1
380          PLAAT1           HRASLS
381          PLAAT2          HRASLS2
382          PLAAT3          PLA2G16
383          PLAAT4          RARRES3
384          PLAAT5          HRASLS5
385         PLEKHG7         C12orf74
386         POGLUT2           KDELC1
387         POGLUT3           KDELC2
388          POLR1F          TWISTNB
389          POLR1G           CD3EAP
390          POLR1H            ZNRD1
391     PPP1R13B-DT        LINC00637
392          PRANCR        LINC01481
393       PRDM16-DT        LINC00982
394         PRECSIT        LINC00346
395           PRORP         KIAA0391
396         PRSS42P           PRSS42
397         PRSS45P           PRSS45
398          PRXL2A          FAM213A
399          PRXL2B          FAM213B
400          PRXL2C            AAED1
401        PSME3IP1          FAM192A
402          PWWP3B           MUM1L1
403        RAB30-DT        RAB30-AS1
404            RADX          CXorf57
405           RAMAC           RAMMET
406           RARS1             RARS
407            RBIS          C8orf59
408           RELCH         KIAA1468
409           RESF1         KIAA1551
410            RO60           TROVE2
411        RPL34-DT        RPL34-AS1
412            RRM2          C2orf48
413            RSKR           SGK494
414           RUSF1         C16orf58
415           SANBR         KIAA1841
416           SCAT1        LINC02081
417         SEPTIN1            SEPT1
418        SEPTIN10           SEPT10
419        SEPTIN11           SEPT11
420        SEPTIN12           SEPT12
421        SEPTIN14           SEPT14
422         SEPTIN3            SEPT3
423         SEPTIN4         C17orf47
424         SEPTIN4            SEPT4
425     SEPTIN4-AS1        SEPT4-AS1
426         SEPTIN5            SEPT5
427         SEPTIN6            SEPT6
428         SEPTIN7            SEPT7
429      SEPTIN7-DT        SEPT7-AS1
430         SEPTIN8            SEPT8
431         SEPTIN9            SEPT9
432            SHFL         C19orf66
433           SHOC1          C9orf84
434    SLC25A48-AS1        LINC01959
435         SLC49A4            DIRC2
436         SLC66A1            PQLC2
437        SLC66A1L           PQLC2L
438         SLC66A2            PQLC1
439         SLC66A3            PQLC3
440         SMC2-DT         SMC2-AS1
441         SMC5-DT         SMC5-AS1
442          SMIM43          TMEM155
443          SNHG30        LINC02001
444          SNHG32          C6orf48
445         SPRING1         C12orf49
446           SSPOP             SSPO
447         STAM-DT         STAM-AS1
448          STEEP1          CXorf56
449  STIMATE-MUSTN1   TMEM110-MUSTN1
450          STING1          TMEM173
451          STRIT1            DWORF
452        STX17-DT        STX17-AS1
453           TAFA1          FAM19A1
454           TAFA2          FAM19A2
455           TAFA3          FAM19A3
456           TAFA4          FAM19A4
457           TAFA5          FAM19A5
458         TAMALIN            GRASP
459           TARS1             TARS
460           TARS3           TARSL2
461           TASOR          FAM208A
462          TASOR2          FAM208B
463        TBC1D29P          TBC1D29
464         TCP10L3            TCP10
465           TEX55          C3orf30
466   TIMM23B-AGAP6        LINC00843
467          TLCD3A           FAM57A
468          TLCD3B           FAM57B
469           TLCD4           TMEM56
470     TLCD4-RWDD3     TMEM56-RWDD3
471           TLCD5          TMEM136
472            TLE5              AES
473 TM4SF19-DYNLT2B TM4SF19-TCTEX1D2
474        TMCC1-DT        TMCC1-AS1
475      TMEM51-AS2         C1orf195
476       TOLLIP-DT       TOLLIP-AS1
477        TRAPPC14          C7orf43
478           TSBP1          C6orf10
479          TTLL11       TTLL11-IT1
480          TUBB8B         TUBB8P12
481          TXNRD3         TXNRD3NB
482        UCHL1-DT        UCHL1-AS1
483       USP27X-DT       USP27X-AS1
484        USP46-DT        USP46-AS1
485           VARS1             VARS
486           WARS1             WARS
487            YAE1           YAE1D1
488           YARS1             YARS
489           YJU2B          CCDC130
490       YTHDF3-DT       YTHDF3-AS1
491            ZFTA         C11orf95
492       ZNF22-AS1         C10orf25
493      ZNF407-AS1        LINC00909
494       ZNF516-DT         C18orf65
495       ZNF582-DT       ZNF582-AS1
496          ZNF875             HKR1
497           ZNRD2           SSSCA1
[1] "Samples are considered if they have more than 10 cells of the cell type of interest"
[1] "Genes with non-zero counts in at least 5% of cells of a cell type of interest in a particular sample will be considered as expressed in that sample."
[1] "Genes expressed in at least 2 samples will considered as expressed in the cell type: B.cells"
[1] "Genes expressed in at least 7.5 samples will considered as expressed in the cell type: DCs"
[1] "Genes expressed in at least 2 samples will considered as expressed in the cell type: Macrophages"
[1] "Genes expressed in at least 2 samples will considered as expressed in the cell type: Neutrophils"
[1] "Genes expressed in at least 6.5 samples will considered as expressed in the cell type: NK.cells"
[1] "Genes expressed in at least 8 samples will considered as expressed in the cell type: Unassigned"
[1] "3251 genes are considered as expressed in the cell type: B.cells"
[1] "9210 genes are considered as expressed in the cell type: DCs"
[1] "9043 genes are considered as expressed in the cell type: Macrophages"
[1] "7354 genes are considered as expressed in the cell type: NK.cells"
[1] "8665 genes are considered as expressed in the cell type: Neutrophils"
[1] "8205 genes are considered as expressed in the cell type: Unassigned"
[1] "DE analysis is done:"
[1] "included cell types are:"
NULL
[1] "excluded cell types are:"
[1] "DCs"         "Unassigned"  "NK.cells"    "Macrophages" "Neutrophils"
[6] "B.cells"    
[1] "These celltypes are not considered in the analysis. After removing samples that contain less cells than the required minimal, some groups don't have 2 or more samples anymore (also relevant for groups not included in your contrasts!). As a result the analysis cannot be run. To solve this: decrease the number of min_cells or change your group_id and pool all samples that belong to groups that are not of interest! "
[1] "DE analysis did error for all cell types. This might be because of several reasons - check the original error message for this. Here are 2 common reasons in case no cell type past the filtering criteria: 1) no cell type has enough cells in >=2 samples per group. 2) problem in batch definition: not all levels of your batch are in each group - Also for groups not included in your contrasts!"
20: (function () 
    {
        message("R error occurred. Traceback:")
        traceback(2)
        quit(save = "no", status = 1)
    })()
19: stop(fallback)
18: signal_abort(cnd, .file)
17: abort(bullets, call = error_call)
16: group_by_prepare(.data, ..., .add = .add, error_call = current_env())
15: group_by.data.frame(., contrast, cluster_id)
14: dplyr::group_by(., contrast, cluster_id)
13: dplyr::count(.)
12: celltype_de$de_output_tidy %>% dplyr::group_by(contrast, cluster_id) %>% 
        dplyr::count()
11: is.data.frame(y)
10: same_src.data.frame(x, y)
9: same_src(x, y)
8: auto_copy(x, y, copy = copy)
7: inner_join.data.frame(., celltype_de$de_output_tidy %>% dplyr::group_by(contrast, 
       cluster_id) %>% dplyr::count(), by = c("cluster_id", "contrast"))
6: dplyr::inner_join(., celltype_de$de_output_tidy %>% dplyr::group_by(contrast, 
       cluster_id) %>% dplyr::count(), by = c("cluster_id", "contrast"))
5: dplyr::mutate(., cluster_id = paste0(cluster_id, "\nnr of genes: ", 
       n))
4: dplyr::mutate(., `p-value <= 0.05` = p_val <= 0.05)
3: ggplot(., aes(x = p_val, fill = `p-value <= 0.05`))
2: celltype_de$de_output_tidy %>% dplyr::inner_join(celltype_de$de_output_tidy %>% 
       dplyr::group_by(contrast, cluster_id) %>% dplyr::count(), 
       by = c("cluster_id", "contrast")) %>% dplyr::mutate(cluster_id = paste0(cluster_id, 
       "\nnr of genes: ", n)) %>% dplyr::mutate(`p-value <= 0.05` = p_val <= 
       0.05) %>% ggplot(aes(x = p_val, fill = `p-value <= 0.05`))
1: get_DE_info(sce = sce, sample_id = sample_id, group_id = group_id, 
       celltype_id = celltype_id, batches = batches, covariates = covariates, 
       contrasts_oi = contrasts_oi, min_cells = min_cells, expressed_df = frq_list$expressed_df)
============================================================
R analysis exit code: 1
Finished at: So 19. Jul 00:09:26 CEST 2026
============================================================
ERROR: R analysis failed for multinichetr on gated_heart_processed_diseasedOnly
