============================================================
DCCS ARRAY TASK
============================================================
Date: So 19. Jul 00:36:18 CEST 2026
Host: elmo.exbio.wzw.tum.de
Working directory: /nfs/home/students/i.kaciran/FoPra_PLAs
SLURM job ID: 6333549
SLURM array task ID: 22
Dataset index: 3
Mode index: 2
Method index: 0
Dataset: gated_vaccine_processed
Mode: healthyOnly
Method: multinichetr
Prepared RDS: /nfs/home/students/i.kaciran/FoPra_PLAs/results/differential_ccs/prepared_inputs/gated_vaccine_processed_healthyOnly.rds
Script: /nfs/home/students/i.kaciran/FoPra_PLAs/src/cell_signaling/dccs/multinichetr.R
Output dir: /nfs/home/students/i.kaciran/FoPra_PLAs/results/differential_ccs/multinichetr
Log dir: /nfs/home/students/i.kaciran/FoPra_PLAs/slurm_logs
============================================================
Checking R binary:
-rwxrwxr-x 1 i.kaciran daisybio 17K Jun  4 18:01 /nfs/home/students/i.kaciran/.conda/envs/liana_r/bin/Rscript
Rscript (R) version 4.3.3 (2024-02-29)
Checking R script:
-rw-rw---- 1 i.kaciran daisybio 29K Jul 19 00:03 /nfs/home/students/i.kaciran/FoPra_PLAs/src/cell_signaling/dccs/multinichetr.R
Checking prepared RDS:
-rw-rw---- 1 i.kaciran daisybio 4,2G Jul 18 23:51 /nfs/home/students/i.kaciran/FoPra_PLAs/results/differential_ccs/prepared_inputs/gated_vaccine_processed_healthyOnly.rds
Checking output directory:
drwxrwx--- 22 i.kaciran daisybio 4096 Jul 19 00:32 /nfs/home/students/i.kaciran/FoPra_PLAs/results/differential_ccs/multinichetr
Starting R analysis command:
/nfs/home/students/i.kaciran/.conda/envs/liana_r/bin/Rscript /nfs/home/students/i.kaciran/FoPra_PLAs/src/cell_signaling/dccs/multinichetr.R /nfs/home/students/i.kaciran/FoPra_PLAs/results/differential_ccs/prepared_inputs/gated_vaccine_processed_healthyOnly.rds /nfs/home/students/i.kaciran/FoPra_PLAs/results/differential_ccs/multinichetr
============================================================
[1] "RNA"
[1] "following are the official gene symbols of input aliases: "
  symbol alias
1  YARS1  YARS
[1] "all input symbols were official symbols"
[1] "all input symbols were official symbols"
[1] "all input symbols were official symbols"
[1] "there are provided symbols that are not in the alias annotation table: "
   [1] "AL627309.1"  "AL627309.3"  "AL627309.4"  "AL669831.2"  "AL669831.5" 
   [6] "AL645608.3"  "AL645608.5"  "AL645608.8"  "AL645608.2"  "AL645608.9" 
  [11] "AL390719.2"  "AL162741.1"  "AL391244.3"  "AL645728.1"  "AL691432.2" 
  [16] "FO704657.1"  "AL109917.1"  "AL391845.2"  "AL590822.2"  "AL590822.1" 
  [21] "AL139246.1"  "AL139246.4"  "AL139246.5"  "AL139246.3"  "AL831784.1" 
  [26] "AL512413.1"  "AL513320.1"  "AL136528.1"  "AL136528.2"  "AL365330.1" 
  [31] "AL805961.2"  "AL355602.1"  "AL365255.1"  "AL031847.1"  "AL031848.2" 
  [36] "AL591163.1"  "AL359881.3"  "AL359881.2"  "AL359881.1"  "Z98884.1"   
  [41] "AL034417.4"  "AL034417.3"  "AL034417.2"  "AL358876.2"  "AL096855.1" 
  [46] "AL357552.2"  "BX323043.1"  "AL928921.2"  "AL357140.1"  "AL139424.3" 
  [51] "AL139424.2"  "AL139424.1"  "AL354956.1"  "AL139423.1"  "AL109811.4" 
  [56] "AL109811.3"  "AL109811.1"  "AL109811.2"  "AL031731.1"  "AL953897.1" 
  [61] "AC243836.1"  "AC254633.1"  "AL031283.2"  "AL031283.3"  "AL031283.1" 
  [66] "AL121992.3"  "AL121992.1"  "AL121992.2"  "AL450998.3"  "AL450998.2" 
  [71] "AL451042.1"  "AL137802.2"  "AL137802.1"  "AL137798.1"  "BX284668.2" 
  [76] "BX284668.5"  "BX284668.6"  "AC004824.1"  "AL035413.1"  "AL031727.2" 
  [81] "Z98257.1"    "Z98257.2"    "AL020998.1"  "AL031005.1"  "AL031728.1" 
  [86] "AL031281.2"  "AL031428.1"  "AL109936.6"  "AL109936.2"  "AL021154.1" 
  [91] "AL590609.3"  "AL590683.1"  "AL445686.2"  "AL445471.1"  "AL445471.2" 
  [96] "AL050344.1"  "AL031432.1"  "AL031432.5"  "AL031432.3"  "AL606491.1" 
 [101] "AL031280.1"  "AL020996.1"  "AL033528.2"  "AL391650.1"  "AL513365.2" 
 [106] "AL512408.1"  "AL034380.1"  "FO393419.2"  "BX293535.1"  "AL445490.1" 
 [111] "AL512288.1"  "AL353622.1"  "AL353622.2"  "AL360012.1"  "AL009181.1" 
 [116] "AL357500.1"  "AL137076.1"  "AL451070.1"  "AC114488.2"  "AC114488.3" 
 [121] "AL354919.2"  "AL354919.1"  "AL136115.2"  "AL136115.1"  "AL136115.3" 
 [126] "AL445248.1"  "AL049795.1"  "AC114489.1"  "AL020995.1"  "AL662907.3" 
 [131] "AL513327.3"  "AL513327.1"  "AL513327.2"  "AL122010.1"  "AC114490.3" 
 [136] "AC114490.2"  "AL590434.1"  "AC004865.2"  "AL354864.1"  "AL139286.2" 
 [141] "AL138787.2"  "AL591845.1"  "AL596257.1"  "AL929472.3"  "AL929472.2" 
 [146] "AL139158.2"  "AL139260.1"  "AL139260.3"  "AL365277.1"  "AL033527.3" 
 [151] "AL033527.5"  "AL033527.4"  "AL033527.2"  "AL050341.2"  "AL031985.4" 
 [156] "AL603839.3"  "AL603839.1"  "AL603839.2"  "AC093151.3"  "AC093151.2" 
 [161] "AC098484.2"  "AC098484.3"  "AC098484.1"  "AL512353.1"  "AL139289.2" 
 [166] "AL139289.1"  "AL451062.3"  "AL451062.1"  "AL357079.1"  "AL139220.2" 
 [171] "AL592166.1"  "AL358075.1"  "AL358075.2"  "AL136373.1"  "AL135960.1" 
 [176] "AL109659.2"  "AL162430.2"  "AC104170.2"  "AC104170.1"  "AL050343.1" 
 [181] "AL050343.2"  "AL445685.1"  "AL513218.1"  "AL591167.1"  "AL606760.2" 
 [186] "AL606760.3"  "AL606760.1"  "AL355483.4"  "AC119428.2"  "AL357673.1" 
 [191] "AL357673.2"  "AL161644.1"  "AC096536.3"  "AC096536.1"  "AL603840.1" 
 [196] "AC119674.1"  "AC119674.2"  "AL136985.3"  "AL136985.2"  "AC105277.1" 
 [201] "AC093424.1"  "AC099791.2"  "AC103923.1"  "AC099794.1"  "AL162400.1" 
 [206] "AC096543.1"  "AL357078.3"  "AL357078.1"  "AL513493.1"  "AL139147.1" 
 [211] "AL592161.1"  "AL158840.1"  "AL353771.1"  "AL158839.1"  "AL354872.2" 
 [216] "AL513285.1"  "AL031429.1"  "AC093158.1"  "AC135803.1"  "AL357314.1" 
 [221] "AC104458.1"  "AC095030.1"  "AC118549.1"  "AC103591.3"  "AL359504.2" 
 [226] "AL844170.1"  "AL359762.2"  "AL078459.1"  "AL360219.1"  "AC092807.3" 
 [231] "AC092807.2"  "AL136382.1"  "AL356270.1"  "AL049597.2"  "AL121989.1" 
 [236] "AC093155.3"  "AC099062.1"  "AC099063.4"  "AC099063.1"  "AC099568.2" 
 [241] "AL391497.1"  "AC091614.1"  "AC104836.1"  "AL109613.1"  "AC105942.1" 
 [246] "AC095033.1"  "AC092802.1"  "AC092802.2"  "AC099566.1"  "BX005019.1" 
 [251] "AC118553.1"  "AC118553.2"  "AC093019.2"  "AL589990.1"  "AC104506.1" 
 [256] "AC093157.2"  "AC093157.1"  "AL109741.1"  "AL355306.2"  "AL390036.1" 
 [261] "AL359258.2"  "AL449266.1"  "AL356488.3"  "AL356488.2"  "SARS"       
 [266] "AL355310.2"  "AC000032.1"  "AL450468.1"  "AL450468.2"  "AL160006.1" 
 [271] "AL355488.1"  "AL365361.1"  "AL360270.1"  "AL360270.3"  "AL355816.1" 
 [276] "AL355816.2"  "AL354760.1"  "AL603832.1"  "AL603832.2"  "AL390729.1" 
 [281] "AL357055.3"  "AL137856.1"  "AL365318.1"  "AL390066.1"  "AL157904.1" 
 [286] "AL445231.1"  "AL358072.1"  "AL157902.1"  "AL359915.2"  "AL359915.1" 
 [291] "AC245008.1"  "AC244453.3"  "AC244453.2"  "AC244021.1"  "AC244021.2" 
 [296] "AL592494.1"  "AL592494.3"  "AC239800.2"  "AC239800.3"  "AC239798.2" 
 [301] "AC245595.1"  "AC246785.3"  "FP700111.1"  "AC245014.3"  "AC245014.1" 
 [306] "AC239799.1"  "NOTCH2NL"    "AC239799.2"  "AC243756.1"  "AC245407.2" 
 [311] "AC244394.2"  "AC242426.2"  "AC241644.2"  "AC239803.2"  "AC239803.3" 
 [316] "AC239809.3"  "AC239803.1"  "AC245100.1"  "AC245100.7"  "AC239802.2" 
 [321] "AC239804.1"  "AC245297.3"  "AC245297.2"  "AC243772.2"  "AC239868.3" 
 [326] "AC239868.2"  "AC242988.1"  "AL356356.1"  "AL590133.2"  "AL590133.1" 
 [331] "AL391069.2"  "AL391069.4"  "AL391069.1"  "AL391069.3"  "AL391335.1" 
 [336] "AL589765.7"  "AL589765.4"  "AL589765.5"  "AL589765.6"  "AL450992.2" 
 [341] "AL450992.1"  "AL589986.2"  "LOR"         "BX470102.1"  "AL162258.2" 
 [346] "AL513523.3"  "AL358472.5"  "AL358472.4"  "AL358472.3"  "AL358472.2" 
 [351] "AL162591.2"  "AL592078.1"  "AL451085.1"  "AL451085.2"  "AC234582.1" 
 [356] "AC234582.2"  "AL353807.2"  "AL355388.2"  "AL355388.1"  "AL139130.1" 
 [361] "AL139412.1"  "AL365181.1"  "AL365181.2"  "AL365181.3"  "AL590666.3" 
 [366] "AL590666.1"  "AL138900.3"  "AL356276.1"  "AL138899.1"  "AL513323.1" 
 [371] "AL590560.1"  "AL590560.2"  "AL121987.1"  "AL121987.2"  "AL139011.2" 
 [376] "AL139011.1"  "AL138930.1"  "AL121985.1"  "AL354714.3"  "AL591806.3" 
 [381] "AL591806.1"  "AL590714.1"  "AL592295.4"  "AL592295.3"  "AL831711.1" 
 [386] "AL451067.1"  "AL359541.1"  "AL596325.1"  "AL499616.1"  "RGS5.1"     
 [391] "AL357568.1"  "AL356441.1"  "AL451074.6"  "AL451074.2"  "AL358115.1" 
 [396] "AL626787.1"  "AL158837.1"  "DUSP27"      "AL451050.2"  "AL359962.2" 
 [401] "AL031733.2"  "Z99943.1"    "AL023755.1"  "AL021068.1"  "AL356475.1" 
 [406] "AL354732.1"  "Z97200.1"    "AL445673.1"  "AL031599.1"  "Z97198.1"   
 [411] "AL022310.1"  "AL645568.1"  "AL121983.1"  "AL121983.2"  "Z99127.1"   
 [416] "AL513329.1"  "AL590723.1"  "AL359265.3"  "AL137796.1"  "AL449106.1" 
 [421] "AL359853.2"  "AL353708.3"  "AL353708.1"  "AL162431.1"  "AL162431.2" 
 [426] "AL355482.2"  "AL445228.2"  "AL078644.2"  "AL133383.1"  "OCLM"       
 [431] "AL596220.1"  "AL096803.3"  "AL359081.1"  "AL954650.1"  "AL390957.1" 
 [436] "AL136987.1"  "AL136454.1"  "AL357793.1"  "AL357793.2"  "AL356272.1" 
 [441] "AL365258.1"  "AL157402.1"  "AL157402.2"  "AC096631.1"  "AC097065.2" 
 [446] "AC104461.1"  "AL445483.1"  "AL358473.1"  "AL358473.2"  "AC096677.1" 
 [451] "AL645504.1"  "AL513217.1"  "AC099676.1"  "AC104463.2"  "AC098934.4" 
 [456] "AL512306.3"  "AL512306.2"  "AC098936.1"  "AC244035.1"  "AC244035.2" 
 [461] "AC244034.2"  "AL591846.2"  "AL445493.3"  "AL445493.2"  "AL596218.1" 
 [466] "AL137789.1"  "AL356275.1"  "AL023754.1"  "AL031316.1"  "AL590132.1" 
 [471] "AC096637.2"  "AL445488.1"  "AL606468.1"  "AL451060.1"  "AL360091.3" 
 [476] "AC092803.2"  "AL590648.2"  "AL590648.3"  "AC104333.4"  "AC011700.1" 
 [481] "AL360093.1"  "AC096642.1"  "AL445423.1"  "AL445470.1"  "AL356108.1" 
 [486] "AL513314.2"  "AL592148.3"  "AL392172.1"  "AC093152.1"  "AL359979.2" 
 [491] "AL359979.1"  "AC138393.3"  "AC092809.4"  "AC092811.2"  "AL591895.1" 
 [496] "AL512343.2"  "AL136379.1"  "AL353593.1"  "AL353593.2"  "AL353593.3" 
 [501] "AL670729.3"  "AL670729.2"  "AL137793.1"  "AL162595.2"  "AL117350.1" 
 [506] "AL121990.1"  "AL136988.2"  "AL136988.1"  "AL118511.1"  "AL445524.1" 
 [511] "AL355472.3"  "AL355472.4"  "AL355472.1"  "AL160408.2"  "AL160408.1" 
 [516] "AL160408.3"  "AL360294.1"  "AL391832.1"  "AL391832.2"  "AL391832.3" 
 [521] "AL732292.2"  "AL357556.4"  "TBCE.1"      "AL139161.2"  "AL139161.1" 
 [526] "AL359921.2"  "AL359921.1"  "AL359551.1"  "AC093426.1"  "AL365184.1" 
 [531] "AL359764.1"  "AL591686.1"  "AL606534.1"  "AL606534.2"  "AL591721.1" 
 [536] "AL591885.1"  "AL590483.1"  "AL645465.1"  "AL451007.3"  "AL451007.2" 
 [541] "BX323046.1"  "AL356512.1"  "AC104462.1"  "AC118555.1"  "AL591848.3" 
 [546] "AL591848.2"  "AL591848.4"  "AL390728.6"  "AL390728.5"  "AL390860.1" 
 [551] "AC138089.1"  "AC098483.1"  "AC079779.1"  "AC105393.1"  "AC092159.2" 
 [556] "AC092159.1"  "AC116614.1"  "AC141930.3"  "AC144450.1"  "AC093390.2" 
 [561] "AC019118.2"  "AC019118.1"  "AC114810.1"  "AC231981.1"  "AC108488.1" 
 [566] "AC010907.2"  "AC017076.1"  "AC068481.1"  "AC010904.2"  "AC092580.2" 
 [571] "U91324.1"    "AC011747.2"  "AC093904.4"  "AC080162.1"  "AC073195.1" 
 [576] "AC082651.4"  "AC082651.3"  "AC010969.2"  "AC104794.3"  "AC104794.2" 
 [581] "AC104794.4"  "AC007240.1"  "AC007249.2"  "AC007249.1"  "AC007314.1" 
 [586] "AC092687.3"  "AC062028.1"  "AC009486.1"  "AC010745.5"  "AC010880.1" 
 [591] "AC079148.1"  "AC106053.1"  "AC010096.1"  "AC013400.1"  "AC079145.1" 
 [596] "AC098828.2"  "AC012065.3"  "AC012065.4"  "AC115619.1"  "AC018742.1" 
 [601] "AC068490.1"  "AC009242.1"  "AC008073.3"  "AC008073.2"  "AC008073.1" 
 [606] "AC009228.1"  "AC012073.1"  "AC012074.1"  "AC104699.1"  "AC013472.3" 
 [611] "AC013403.2"  "AC074117.1"  "AC093690.1"  "AC104695.2"  "AC104695.3" 
 [616] "AC104695.1"  "AC092164.1"  "AC097724.1"  "AC106870.1"  "AC016907.2" 
 [621] "AL121652.1"  "AL121655.1"  "AL121658.1"  "AL133245.1"  "AC020594.1" 
 [626] "AC073218.2"  "AC012593.1"  "AC009414.2"  "AC007378.1"  "AC007391.1" 
 [631] "AC006369.1"  "AC006369.2"  "AC009229.2"  "AC009229.3"  "AC011247.2" 
 [636] "AC074366.1"  "AC018693.1"  "AC019171.1"  "AC007388.1"  "AC083949.1" 
 [641] "AC016735.1"  "AC010883.1"  "AC019129.2"  "U51244.1"    "AC017006.2" 
 [646] "AC018682.1"  "AC016722.3"  "AC016722.1"  "AC016722.2"  "AC093732.2" 
 [651] "AC093732.1"  "AC073283.3"  "AC073283.1"  "AC106869.1"  "AC138655.1" 
 [656] "AC079807.1"  "AC092650.1"  "AC093635.1"  "AC073082.1"  "AC009971.1" 
 [661] "AC010967.1"  "AC008280.3"  "AC092839.1"  "AC093110.1"  "AC012358.1" 
 [666] "AC012358.3"  "AC015982.1"  "AC007743.1"  "AC007250.1"  "AC007381.1" 
 [671] "AC016747.2"  "AC016727.1"  "AC107081.2"  "AC018462.1"  "AC093159.1" 
 [676] "AC092567.1"  "AC009501.1"  "AC012368.2"  "AC012368.1"  "AC114752.2" 
 [681] "AC008074.1"  "AC008074.3"  "AC007365.1"  "AC007389.3"  "AC017083.3" 
 [686] "AC017083.2"  "AC017083.1"  "AC015969.1"  "AC016700.3"  "AC022201.2" 
 [691] "AC007040.2"  "AC007881.2"  "AC007881.3"  "AC007878.1"  "AC092653.1" 
 [696] "AC073046.1"  "AC073263.1"  "AC073263.2"  "AC006030.1"  "AC005041.1" 
 [701] "AC005041.3"  "AC019069.1"  "AC104135.1"  "AC007681.1"  "AC005034.3" 
 [706] "AC005034.2"  "AC005034.4"  "AC084149.2"  "AC008067.1"  "AC105053.1" 
 [711] "AC012511.1"  "AC009309.1"  "AC015971.1"  "AC133644.2"  "AC104134.1" 
 [716] "AC062029.1"  "AC233266.2"  "AC103563.7"  "AC103563.2"  "AC092835.1" 
 [721] "AC009237.14" "AC009237.15" "AC012307.1"  "AC021188.1"  "AC013270.1" 
 [726] "AC159540.2"  "AC159540.1"  "AC092683.1"  "AC092683.2"  "AC109826.1" 
 [731] "AC079447.1"  "AC092587.1"  "AC018690.1"  "AC092667.1"  "AC016738.2" 
 [736] "AC016738.1"  "AC108051.1"  "AC010884.1"  "AC104655.1"  "AC012360.2" 
 [741] "AC012360.1"  "AC012360.3"  "AC108058.1"  "AC010978.1"  "AC009505.1" 
 [746] "AC018878.1"  "AC108868.1"  "AC074387.1"  "AC013271.1"  "AC112229.3" 
 [751] "AC114776.1"  "AC108463.3"  "AC068491.3"  "AC017002.3"  "AC017002.1" 
 [756] "AC017002.2"  "AC012442.1"  "AC079922.2"  "AC016683.1"  "AC016745.1" 
 [761] "AC016745.2"  "AC017074.1"  "AC104653.2"  "AC104653.1"  "AC110769.2" 
 [766] "AC110769.1"  "AC009312.1"  "AC009404.1"  "AC009303.2"  "AC009303.3" 
 [771] "AC093901.1"  "AC013457.1"  "AC012363.1"  "AC012447.1"  "AC073409.1" 
 [776] "AC012508.2"  "AC012508.1"  "AC068282.1"  "AC010976.1"  "AC010976.2" 
 [781] "AC012306.2"  "AC073869.5"  "AC073869.3"  "C2orf27B"    "AJ239322.1" 
 [786] "AC010890.1"  "AC011893.1"  "AC068492.1"  "AC114763.1"  "AC114763.2" 
 [791] "AC092620.3"  "AC092620.1"  "AC096558.1"  "AC096558.2"  "AC079793.1" 
 [796] "AC092652.1"  "AC092652.2"  "AC079584.2"  "AC016910.1"  "AC009951.2" 
 [801] "AC023128.1"  "AC009480.1"  "AC105402.3"  "AC007364.1"  "AC074099.1" 
 [806] "AC019186.1"  "AC013731.1"  "AC091488.1"  "AC008277.1"  "AC009506.1" 
 [811] "AC009961.1"  "AC009313.1"  "AC009299.3"  "AC008063.1"  "AC019197.1" 
 [816] "AC009495.3"  "AC009495.1"  "AC009495.2"  "AC010127.1"  "AC016723.1" 
 [821] "AC007556.1"  "AC012594.1"  "AC007405.1"  "AC007405.3"  "AC078883.2" 
 [826] "AC078883.3"  "AC078883.1"  "AC106900.2"  "AC106900.1"  "AC016737.1" 
 [831] "AC016737.2"  "AC010894.2"  "AC010894.3"  "AC010894.4"  "AC096649.1" 
 [836] "AC093459.1"  "AC074286.1"  "AC079305.3"  "AC079305.1"  "AC019080.3" 
 [841] "AC019080.4"  "AC012499.1"  "AC009948.1"  "AC009948.4"  "AC009948.3" 
 [846] "AC010680.3"  "AC010680.2"  "AC010680.4"  "AC010680.5"  "AC010680.1" 
 [851] "AC104076.1"  "AC068196.1"  "AC020595.1"  "AC009962.1"  "AC021851.1" 
 [856] "AC096667.1"  "AC007966.1"  "AC017071.1"  "AC017101.1"  "AC007319.1" 
 [861] "AC013468.1"  "AC093388.1"  "AC108047.1"  "AC006460.1"  "AC005540.1" 
 [866] "AC098617.1"  "AC068135.2"  "AC010983.1"  "AC104823.1"  "AC064834.1" 
 [871] "AC114760.2"  "AC020571.1"  "AC013264.1"  "AC010746.1"  "AC011997.1" 
 [876] "AC016746.1"  "AC007163.1"  "AC005037.1"  "AC007272.1"  "AC069148.1" 
 [881] "AC079354.1"  "AC079354.3"  "AC064836.2"  "AC064836.3"  "AC007679.1" 
 [886] "AC007383.2"  "AC007383.3"  "AC008269.1"  "AC007879.3"  "AC007879.2" 
 [891] "AC009226.1"  "AC096772.1"  "AC007038.2"  "AC007038.1"  "AC079610.2" 
 [896] "AC079610.1"  "AC068051.1"  "AC016708.1"  "AC072062.1"  "AC012668.3" 
 [901] "AC093382.1"  "AC098820.2"  "AC098820.3"  "AC073321.1"  "AC021016.3" 
 [906] "AC012510.1"  "AC009974.1"  "AC097468.3"  "AC068946.1"  "AC068946.2" 
 [911] "AC053503.2"  "AC053503.5"  "AC009955.3"  "AC009955.2"  "AC009502.1" 
 [916] "AC079834.2"  "AC010980.2"  "AC097461.1"  "AC013476.1"  "AC013448.1" 
 [921] "AC073641.1"  "AC073052.2"  "AC016717.2"  "AC062015.1"  "AC010735.2" 
 [926] "AC097662.1"  "AC009950.1"  "AC010149.1"  "AC012507.2"  "AC012507.1" 
 [931] "AC012507.4"  "AC017104.3"  "AC019130.1"  "AC073254.1"  "AC013726.1" 
 [936] "AC122134.1"  "AC105760.1"  "AC105760.2"  "AC107079.1"  "AC112715.1" 
 [941] "AC112721.1"  "AC112721.2"  "AC104667.2"  "AC104667.1"  "AC012485.3" 
 [946] "AC016999.1"  "AC062017.1"  "AC093802.1"  "AC011298.1"  "AC104809.1" 
 [951] "AC093585.1"  "AC005237.1"  "SEPT2"       "AC133528.1"  "AC114730.3" 
 [956] "AC114730.1"  "AC114730.2"  "AC131097.1"  "AC131097.3"  "AC131097.4" 
 [961] "AC093642.1"  "LINC01238.1" "AC087430.1"  "AC024060.1"  "AC034195.1" 
 [966] "AC018816.1"  "AC026202.2"  "AC026202.3"  "AC069277.1"  "AC068313.1" 
 [971] "AC023481.1"  "AC034187.1"  "AC026191.1"  "AC022382.1"  "AC018809.2" 
 [976] "AC022007.1"  "AC022384.1"  "AC022001.2"  "AC022001.3"  "AC034198.2" 
 [981] "AC090004.1"  "AC093495.1"  "AC090952.2"  "AC090952.1"  "AC090948.1" 
 [986] "AC090948.2"  "AC090948.3"  "AC091493.1"  "AC116096.1"  "AC012087.1" 
 [991] "AC098614.4"  "AC098650.1"  "AC112211.1"  "AC112220.3"  "AC112220.4" 
 [996] "AC112220.2"  "AC123023.1"  "AC011816.2"  "AC126118.1"  "AC097359.3" 
[1001] "AC097359.2"  "AC092053.3"  "AC092053.2"  "AC099560.1"  "AC099541.1" 
[1006] "AC006059.1"  "AC099329.3"  "AC099329.1"  "AC104184.1"  "AC006058.3" 
[1011] "AC006058.1"  "AC104187.1"  "AC099669.1"  "AC124045.1"  "AC098613.1" 
[1016] "AC109583.3"  "AC099778.1"  "AC134772.1"  "AC141002.1"  "AC137630.2" 
[1021] "AC137630.1"  "AC137630.4"  "AC137630.3"  "QARS"        "AC121247.1" 
[1026] "AC104452.1"  "AC105935.1"  "U73166.1"    "CYB561D2.1"  "AC006252.1" 
[1031] "AC006254.1"  "AC096887.1"  "AC012467.2"  "AC097358.2"  "AC137936.1" 
[1036] "AC098479.1"  "AC135507.1"  "AC116036.2"  "AC114400.1"  "ATXN7.1"    
[1041] "AC012557.1"  "AC012557.2"  "AC092040.1"  "AC114401.1"  "AC109587.1" 
[1046] "AC097634.2"  "AC097634.3"  "AC097634.1"  "AC105265.4"  "AC112219.2" 
[1051] "AC112219.1"  "AC017015.2"  "AC107204.1"  "AC117513.1"  "AC110491.3" 
[1056] "AC110491.2"  "AC021660.2"  "AC107029.2"  "AC069222.1"  "AC020651.1" 
[1061] "AC106712.1"  "AC063944.1"  "AC117402.1"  "AC128688.2"  "AC112487.1" 
[1066] "AC092894.1"  "AC074044.1"  "AC078785.1"  "AC078785.2"  "AC108693.2" 
[1071] "AC128687.2"  "AC093010.2"  "AC046136.1"  "AC068633.1"  "AC073352.1" 
[1076] "AC073352.2"  "AC092910.3"  "AC083798.2"  "AC112503.2"  "AC112503.1" 
[1081] "AC020634.1"  "AC092902.3"  "AC092903.2"  "AC079848.1"  "AC084035.1" 
[1086] "AC112484.3"  "AC112484.1"  "AC108673.2"  "AC108673.3"  "AC055733.2" 
[1091] "AC107027.1"  "AC022296.3"  "AC072039.2"  "AC117382.2"  "AC096992.2" 
[1096] "AC016252.1"  "AC024933.1"  "AC097103.2"  "AC121333.1"  "AC026304.1" 
[1101] "AC092958.1"  "AC092979.1"  "AC117395.1"  "AC020636.1"  "AC108718.1" 
[1106] "AC026347.1"  "AC117394.2"  "AC078788.1"  "AC073359.2"  "AC073359.1" 
[1111] "AC104472.3"  "AC084036.1"  "AC104411.1"  "AC106707.1"  "AC080013.4" 
[1116] "AC080013.6"  "AC080013.1"  "AC080013.5"  "AC079594.2"  "AC069224.1" 
[1121] "AC112491.1"  "AC078802.1"  "AC078795.1"  "AC078795.3"  "AC078795.2" 
[1126] "AC008040.1"  "AC008040.5"  "AC073288.1"  "AC092919.1"  "AC068759.1" 
[1131] "AC026355.1"  "AC109779.1"  "AC076966.1"  "AC007823.1"  "AC007620.2" 
[1136] "AC007620.3"  "AC090425.2"  "AC090425.1"  "AC007687.1"  "CCDC39.1"   
[1141] "AC108734.4"  "AC069431.1"  "AC092953.2"  "AC131160.1"  "AC131235.4" 
[1146] "AC131235.3"  "AC107294.2"  "AC107294.3"  "AC107294.1"  "AC068631.1" 
[1151] "AC112907.3"  "AC112907.1"  "AC072022.1"  "AC080129.2"  "AC046143.1" 
[1156] "AC046143.2"  "AC069213.1"  "AC233280.1"  "AC124944.1"  "AC117490.2" 
[1161] "AC128709.2"  "AC024560.3"  "AC024560.1"  "AC055764.2"  "AC055764.1" 
[1166] "AC092574.1"  "AC107464.1"  "AC107464.3"  "AC139887.4"  "AC139887.2" 
[1171] "AC139887.1"  "AC092535.3"  "AC092535.1"  "AC092535.4"  "AC147067.2" 
[1176] "AC147067.1"  "AC016773.1"  "AL158068.2"  "AC105415.1"  "AC113615.1" 
[1181] "AC093323.1"  "AC097382.2"  "AC097381.1"  "AC104825.1"  "AC105345.2" 
[1186] "AC105345.1"  "AC025539.1"  "AC005699.1"  "AC007370.2"  "AC007370.1" 
[1191] "AC007126.1"  "AC092546.1"  "AC006296.1"  "AC098829.1"  "AC099550.1" 
[1196] "AC116651.1"  "AC108063.1"  "AC097515.1"  "AC006160.1"  "AC097505.1" 
[1201] "AC104662.2"  "AC104662.1"  "AC092436.4"  "AC133961.1"  "AC106047.1" 
[1206] "AC024132.3"  "AC109588.1"  "AC068944.1"  "AC104078.1"  "AL136537.1" 
[1211] "AC027607.1"  "AC079921.1"  "AC079921.2"  "AC108471.2"  "AC095057.2" 
[1216] "AC098869.2"  "AC106052.1"  "AC111006.1"  "AC024022.1"  "AC096734.2" 
[1221] "AC096734.1"  "AC096586.2"  "AC096586.1"  "AC107398.2"  "AC107068.2" 
[1226] "AC107068.1"  "AC027271.1"  "AC104066.2"  "AC023154.1"  "AC110792.3" 
[1231] "AC110792.2"  "AC069200.1"  "AC024243.1"  "AC068620.1"  "AC068620.2" 
[1236] "AC069307.1"  "AC093857.1"  "AC020741.1"  "AC104806.2"  "AC111000.4" 
[1241] "AC009570.1"  "AC053527.1"  "AC093677.2"  "AC110760.2"  "AC110760.1" 
[1246] "AC110615.1"  "AC112719.2"  "AC098818.2"  "AC092542.1"  "AC021127.1" 
[1251] "AC124016.2"  "AC124016.1"  "AC114781.2"  "AC104827.1"  "AC093827.5" 
[1256] "AC093827.4"  "AC112250.2"  "AC093895.1"  "AC107067.1"  "AC083829.2" 
[1261] "AC104785.1"  "AC097478.1"  "AC004054.1"  "AC096746.1"  "AC106881.1" 
[1266] "AC019077.1"  "AC114811.2"  "AC019131.2"  "AP002026.1"  "AC097460.1" 
[1271] "AP001816.1"  "AP002075.1"  "AC098487.1"  "AF213884.3"  "AC018797.2" 
[1276] "AC004053.1"  "AC096577.1"  "AC004069.1"  "AC109361.1"  "AC096564.1" 
[1281] "AC096564.2"  "AC004067.1"  "AC126283.2"  "AC126283.1"  "AC109347.1" 
[1286] "AC109347.2"  "AC023886.1"  "AC106864.1"  "AC104779.1"  "AC110079.2" 
[1291] "AC093752.3"  "AC093752.2"  "AC108866.1"  "AC079341.1"  "AC079341.2" 
[1296] "AC021205.3"  "AC093591.2"  "AC108062.1"  "AC110609.1"  "AC078850.1" 
[1301] "AC078850.2"  "AC096711.2"  "AC096711.3"  "AC096711.1"  "AC107463.1" 
[1306] "AC093766.1"  "AC109927.1"  "AC097376.2"  "AC112236.2"  "AC112236.1" 
[1311] "AC131182.1"  "AC096733.1"  "AC096733.2"  "AC097504.2"  "AC139720.1" 
[1316] "AC104596.1"  "AC093864.1"  "AC108206.1"  "AC093835.1"  "AC069272.1" 
[1321] "AC108935.1"  "AC110813.1"  "AC095055.1"  "AC104819.3"  "AC092611.2" 
[1326] "AC092611.1"  "AC097375.1"  "AC079340.1"  "AC079340.2"  "AC080078.1" 
[1331] "AC080078.2"  "AC106882.1"  "AC020703.1"  "AC097467.3"  "AC098679.1" 
[1336] "AC023136.1"  "AC022272.1"  "AC093788.1"  "AC021151.1"  "AC096741.1" 
[1341] "AC105285.1"  "AC097534.1"  "AC097534.2"  "AC093849.1"  "AC106895.1" 
[1346] "AC096751.2"  "AC019163.1"  "AC078881.1"  "AC098864.1"  "AC079766.1" 
[1351] "AC107214.1"  "AC107214.2"  "AC084871.2"  "AC112722.1"  "AC106897.1" 
[1356] "AC093797.1"  "AC097652.1"  "AC138781.1"  "AC093909.4"  "AF250324.1" 
[1361] "AC021087.1"  "AC106772.1"  "AC026740.1"  "AC116351.1"  "AC116351.2" 
[1366] "AC114291.1"  "AC091849.2"  "AC026412.3"  "AC112176.1"  "AC126768.3" 
[1371] "AC091891.2"  "AC010451.2"  "AC122710.3"  "AC025174.1"  "AC091965.1" 
[1376] "AC091965.4"  "AC091932.1"  "AC091906.1"  "AC034229.1"  "AC034229.4" 
[1381] "AC012640.1"  "AC012640.4"  "AC012640.2"  "AC012629.2"  "AC010491.1" 
[1386] "AC016575.1"  "AC092335.1"  "AC022113.1"  "AC022113.2"  "AC026785.2" 
[1391] "AC106774.10" "AC093274.1"  "AC091946.2"  "AC099499.2"  "AC106754.1" 
[1396] "AC022140.1"  "AC008825.1"  "AC113386.1"  "AC025178.1"  "AC025181.2" 
[1401] "AC010343.3"  "AC034231.1"  "AC139792.1"  "AC026801.2"  "AC137810.1" 
[1406] "AC008957.1"  "AC026741.1"  "AC093277.1"  "AC108099.1"  "AC008945.1" 
[1411] "AC008875.1"  "AC025171.3"  "AC025171.5"  "AC025171.2"  "AC025171.4" 
[1416] "AC114947.2"  "AC114956.2"  "AC114956.1"  "AC093297.2"  "AC114954.1" 
[1421] "AC112187.3"  "AC008966.2"  "AC008966.1"  "AC025175.1"  "AC026704.1" 
[1426] "AC008914.1"  "AC008892.1"  "AC016596.1"  "AC034245.1"  "AC008937.2" 
[1431] "AC008937.1"  "AC008937.3"  "AC016644.1"  "AC025470.2"  "AC016642.1" 
[1436] "AC092343.1"  "AC104113.1"  "AC092354.2"  "AC092354.1"  "AC025176.1" 
[1441] "AC010359.1"  "AC025442.1"  "AC113378.1"  "AC112206.2"  "AC010280.2" 
[1446] "AC010273.2"  "AC010273.1"  "AC146944.4"  "AC035140.1"  "AC008972.1" 
[1451] "AC008972.2"  "AC099522.2"  "AC010501.1"  "AC116337.3"  "AC008897.2" 
[1456] "AC008897.3"  "AC010245.1"  "AC010245.2"  "AC113404.1"  "AC026725.1" 
[1461] "AC025188.1"  "AC008581.2"  "AC008581.1"  "AC012636.1"  "AC010260.1" 
[1466] "AC008771.1"  "AC008434.1"  "AC026427.1"  "AC026726.1"  "AC108174.1" 
[1471] "AC027338.1"  "AC104118.1"  "AC114928.1"  "AC008539.1"  "AC109492.1" 
[1476] "AC018754.1"  "AC093281.2"  "AC123595.1"  "AC123595.2"  "AC008799.2" 
[1481] "AC108102.1"  "AC008534.1"  "AC012312.1"  "AC008840.1"  "AC008592.4" 
[1486] "AC008592.5"  "AC104123.1"  "AC008592.2"  "AC020900.1"  "AC008906.1" 
[1491] "AC008906.2"  "AC009126.1"  "AC008522.1"  "AC021086.1"  "AC099487.1" 
[1496] "AC091987.1"  "AC008467.1"  "AC091917.3"  "AC012603.1"  "AC010468.2" 
[1501] "AC010275.1"  "AC010261.1"  "AC010261.2"  "AC079465.1"  "AC010230.1" 
[1506] "AC008494.3"  "AC010226.1"  "AC008549.2"  "AC034236.3"  "AC034236.2" 
[1511] "AC093206.1"  "AC008629.1"  "AC008568.1"  "AC010255.3"  "AC106786.2" 
[1516] "AC010235.1"  "AC093535.1"  "AC011416.3"  "AC068658.1"  "AC026398.1" 
[1521] "AC116366.3"  "AC116366.2"  "AC116366.1"  "AC004039.1"  "AC004775.1" 
[1526] "AC010240.3"  "AC010307.3"  "AC008608.2"  "AC104109.3"  "AC104109.2" 
[1531] "AC109454.2"  "AC109454.3"  "AC026691.1"  "AC022092.1"  "AC112178.1" 
[1536] "AC106791.1"  "AC113382.1"  "AC113382.2"  "AC104116.1"  "AC034243.1" 
[1541] "AC011405.1"  "MATR3.1"     "AC135457.1"  "AC113361.1"  "AC008667.1" 
[1546] "AC008667.4"  "AC008667.2"  "AC008438.1"  "AC244517.11" "AC005618.1" 
[1551] "AC008781.2"  "AC008781.1"  "AC005740.4"  "AC005740.3"  "AC005592.1" 
[1556] "AC091959.3"  "AC091948.1"  "AC114939.1"  "AC116312.1"  "AC012613.2" 
[1561] "AC131025.1"  "AC008641.1"  "AC011337.1"  "AC011374.1"  "AC011374.2" 
[1566] "AC091982.1"  "AC091982.3"  "AC011377.1"  "AC010609.1"  "AC009185.1" 
[1571] "AC008676.1"  "AC106801.1"  "AC136424.2"  "AC134043.1"  "AC008691.1" 
[1576] "AC008609.1"  "AC011363.1"  "AC113414.1"  "AC109466.1"  "AC008708.2" 
[1581] "AC008637.1"  "AC008680.1"  "AC034199.1"  "AC027306.1"  "AC022217.2" 
[1586] "AC022217.3"  "AC008429.1"  "AC008429.3"  "AC008378.1"  "AC139491.3" 
[1591] "AC139491.1"  "AC139491.7"  "AC139491.4"  "AC138956.1"  "AC138956.2" 
[1596] "AC145098.1"  "AC139795.3"  "AC139795.2"  "AC138819.1"  "AC140125.2" 
[1601] "AC140125.1"  "AC140125.3"  "AC106795.3"  "AC106795.2"  "AC106795.5" 
[1606] "AC136604.2"  "AC136604.3"  "AC008393.1"  "AC010285.1"  "AC008610.1" 
[1611] "AC008443.5"  "AC008443.6"  "AC008443.4"  "AC008443.2"  "AC008443.3" 
[1616] "AC138035.1"  "AC138035.2"  "AL035696.3"  "AL031770.1"  "AL357054.4" 
[1621] "AL357054.2"  "AL357054.3"  "AL392183.1"  "AL512329.2"  "AL031768.1" 
[1626] "AL133351.1"  "AL031963.3"  "AL031963.1"  "AL445309.1"  "AL391422.3" 
[1631] "AL590004.4"  "AL138831.2"  "AL138831.1"  "AL136309.4"  "AL136309.2" 
[1636] "AL162718.1"  "AL022725.1"  "AL359643.3"  "AL359643.2"  "AL021328.1" 
[1641] "AL022097.1"  "AL136307.1"  "AL031123.2"  "AL031123.1"  "AL136361.1" 
[1646] "AL158817.1"  "AL139390.1"  "AL139095.4"  "AL031058.1"  "AL359378.1" 
[1651] "AL138885.3"  "AL024498.1"  "AL357497.1"  "AL445430.1"  "AL157373.2" 
[1656] "AL008729.1"  "AL008729.2"  "AL441883.1"  "AL023583.1"  "AL080313.2" 
[1661] "AL109914.1"  "AL138720.1"  "AL136162.1"  "AL009031.1"  "AL137003.1" 
[1666] "AL137003.2"  "AL138724.1"  "AL022068.1"  "AL158198.1"  "AL513188.1" 
[1671] "AL512380.1"  "AL512380.2"  "AL031775.1"  "AL031775.2"  "AL133264.2" 
[1676] "AL133268.3"  "AL133268.2"  "U91328.2"    "U91328.1"    "U91328.3"   
[1681] "HIST1H2BC"   "AL353759.1"  "HIST1H2BE"   "AL031777.3"  "HIST1H2BF"  
[1686] "HIST1H2BG"   "HIST1H2BI"   "AL121936.1"  "AL513548.3"  "AL513548.1" 
[1691] "AL021807.1"  "AL031118.1"  "AL009179.1"  "AL121944.1"  "AL358933.1" 
[1696] "AL021997.3"  "AL049543.1"  "AL662890.1"  "AL645937.4"  "AL645939.4" 
[1701] "AL645929.2"  "AL662797.1"  "AL662844.4"  "AL662844.3"  "AL645933.2" 
[1706] "AL662899.2"  "AL662884.4"  "AL662796.1"  "AL669918.1"  "AL645941.2" 
[1711] "AL645941.3"  "AL645940.1"  "AL662820.1"  "AL138889.1"  "AL451165.2" 
[1716] "Z97832.2"    "AL157823.2"  "Z84485.1"    "Z84484.1"    "AL353597.1" 
[1721] "AL121574.1"  "AL034345.2"  "AL590999.1"  "AL035588.1"  "AL365205.3" 
[1726] "AL365205.1"  "AL160163.1"  "AL513008.1"  "AL512274.1"  "AL035587.1" 
[1731] "AL136304.1"  "AL355385.1"  "AL133375.1"  "AL355802.2"  "AL136131.3" 
[1736] "AL109615.3"  "AL109615.2"  "AL353588.1"  "AL096865.1"  "AL035701.1" 
[1741] "AL591242.1"  "AL355353.1"  "AL034374.1"  "AL033397.2"  "AL590652.1" 
[1746] "AL513211.1"  "AL033384.2"  "FO680682.1"  "AL021368.3"  "AL021368.1" 
[1751] "AL021368.2"  "AL445250.1"  "AL135905.1"  "AL354719.2"  "AL713998.1" 
[1756] "AL391807.1"  "AL160262.1"  "AL365226.2"  "AL365226.1"  "AL583856.2" 
[1761] "AC019205.1"  "AL603910.1"  "AL121972.1"  "AL590428.1"  "AL356277.3" 
[1766] "AL080250.1"  "AL445465.1"  "AL591030.1"  "AL451064.1"  "AL359715.3" 
[1771] "AL359715.1"  "AL359715.2"  "AL359693.1"  "AL355613.1"  "AL034347.1" 
[1776] "AL589666.1"  "AL139274.2"  "AL049697.1"  "AL139042.1"  "AL353135.1" 
[1781] "AL159174.1"  "AL096678.1"  "AL121787.1"  "AL132996.1"  "AL133457.1" 
[1786] "AL138731.1"  "AL589740.1"  "AL590727.1"  "AL589826.2"  "AL513550.1" 
[1791] "AL137784.2"  "AL133338.1"  "AL133406.3"  "AL133406.2"  "AL591518.1" 
[1796] "AL109920.1"  "AL024507.2"  "Z98200.1"    "AL390208.1"  "AL359711.2" 
[1801] "AL512303.1"  "AC002464.1"  "AL080317.1"  "AL080317.2"  "AL080317.3" 
[1806] "Z97989.1"    "FO393415.1"  "AL050331.2"  "Z84488.1"    "AL445224.1" 
[1811] "AL365275.1"  "AL365259.1"  "AC020559.1"  "AL096711.2"  "AL590006.1" 
[1816] "AL356124.2"  "AL356124.1"  "AL355581.1"  "AL133346.1"  "AL032821.1" 
[1821] "AL078590.2"  "AL078590.3"  "AL596188.1"  "AL121970.1"  "AL353596.1" 
[1826] "AL049552.1"  "AL138828.1"  "AL023284.4"  "AL024508.2"  "AL024508.1" 
[1831] "AL356234.2"  "AL356234.3"  "AL357060.1"  "AL591468.1"  "AL590617.2" 
[1836] "AL031772.1"  "AL158850.1"  "AL035446.1"  "AL355596.1"  "AL023584.1" 
[1841] "AL023584.2"  "AL355304.1"  "AL023581.2"  "AL023581.1"  "AL049844.1" 
[1846] "AL049844.3"  "AL024474.2"  "AL023806.1"  "AL023806.2"  "AL356599.1" 
[1851] "AL138916.2"  "AL031056.1"  "AL031056.2"  "AL078581.3"  "AL078581.1" 
[1856] "AL358852.1"  "AL355312.2"  "AL355312.4"  "AL450344.2"  "AL133260.2" 
[1861] "AL138733.1"  "AL080276.2"  "AL590867.1"  "AL596202.1"  "AL355297.3" 
[1866] "AL355297.4"  "AL355297.2"  "AL049820.1"  "AL390955.2"  "AL391863.2" 
[1871] "AL391863.1"  "AL035634.1"  "AL627422.2"  "AL035530.2"  "AL356417.3" 
[1876] "AL356417.1"  "AL078604.2"  "SOD2.1"      "AL139393.1"  "AL139393.2" 
[1881] "AL445307.1"  "Z97205.2"    "AL121956.1"  "AL022069.1"  "AL159163.1" 
[1886] "Z94721.1"    "AL121935.1"  "AL121935.2"  "AL009178.3"  "BX322234.1" 
[1891] "BX322234.2"  "AL009176.1"  "AL354892.2"  "AL354892.1"  "AL109910.2" 
[1896] "AL078605.1"  "AL731661.2"  "AL731661.1"  "AL731684.2"  "AC093627.1" 
[1901] "AC093627.6"  "AC093627.5"  "AC093627.4"  "AC093627.3"  "AC226118.1" 
[1906] "AC147651.1"  "AC147651.4"  "AC073957.3"  "AC073957.1"  "AC073957.2" 
[1911] "AC091729.1"  "AC091729.3"  "AC102953.1"  "AC102953.2"  "AC093734.1" 
[1916] "AC074389.2"  "AC104129.1"  "AC004906.1"  "AC024028.1"  "AC073316.1" 
[1921] "AC093620.1"  "AC092171.1"  "AC092171.4"  "AC092171.3"  "AC092171.5" 
[1926] "AC092171.2"  "AC006483.2"  "AC004895.1"  "AC079742.1"  "AC073343.2" 
[1931] "AC004982.1"  "AC004982.2"  "AC004948.1"  "AC006042.4"  "AC006042.2" 
[1936] "AC006042.1"  "AC007009.1"  "AC004852.2"  "AC004949.1"  "AC007029.1" 
[1941] "AC013470.2"  "AC011287.1"  "AC005550.2"  "AC005014.3"  "AC005014.2" 
[1946] "AC073333.1"  "AC073332.1"  "AC019117.2"  "AC019117.1"  "AC006482.1" 
[1951] "AC010082.1"  "AC003986.2"  "AC007001.1"  "AC099342.1"  "AC004130.1" 
[1956] "AC002480.2"  "AC002480.3"  "AC002480.4"  "AC073072.1"  "AC005082.1" 
[1961] "MPP6"        "AC005165.1"  "AC010719.1"  "AC004520.1"  "AC004540.2" 
[1966] "AC004540.1"  "AC005091.1"  "AC005162.3"  "AC005162.1"  "AC004593.3" 
[1971] "AC004593.1"  "AC007255.1"  "AC007285.1"  "AC007285.2"  "AC007036.1" 
[1976] "AC006978.2"  "AC006027.1"  "AC005154.6"  "AC005154.5"  "AC005154.4" 
[1981] "GARS"        "AC018645.2"  "AC018648.1"  "AC008080.1"  "AC008080.4" 
[1986] "AC018647.2"  "AC018647.1"  "AC007327.2"  "AC006960.3"  "AC006960.2" 
[1991] "AC007349.4"  "AC007349.1"  "AC007349.3"  "AC007349.2"  "AC006033.2" 
[1996] "AC004837.2"  "AC072061.1"  "AC004988.1"  "AC010132.4"  "AC010132.3" 
[2001] "AC005537.1"  "AC004951.1"  "AC004854.2"  "AC073115.2"  "AC073115.1" 
[2006] "AC020743.1"  "AC124014.1"  "AC099681.1"  "AC099681.2"  "AC092647.5" 
[2011] "AC092447.5"  "AC118758.3"  "AC092634.5"  "AC092634.3"  "AC073349.1" 
[2016] "AC068533.4"  "AC008267.5"  "AC027644.4"  "AC027644.3"  "AC073335.2" 
[2021] "AC006480.2"  "AC006012.1"  "AC211476.2"  "AC099398.1"  "AC211486.5" 
[2026] "AC211486.2"  "AC005522.1"  "AC114737.1"  "AC098851.1"  "AC004921.1" 
[2031] "AC004990.1"  "AC004862.1"  "AC074183.1"  "AC005009.1"  "AC005009.2" 
[2036] "AC005076.1"  "AC003991.2"  "AC003991.1"  "AC002383.1"  "AC004969.1" 
[2041] "AC002456.1"  "AC079760.2"  "AC007566.1"  "AC002454.1"  "AC002076.1" 
[2046] "AC003092.1"  "AC002074.1"  "AC002429.2"  "AC005021.1"  "AC002451.1" 
[2051] "AC093799.1"  "AC004834.1"  "AC004922.1"  "AC069294.1"  "AC004522.2" 
[2056] "AC073842.2"  "AC073842.1"  "AC092849.2"  "AC092849.1"  "AC069281.1" 
[2061] "AC254629.1"  "AC105446.1"  "AC006329.1"  "AC005096.1"  "AC005086.1" 
[2066] "AC073517.1"  "AC093668.3"  "AC093668.1"  "POLR2J3.1"   "AC005064.1" 
[2071] "AC007384.1"  "AC005070.3"  "AC004884.2"  "AC073073.2"  "AC007032.1" 
[2076] "AC005050.1"  "AC002384.1"  "AC004492.1"  "AC004839.1"  "AC002467.1" 
[2081] "AC005046.1"  "AC004112.1"  "AC018464.1"  "AC073130.2"  "AC106873.1" 
[2086] "AC006333.2"  "AC006148.1"  "AC003975.1"  "AC000123.1"  "AC000124.1" 
[2091] "AC073934.1"  "AC018635.2"  "AC090114.2"  "AC018638.7"  "AC018638.6" 
[2096] "AC011005.1"  "AC078846.1"  "AC073320.1"  "AC087071.1"  "AC087071.2" 
[2101] "AC007938.1"  "AC007938.2"  "AC007938.3"  "AC016831.6"  "AC016831.7" 
[2106] "AC016831.1"  "AC016831.5"  "AC058791.1"  "AC008264.2"  "AC018643.1" 
[2111] "AC009365.1"  "AC009365.3"  "AC009275.1"  "AC009276.1"  "AC083862.2" 
[2116] "AC009542.1"  "AC091736.1"  "AC015987.1"  "AC024084.1"  "AC078845.1" 
[2121] "AC083880.1"  "AC073878.2"  "AC073878.1"  "AC004918.1"  "AC245088.2" 
[2126] "AC073342.2"  "AC073342.1"  "AC093673.2"  "AC093673.1"  "AC004889.1" 
[2131] "AC074386.1"  "AC006004.1"  "AC006974.2"  "AC005229.4"  "AC004941.1" 
[2136] "AC073314.1"  "AC004877.1"  "AC093458.1"  "AC092681.3"  "AC092681.2" 
[2141] "AC092666.1"  "AC005586.1"  "AC073111.5"  "AC010973.1"  "AC010973.2" 
[2146] "AC021097.2"  "ABCF2.1"     "AC021097.1"  "AC006017.1"  "AC093726.2" 
[2151] "AC099552.1"  "AC099552.2"  "AC144652.1"  "AC008060.1"  "AC009403.1" 
[2156] "AC005534.1"  "AC006372.3"  "AC006372.1"  "AC005481.1"  "AC011899.2" 
[2161] "AC011899.3"  "AL732314.6"  "AL732314.4"  "AL672277.1"  "AL683807.1" 
[2166] "AL683807.2"  "BX890604.1"  "AC110995.1"  "AC097347.1"  "AC073529.1" 
[2171] "AC004554.2"  "AC079171.1"  "AC003035.1"  "AL928596.1"  "AC131011.1" 
[2176] "AC107419.1"  "CXorf21"     "AC108879.1"  "AC091808.1"  "AL592164.1" 
[2181] "AC092198.1"  "AC091806.1"  "AL109797.1"  "AC234772.3"  "AC234772.2" 
[2186] "AL591503.1"  "AF196972.1"  "AC115618.1"  "AC115618.2"  "AC231533.1" 
[2191] "AC232271.1"  "AC233976.1"  "AL158055.1"  "AL445472.1"  "AL354793.1" 
[2196] "AL139397.1"  "AL022157.1"  "AL034397.2"  "AL034397.3"  "AL157700.1" 
[2201] "AL139398.1"  "AL590764.2"  "AL590764.1"  "BX276092.9"  "AL353804.1" 
[2206] "AC233296.1"  "AL391294.1"  "AL035427.1"  "Z68871.1"    "TMSB15B.1"  
[2211] "AL034399.2"  "AC004973.1"  "AL359851.1"  "AL121601.1"  "AL034405.1" 
[2216] "AL672032.1"  "AL590282.2"  "AL683813.1"  "AL078639.1"  "AL713923.1" 
[2221] "AL589669.1"  "L29074.1"    "AC244197.3"  "AC244197.2"  "BX546450.2" 
[2226] "BX546450.1"  "U52111.1"    "U52112.2"    "AC245140.1"  "AC245140.3" 
[2231] "AC245140.2"  "TAZ"         "AC244090.1"  "AC234781.1"  "BX571846.1" 
[2236] "AC004908.1"  "AC004908.3"  "AC083964.1"  "AC129915.3"  "AF067845.1" 
[2241] "AC100810.3"  "AC100810.1"  "AC019257.8"  "AC019257.1"  "AC019257.2" 
[2246] "AC245187.2"  "AC246817.2"  "AC246817.1"  "AC004944.1"  "AC016065.1" 
[2251] "AF287957.1"  "AF233439.1"  "AC103957.1"  "AC103957.2"  "AC087269.1" 
[2256] "AC022784.7"  "AC022784.3"  "AC022784.8"  "AC022784.2"  "AC022784.1" 
[2261] "AC021242.3"  "AC034111.1"  "AC104964.1"  "AC104964.4"  "AC105001.1" 
[2266] "PINX1.1"     "AC011008.1"  "AF131215.3"  "AF131215.7"  "AF131216.4" 
[2271] "AF131216.1"  "AF131216.3"  "AF131216.5"  "AC022239.1"  "AC069185.1" 
[2276] "AC145124.1"  "AC087203.3"  "AC130352.1"  "AC123777.1"  "AC019270.1" 
[2281] "AC079193.2"  "AC087273.2"  "AC124242.1"  "AC100800.1"  "AC100849.1" 
[2286] "AC015468.3"  "AC015468.1"  "AC105206.2"  "AC037459.2"  "AC037459.4" 
[2291] "AC037459.3"  "AC107959.1"  "AC107959.2"  "AC107959.3"  "AC107959.4" 
[2296] "AC100861.2"  "AC104561.1"  "AC023202.1"  "AC120193.1"  "AF106564.1" 
[2301] "AC107373.2"  "AC091185.1"  "AC013643.2"  "AC021678.2"  "AC025871.1" 
[2306] "AC108449.3"  "AC108449.1"  "AC084026.2"  "AC084026.1"  "AC044849.1" 
[2311] "AC026979.2"  "AC026979.1"  "AC026979.3"  "AC102945.1"  "AC009563.1" 
[2316] "AC090204.1"  "AC067838.1"  "AF279873.3"  "AC124067.4"  "AC137579.1" 
[2321] "AC138356.3"  "AC138356.1"  "AP006545.2"  "AC084024.1"  "AC084024.3" 
[2326] "AC087362.2"  "AC087362.1"  "AC087623.3"  "AC087623.1"  "AC087623.4" 
[2331] "AC087623.2"  "AC067817.2"  "AC108863.1"  "AC010857.1"  "AC009630.1" 
[2336] "AC009630.2"  "AC009630.3"  "AC113133.1"  "AC027702.1"  "AC103724.4" 
[2341] "AC103724.3"  "AC083973.1"  "AC090739.1"  "AC103843.1"  "AC120036.4" 
[2346] "AC026904.2"  "AC090186.1"  "AC064807.1"  "AC064807.4"  "AC064807.2" 
[2351] "AC021915.2"  "AC103831.1"  "AC100821.2"  "AC107952.2"  "AC012349.1" 
[2356] "AC013644.1"  "AC025674.2"  "AC090796.1"  "AC104051.2"  "AC090152.1" 
[2361] "AC068389.4"  "AC068389.1"  "AC068389.2"  "AC113143.1"  "AC022182.1" 
[2366] "AC022182.2"  "AC091173.1"  "AC025524.2"  "AC120042.3"  "AC120042.1" 
[2371] "AC011978.2"  "AC022639.1"  "AC090136.3"  "AC100814.1"  "AC055822.1" 
[2376] "AC100812.1"  "AC084082.1"  "AC021321.1"  "AC083967.1"  "AC079089.1" 
[2381] "AC022730.4"  "AC022858.1"  "AC009446.1"  "AC078906.1"  "AC022893.3" 
[2386] "AC022893.1"  "AC027018.1"  "AC022826.2"  "AC087672.2"  "AC087672.1" 
[2391] "AC087627.1"  "AC011632.1"  "AC022274.1"  "AC067773.1"  "AC083837.1" 
[2396] "AC036214.1"  "AC036214.3"  "AC009686.2"  "AC009686.1"  "AC034114.2" 
[2401] "AC009812.1"  "AC009812.3"  "AC009812.4"  "AC022778.1"  "AC079209.2" 
[2406] "AC079209.1"  "AC009902.3"  "AC009902.2"  "AC011773.4"  "AC011773.1" 
[2411] "AC011773.3"  "AC100801.1"  "AF121898.1"  "AC090578.1"  "AF117829.1" 
[2416] "AC106038.1"  "AC103770.1"  "AC104211.2"  "AC117834.1"  "AC120053.1" 
[2421] "AC010834.3"  "AC010834.1"  "AC010834.2"  "AC084346.2"  "AC023632.5" 
[2426] "AC023632.2"  "AC108860.2"  "AP003692.1"  "AC087752.4"  "AC068189.1" 
[2431] "AC083836.1"  "AP003465.1"  "AP003117.2"  "AP003352.1"  "AC016877.1" 
[2436] "AC104986.2"  "AC107909.2"  "AC018442.2"  "AP003472.1"  "AP000424.1" 
[2441] "AP000424.2"  "AC018781.1"  "AP003469.2"  "AP003469.3"  "AP003469.4" 
[2446] "AP001330.5"  "AP000426.1"  "AP002907.1"  "AP002852.1"  "AP003696.1" 
[2451] "AP003354.1"  "AP003354.2"  "AP003550.1"  "AC025370.1"  "AC012213.3" 
[2456] "AC012213.2"  "AC027031.2"  "AC090579.1"  "AC087620.1"  "AC104248.1" 
[2461] "AC021237.1"  "AF178030.1"  "AC023590.1"  "AP005717.1"  "AC091563.1" 
[2466] "AC104958.1"  "AC104958.2"  "AC068413.1"  "AC037486.1"  "AC108136.1" 
[2471] "AC016405.3"  "AC016405.2"  "AC104316.2"  "AC104316.1"  "AC068228.1" 
[2476] "AC090921.1"  "AC090192.2"  "AC090198.1"  "AC090922.1"  "AC100858.3" 
[2481] "AC009908.1"  "AC084083.1"  "AC087667.1"  "AC084116.1"  "AC084116.3" 
[2486] "AC103718.1"  "AC022973.4"  "AC022973.3"  "AC022973.2"  "AC090987.1" 
[2491] "AF230666.1"  "AC103706.1"  "AC110741.1"  "AC105180.1"  "AC087045.2" 
[2496] "AC083843.3"  "AC083843.2"  "AC083843.1"  "AC079015.1"  "AC087354.1" 
[2501] "AC107375.1"  "AC040970.1"  "AC011676.1"  "AC011676.2"  "AC011676.3" 
[2506] "AC100803.1"  "AC100803.3"  "AC134682.1"  "AC108002.1"  "AC083841.2" 
[2511] "AC138696.2"  "AC067930.4"  "AC067930.1"  "AC067930.5"  "AC067930.2" 
[2516] "AC067930.3"  "AC105219.2"  "AC109322.1"  "AC233992.2"  "AC233992.3" 
[2521] "AC084125.1"  "AC084125.4"  "AF186192.1"  "AF186192.3"  "AL928970.1" 
[2526] "AL158832.1"  "AL161725.1"  "AL136979.1"  "AL359076.1"  "AL354977.2" 
[2531] "AL354977.1"  "AL162419.1"  "AL135786.2"  "AL162253.1"  "AL136980.1" 
[2536] "AL133480.1"  "AL162411.1"  "AL354707.2"  "AL354707.1"  "AL354694.1" 
[2541] "AL135923.2"  "AL159169.3"  "AL159169.2"  "AL449983.1"  "AL161909.2" 
[2546] "AL391834.1"  "AL391834.2"  "AL591222.1"  "AL359922.2"  "AL157937.1" 
[2551] "AL391117.1"  "AL445623.2"  "AL355432.1"  "AL163192.1"  "AL360014.1" 
[2556] "AL589642.1"  "AL157884.2"  "AL356489.3"  "AL356489.2"  "AL354989.1" 
[2561] "AL162231.1"  "AL162231.2"  "AL353795.2"  "AL357874.2"  "AL357874.1" 
[2566] "AL133410.2"  "AL133410.1"  "AL161781.2"  "AL512604.3"  "AL512604.2" 
[2571] "AL138752.2"  "AL591543.1"  "BX255923.1"  "BX255923.2"  "AL845472.1" 
[2576] "BX088651.4"  "BX088651.2"  "AL591441.1"  "AL935212.1"  "AL391987.4" 
[2581] "AL391987.2"  "AL590399.3"  "AL590399.1"  "BX005266.2"  "AL512625.2" 
[2586] "AL512625.3"  "AL512625.1"  "CR786580.1"  "AL136317.2"  "AL513478.2" 
[2591] "AL353770.4"  "AL353608.2"  "AL161457.2"  "AL353616.2"  "AL358113.1" 
[2596] "AL162412.1"  "AL135924.2"  "AL358975.1"  "AL161912.2"  "AL591368.1" 
[2601] "AL158154.2"  "AL137847.2"  "AL354920.1"  "AL354733.1"  "AL354733.2" 
[2606] "AL354733.3"  "AL390838.1"  "AL353743.2"  "AL513318.2"  "AL772337.1" 
[2611] "AL606807.1"  "AL355607.1"  "AL158071.3"  "AL158071.1"  "AL158071.4" 
[2616] "AL158071.5"  "AL353764.1"  "AL451065.1"  "AL390760.1"  "AL583839.1" 
[2621] "AL158152.2"  "AL158152.1"  "AL691447.2"  "AL353768.1"  "AL161729.2" 
[2626] "AL161729.1"  "AL161729.4"  "AL354861.3"  "AL449403.2"  "AL160269.1" 
[2631] "AL589843.1"  "AL590705.3"  "AL590705.1"  "AL162385.2"  "AL354726.1" 
[2636] "AL136084.2"  "AL137067.1"  "AL359710.1"  "AL358937.1"  "AL359182.1" 
[2641] "AL359182.2"  "AL158070.1"  "AL732323.1"  "AL592463.1"  "AL162414.1" 
[2646] "AL390067.1"  "AL139041.1"  "AL162727.2"  "AL138895.1"  "AL691420.1" 
[2651] "AL133284.1"  "AL161630.1"  "AL160272.2"  "AL160272.1"  "AL513122.2" 
[2656] "AL359644.1"  "AL359636.1"  "AL162254.1"  "AL445489.1"  "AL390774.2" 
[2661] "AL162724.2"  "AL354979.1"  "AL354928.1"  "AL354710.2"  "AL356309.2" 
[2666] "AL161908.1"  "AL162426.1"  "AL162586.1"  "AL157935.2"  "AL157935.1" 
[2671] "AL360268.1"  "AL590708.1"  "AL359091.4"  "AL359091.1"  "AL356481.1" 
[2676] "AL356481.3"  "AL441992.1"  "AL592211.1"  "AL158151.4"  "AL158151.3" 
[2681] "AL158151.1"  "AL161785.2"  "AL161785.3"  "AL161785.1"  "AL353803.5" 
[2686] "AL353803.2"  "AL353803.1"  "AL353803.4"  "AL391056.1"  "AL590369.1" 
[2691] "AL158207.2"  "AL136141.1"  "AL360004.1"  "AL157938.2"  "AL157938.3" 
[2696] "AL358781.1"  "AL358781.2"  "AL162417.1"  "AL445931.1"  "BX649632.1" 
[2701] "BX649601.1"  "AL669970.1"  "AL353611.1"  "AL161452.1"  "AL355574.1" 
[2706] "AL138781.1"  "AL138781.2"  "CR392000.2"  "AC174065.1"  "AL592301.1" 
[2711] "AL590226.2"  "AL590226.1"  "AL355987.3"  "PRR31"       "AL807752.3" 
[2716] "BX255925.3"  "AL772363.1"  "AL954642.1"  "AC069287.2"  "AC136475.3" 
[2721] "AC136475.2"  "AC136475.1"  "AC136475.4"  "AC136475.8"  "AC136475.7" 
[2726] "AC136475.5"  "AC136475.9"  "AC138230.1"  "AC137894.1"  "AP006284.1" 
[2731] "AC131934.1"  "AP006621.3"  "AP006621.1"  "AP006623.1"  "AC139749.1" 
[2736] "AC061979.1"  "AC068580.4"  "AC068580.3"  "AC124057.1"  "AC131971.1" 
[2741] "AC127526.1"  "AC090587.1"  "AC015689.1"  "AC104389.4"  "AC022762.2" 
[2746] "AC068733.3"  "AC084337.2"  "AC091564.2"  "AC091564.6"  "AC091564.4" 
[2751] "AC087280.2"  "AC107884.1"  "AC107884.2"  "AC091053.2"  "AC091053.1" 
[2756] "AC026894.1"  "AC079296.1"  "AC132192.1"  "AC132192.2"  "AC026250.1" 
[2761] "AC011092.2"  "AC100763.1"  "AC080023.1"  "AC116535.1"  "AC069360.1" 
[2766] "AC111188.1"  "AC023946.1"  "AC079329.1"  "AC022240.1"  "AC018523.2" 
[2771] "AC124798.1"  "AC103974.1"  "AC009652.2"  "AC009549.1"  "AC107886.1" 
[2776] "AC006299.1"  "AC090092.1"  "AC099687.1"  "AC100771.2"  "AC013714.1" 
[2781] "AC090833.1"  "AC110058.1"  "AC124657.1"  "AC131571.1"  "AL035078.1" 
[2786] "AL078612.1"  "AL078612.2"  "AL049629.2"  "AC132216.1"  "AL356215.1" 
[2791] "AL133330.2"  "AC009656.1"  "AC087276.2"  "AC087521.2"  "AC087521.4" 
[2796] "AC087521.1"  "AC010768.1"  "AC010768.2"  "AC104241.2"  "AC103736.1" 
[2801] "AC044839.1"  "AC068385.1"  "AC024475.1"  "AC024475.4"  "AC116021.1" 
[2806] "AC090589.2"  "AC018410.2"  "AC018410.1"  "AC090559.1"  "KF459542.1" 
[2811] "AC109635.2"  "AP000781.1"  "AP002893.1"  "AP003557.1"  "AP001350.1" 
[2816] "AP001636.3"  "AP002358.1"  "AP000442.1"  "AP000442.2"  "AP000640.1" 
[2821] "AP002347.1"  "AP000790.3"  "AP001257.1"  "AP000777.1"  "AP000777.2" 
[2826] "AP000777.3"  "AP003721.4"  "AP003721.1"  "AP003721.2"  "AP003108.2" 
[2831] "AP003733.3"  "AP003306.2"  "AP003064.1"  "AP003064.2"  "AP001363.1" 
[2836] "AP001363.2"  "AP002990.1"  "AP001160.2"  "AP001160.3"  "AP001160.1" 
[2841] "AP006333.1"  "AP001453.1"  "AP001453.2"  "AP001453.4"  "AP003774.4" 
[2846] "AP003774.3"  "AP003774.1"  "AP001462.1"  "AP003068.1"  "AP003068.2" 
[2851] "AP000944.1"  "AP000769.3"  "AP000769.2"  "AP001266.2"  "AP001266.1" 
[2856] "AP006287.2"  "AP000759.1"  "AP001107.4"  "AP001107.7"  "AP001107.1" 
[2861] "AP001107.2"  "AP001107.6"  "AP001107.9"  "AP002748.3"  "AP001157.1" 
[2866] "AP003419.2"  "AP003419.3"  "AP003716.1"  "AC004923.4"  "AP002807.1" 
[2871] "AP002992.1"  "AP003096.1"  "AP000808.1"  "AP003071.1"  "AP003071.5" 
[2876] "AP005233.2"  "AP003555.2"  "AP000879.1"  "AP002336.2"  "AP002336.3" 
[2881] "AP000487.2"  "AP000487.1"  "AP002387.2"  "AP003498.1"  "AP002495.2" 
[2886] "AP002490.1"  "AP000812.1"  "AP000593.3"  "AP003785.1"  "AP005019.1" 
[2891] "AP002761.2"  "AP002761.1"  "AP002761.3"  "AP000763.4"  "AP000763.3" 
[2896] "AP002770.1"  "AP003717.1"  "AP001372.1"  "AP001372.3"  "AP001972.3" 
[2901] "AP001972.1"  "AP001972.2"  "AP001922.5"  "AP003031.1"  "AP003031.2" 
[2906] "AP002340.1"  "AP002360.3"  "AP002360.2"  "AP002360.1"  "AP001189.5" 
[2911] "AP001189.6"  "AP001189.3"  "AP001189.1"  "AP001189.4"  "AP003119.2" 
[2916] "AP003680.1"  "AP002812.2"  "AP002812.3"  "AP002812.5"  "AP003032.1" 
[2921] "AP003086.3"  "AP003086.1"  "AP001767.3"  "AP000873.3"  "AP000446.1" 
[2926] "AP001825.1"  "AP003097.2"  "AP001831.1"  "AP003059.1"  "AP000654.1" 
[2931] "AP001528.2"  "AP001528.1"  "AP005436.1"  "AP003122.2"  "AP003171.3" 
[2936] "AP001273.2"  "AP000786.1"  "AP000943.3"  "AP000943.1"  "AP000943.2" 
[2941] "AP002383.2"  "AP000787.1"  "AP000820.1"  "AP003781.1"  "AP001351.1" 
[2946] "AP000942.2"  "AP001830.1"  "AP000851.2"  "AP001001.1"  "AP000766.1" 
[2951] "AP002433.1"  "AP003027.1"  "AP002008.1"  "AP001781.1"  "AP001781.2" 
[2956] "AP002884.3"  "AP002884.2"  "AP002884.4"  "AP002884.1"  "AP003063.1" 
[2961] "AP003063.2"  "AP000802.1"  "AP000880.1"  "AP003170.4"  "AP003170.3" 
[2966] "AP002518.1"  "AP002373.1"  "AP000462.3"  "AP000462.1"  "AP000997.2" 
[2971] "AP006216.1"  "AP000936.1"  "AP000892.1"  "AP000757.2"  "AP000757.1" 
[2976] "AP001267.1"  "AP001267.2"  "AP001267.3"  "AP000941.1"  "AP002954.1" 
[2981] "AP004609.3"  "AP004609.1"  "AP003392.4"  "AP003392.1"  "AP003392.3" 
[2986] "AP003392.5"  "AP003392.6"  "AP003396.1"  "AP003393.1"  "AP003390.1" 
[2991] "AP004147.1"  "AP000646.1"  "AP000977.1"  "AP000866.5"  "AP000866.2" 
[2996] "AP000866.1"  "AP003501.2"  "AP000842.3"  "AP000842.1"  "AP001893.1" 
[3001] "AP001318.2"  "AP001783.1"  "AP000904.1"  "AP003397.1"  "AP003500.1" 
[3006] "AP002986.1"  "AP003486.1"  "AP003025.2"  "AP000911.1"  "AP000911.2" 
[3011] "AP001775.2"  "AP001999.1"  "AL359878.2"  "AC024908.1"  "AL731533.2" 
[3016] "AL451164.2"  "AL450322.1"  "AL513303.2"  "AL513303.1"  "AC025822.2" 
[3021] "AC022535.1"  "AL391427.1"  "AL355303.1"  "AL365356.1"  "AL596094.1" 
[3026] "AL137186.2"  "AL137186.1"  "AL157395.1"  "AL137145.2"  "AL137145.1" 
[3031] "AL158210.1"  "AL139125.1"  "AL445070.1"  "AL390294.1"  "AL390835.1" 
[3036] "AC044784.1"  "AL136320.1"  "AL512631.2"  "AL512631.1"  "AL512770.1" 
[3041] "AL157392.5"  "AL157392.4"  "HSPA14.1"    "AC069544.1"  "AL607028.1" 
[3046] "AC067747.1"  "AL133415.1"  "AC069542.1"  "AL450384.2"  "AL450384.1" 
[3051] "AL157895.1"  "AC069549.1"  "AL157831.2"  "AL158211.1"  "AL158211.4" 
[3056] "AL158211.2"  "AL158211.3"  "AL513128.2"  "AL606469.1"  "AL512598.1" 
[3061] "AL390961.2"  "AL160291.1"  "AL390866.1"  "AC022021.1"  "AL358234.1" 
[3066] "AL590068.1"  "AL590068.2"  "AL451107.1"  "AL356258.1"  "AL161935.1" 
[3071] "AL161935.3"  "AL158834.2"  "AL158834.1"  "AL391839.2"  "AL391839.1" 
[3076] "AL365203.2"  "AL121748.1"  "AL121748.2"  "AL353600.1"  "AL392046.1" 
[3081] "AL117336.1"  "AL117336.3"  "AL121749.1"  "AL365500.1"  "AL590730.1" 
[3086] "AL132657.1"  "AL135791.1"  "AL117337.1"  "AL117339.5"  "AL117339.4" 
[3091] "AL133216.1"  "AL022344.1"  "AL022344.2"  "AL365199.1"  "AC010864.1" 
[3096] "AL450326.1"  "AL645634.2"  "AL355989.1"  "AL137026.1"  "AL353801.1" 
[3101] "AL358394.1"  "AL731567.1"  "AL356056.2"  "AL356056.1"  "AL356056.3" 
[3106] "BX547991.1"  "FO681492.1"  "AC068898.1"  "AC060234.1"  "AL138760.1" 
[3111] "AL731537.1"  "AC074327.1"  "AL592430.1"  "AC022390.1"  "AL451049.1" 
[3116] "AC022398.1"  "AL133417.1"  "AC024600.1"  "AL133551.1"  "AC016395.1" 
[3121] "AL596223.1"  "AL450311.2"  "AC073370.1"  "AC022392.1"  "AL731563.3" 
[3126] "AC016394.2"  "AC016394.1"  "AL512656.1"  "AC073389.1"  "AC073389.3" 
[3131] "AC073389.2"  "AC022400.6"  "AC022400.7"  "AC022400.1"  "AC022540.1" 
[3136] "AC018511.2"  "AC018511.1"  "AC010997.5"  "AC010997.4"  "AC010997.2" 
[3141] "AL450306.1"  "AL391421.1"  "AC012560.1"  "AC010163.1"  "AL356753.1" 
[3146] "AL133481.1"  "BX248123.1"  "AL132656.2"  "AL135925.1"  "AC021028.1" 
[3151] "AL731544.1"  "AL603756.1"  "AL731569.1"  "AC067750.1"  "AL136982.7" 
[3156] "AL138767.1"  "AL157400.2"  "AL157400.3"  "AL157400.4"  "AL365434.2" 
[3161] "AL359198.1"  "AL139124.1"  "AL157834.1"  "AL157834.2"  "AL365273.2" 
[3166] "AL136181.1"  "AL355490.2"  "AL139241.1"  "AL391684.1"  "AL353719.1" 
[3171] "AL133353.1"  "AL138921.2"  "AL138921.1"  "AL133352.1"  "AL138762.1" 
[3176] "AL133215.3"  "AL133215.1"  "AL133215.2"  "AL133387.2"  "AC010789.1" 
[3181] "AL121928.1"  "AL391121.1"  "AL358790.1"  "AL356608.1"  "AL139339.2" 
[3186] "AL139339.1"  "AL121929.2"  "AL162742.2"  "AL162742.1"  "AL360182.2" 
[3191] "AL355512.1"  "AL136368.1"  "AL158163.2"  "AL158163.1"  "AL157786.1" 
[3196] "AL139120.1"  "AL158212.2"  "AC005383.1"  "AL137025.1"  "AL355340.1" 
[3201] "AL731557.1"  "AL391988.1"  "AL513324.1"  "AC022395.1"  "AL583824.1" 
[3206] "AC010998.2"  "AL731566.2"  "AL731566.1"  "AL160290.2"  "AC068896.1" 
[3211] "AL513190.1"  "AL731577.1"  "AL731571.1"  "AL157888.1"  "AL158835.1" 
[3216] "AL359094.1"  "AL158166.2"  "AL390763.2"  "AL390763.1"  "AL157832.2" 
[3221] "AL157832.1"  "AL157832.3"  "AL354950.2"  "AL354950.1"  "AL162274.2" 
[3226] "AL162274.1"  "AL512622.1"  "AL451069.2"  "AL451069.3"  "AL451069.1" 
[3231] "AL592071.1"  "AL360181.2"  "AL360181.1"  "AL360181.3"  "AL161645.1" 
[3236] "AC026369.3"  "AC026369.1"  "AC007406.3"  "AC007406.1"  "AC021054.1" 
[3241] "AC004803.1"  "AC004672.1"  "AC005342.2"  "AC005342.1"  "AC005841.1" 
[3246] "AC125807.2"  "AC006207.1"  "AC005842.1"  "AC005832.4"  "AC006206.2" 
[3251] "AC006206.1"  "AC005840.2"  "AC005840.4"  "AC006064.3"  "AC006064.4" 
[3256] "AC006064.1"  "AC006064.2"  "AC125494.2"  "U47924.3"    "U47924.2"   
[3261] "U47924.1"    "EMG1.1"      "AC233309.1"  "AC018653.3"  "AC018653.1" 
[3266] "AC092111.2"  "AC092111.1"  "AC092745.1"  "AC092746.1"  "AC092490.2" 
[3271] "AC092490.1"  "AC006581.2"  "AC006581.1"  "AC010175.1"  "AC010186.1" 
[3276] "AC091814.1"  "AC024224.2"  "AC115676.1"  "AC022075.3"  "AC022075.2" 
[3281] "AC022075.1"  "AC068775.1"  "AC018630.2"  "AC006518.7"  "AC244131.2" 
[3286] "AC007450.1"  "AC007619.1"  "AC008115.4"  "AC008115.2"  "AC008115.1" 
[3291] "AC007688.2"  "AC023790.2"  "AC092112.1"  "AC008114.1"  "AC010168.1" 
[3296] "AC007655.1"  "AC073651.1"  "AC007529.2"  "AC007529.1"  "AC024901.1" 
[3301] "AC087318.1"  "AC053513.1"  "AC087241.1"  "AC087241.3"  "AC084816.1" 
[3306] "AC084819.1"  "AC026310.2"  "AC023510.1"  "AC023510.2"  "AC092794.1" 
[3311] "AC092794.2"  "AC087239.1"  "AC022509.3"  "AC022509.1"  "AC022509.4" 
[3316] "AC024145.1"  "AC023051.1"  "AC024896.1"  "AC092747.4"  "AC009509.1" 
[3321] "AC009509.4"  "AC009511.2"  "AC009511.1"  "AC008011.2"  "AC022364.1" 
[3326] "AC022079.2"  "AC012150.1"  "AC012150.2"  "AC009318.4"  "AC009318.1" 
[3331] "AC009318.3"  "AC009318.2"  "AC010198.1"  "AC024940.1"  "AC023157.3" 
[3336] "AC016957.2"  "AC048344.1"  "AC084824.5"  "AC046130.1"  "AC046130.2" 
[3341] "AC140847.2"  "AC067735.1"  "AC079630.1"  "AC090630.1"  "AC079601.1" 
[3346] "AC012038.1"  "AC025253.1"  "AC079950.1"  "AC008124.1"  "AC025031.2" 
[3351] "AC008014.1"  "AC025031.1"  "AC025031.4"  "AC008035.1"  "AC079906.1" 
[3356] "AC008083.1"  "AC008083.2"  "AC008083.3"  "AC004241.1"  "AC004241.2" 
[3361] "AC004466.1"  "AC004466.3"  "AC121338.1"  "AC121338.2"  "AC004801.3" 
[3366] "AC004801.6"  "AC074029.3"  "AC024257.3"  "AC024257.5"  "AC090115.1" 
[3371] "AC024257.4"  "AC117498.2"  "AC073610.3"  "AC011603.2"  "AC010173.1" 
[3376] "AC125611.3"  "AC125611.4"  "AC020612.3"  "AC074032.1"  "AC008121.2" 
[3381] "AC008121.3"  "AC107031.1"  "AC068987.2"  "AC068987.5"  "AC068987.3" 
[3386] "AC068987.4"  "AC068987.1"  "AC025259.3"  "AC025259.1"  "AC078864.2" 
[3391] "AC121757.1"  "AC068888.1"  "AC021072.1"  "AC073611.1"  "AC023509.4" 
[3396] "AC023509.3"  "AC023509.2"  "AC076968.1"  "AC023794.1"  "AC023794.3" 
[3401] "AC023794.4"  "AC023794.7"  "AC023794.6"  "AC078778.1"  "AC079313.2" 
[3406] "AC079313.1"  "AC068789.1"  "AC122685.1"  "AC009779.5"  "AC009779.3" 
[3411] "AC009779.2"  "AC023055.1"  "AC025162.1"  "AC034102.8"  "AC034102.3" 
[3416] "AC034102.4"  "AC034102.7"  "AC034102.6"  "AC034102.5"  "AC073896.5" 
[3421] "AC073896.1"  "AC073896.2"  "AC073896.3"  "AC024884.2"  "AC137834.2" 
[3426] "AC137834.1"  "AC126614.1"  "MARS"        "AC025165.2"  "AC025165.3" 
[3431] "AC025165.5"  "AC025165.4"  "AC083805.1"  "AC083805.3"  "AC084033.3" 
[3436] "AC079035.1"  "AC048341.1"  "AC048341.2"  "AC084357.2"  "AC025576.1" 
[3441] "AC135279.3"  "AC078962.4"  "AC078962.3"  "AC025262.1"  "AC025419.1" 
[3446] "AC090673.1"  "AC078927.1"  "AC078889.1"  "AC078777.1"  "AC008033.3" 
[3451] "AC090061.1"  "AC025423.1"  "AC025423.4"  "AC020656.2"  "AC020656.1" 
[3456] "AC025263.1"  "AC025159.1"  "AC084032.1"  "AC025569.1"  "AC083809.1" 
[3461] "AC011601.1"  "AC089984.1"  "AC090502.1"  "AC025257.1"  "AC073525.1" 
[3466] "AC121761.1"  "AC011611.2"  "AC011611.3"  "AC011611.4"  "AC107032.2" 
[3471] "AC073571.1"  "AC128707.1"  "AC027288.3"  "AC073569.2"  "AC073569.1" 
[3476] "AC069228.1"  "AC089998.4"  "AC089998.1"  "AC090680.1"  "AC079598.1" 
[3481] "AC024909.1"  "AC024909.2"  "AC010201.2"  "AC010201.1"  "AC025034.1" 
[3486] "AC084200.1"  "AC126178.1"  "AC126175.1"  "AC090049.1"  "AC025164.1" 
[3491] "AC138123.1"  "AC138123.2"  "AC124947.1"  "AC012085.2"  "AC012464.3" 
[3496] "AC123567.2"  "AC073655.1"  "AC073655.2"  "AC023161.1"  "AC007298.2" 
[3501] "AC007298.1"  "AC008149.1"  "AC010203.2"  "AC063948.1"  "AC010205.1" 
[3506] "AC084398.2"  "AC079907.2"  "AC079907.1"  "AC068643.1"  "AC025265.1" 
[3511] "AC012555.2"  "AC012555.1"  "AC016257.1"  "AC011313.1"  "AC011595.2" 
[3516] "AC011595.1"  "AC079174.2"  "AC079385.1"  "AC079385.2"  "AC079385.3" 
[3521] "AC007541.1"  "AC007540.1"  "AC007622.2"  "AC007569.1"  "AC007570.1" 
[3526] "AC007834.1"  "AC084876.1"  "AC073575.2"  "AC073575.1"  "AC004217.1" 
[3531] "AC004551.1"  "AC073863.1"  "AC026765.2"  "AC078880.1"  "AC078880.4" 
[3536] "AC078880.5"  "AC012157.1"  "AC125603.4"  "AC125603.3"  "AC125603.1" 
[3541] "AC083806.3"  "AC083806.2"  "AC127164.1"  "AC131159.2"  "AC131159.1" 
[3546] "AC131238.1"  "AC026367.1"  "AC026367.3"  "AC026367.2"  "AC002070.1" 
[3551] "AC004812.2"  "AC004263.1"  "AL021546.1"  "AC063943.1"  "AC125616.1" 
[3556] "AC069234.2"  "AC069234.5"  "AC069234.4"  "AC069234.1"  "AC069209.1" 
[3561] "AC145422.1"  "AC084018.1"  "AC084018.2"  "AC069503.3"  "AC069503.2" 
[3566] "AC069503.1"  "DIABLO.1"    "AC048338.1"  "AC127002.1"  "AC026333.4" 
[3571] "AC026333.3"  "AC027290.1"  "AC068768.1"  "AC068768.2"  "AC137767.1" 
[3576] "AC055713.1"  "AC117503.1"  "AC079315.1"  "AC068790.8"  "AC068790.9" 
[3581] "AC073592.1"  "AC006065.4"  "AC069235.1"  "AC079949.1"  "AC079949.2" 
[3586] "AC108704.1"  "AC055717.1"  "AC073912.1"  "AC073912.2"  "AC073862.1" 
[3591] "AC078925.1"  "AC117500.1"  "AC117500.2"  "AC131009.2"  "AC131009.1" 
[3596] "AC137590.1"  "AC137590.2"  "AC138466.3"  "AC138466.1"  "AC148476.1" 
[3601] "AC079031.1"  "AC079031.2"  "AC131212.1"  "AC127070.1"  "AC127070.2" 
[3606] "AC073911.1"  "AC026786.2"  "AL356259.1"  "AL355001.1"  "AL355001.2" 
[3611] "AL590096.1"  "AL161772.1"  "AL136962.1"  "AL157931.1"  "AL157931.2" 
[3616] "AL359736.1"  "AL590787.1"  "AL138966.2"  "AL136439.1"  "AL138820.1" 
[3621] "AL139383.1"  "AL161719.1"  "AL354809.1"  "AL354696.2"  "AL157932.1" 
[3626] "AL512506.3"  "AL589745.1"  "AL138963.3"  "AL138963.1"  "AL138686.1" 
[3631] "AL138962.1"  "AL158196.1"  "AL392048.1"  "AL161421.1"  "AL136301.1" 
[3636] "AL162377.3"  "AL162377.1"  "AL139082.1"  "AL359513.1"  "AL139089.1" 
[3641] "AL355390.1"  "AL139230.1"  "AL365394.1"  "AC000403.1"  "AC001226.2" 
[3646] "AC001226.1"  "AL139002.1"  "AL445209.1"  "AL354896.1"  "AL136961.1" 
[3651] "AL139035.1"  "AL355338.1"  "AL136526.1"  "AL158063.1"  "AL137246.1" 
[3656] "AL137246.2"  "AL138689.2"  "AL138694.1"  "AL161431.1"  "AL162497.1" 
[3661] "AL355810.1"  "AL139385.1"  "AL442128.2"  "AL359649.1"  "AL139384.2" 
[3666] "AL139384.1"  "AL356740.1"  "AL137002.2"  "AL137002.1"  "AL160396.1" 
[3671] "CR383656.10" "AL589743.5"  "AL356019.2"  "AL355075.4"  "AL355075.1" 
[3676] "AL355075.2"  "AL355075.3"  "AL163636.2"  "AL163636.1"  "AL133371.2" 
[3681] "AL133371.3"  "AL355922.1"  "AL355922.2"  "AL161668.3"  "AL161668.2" 
[3686] "AL161668.1"  "AL135744.1"  "AL161747.2"  "AC243972.1"  "AC244502.3" 
[3691] "AC243965.1"  "AC243965.2"  "AL132780.1"  "AL132780.2"  "AL135999.2" 
[3696] "AL135999.1"  "AL136295.2"  "AL136295.5"  "AL136295.4"  "AL136295.6" 
[3701] "AL132800.1"  "AL136018.1"  "AL110292.1"  "AL356756.1"  "AL121852.1" 
[3706] "AL049830.3"  "AL136418.1"  "AL139353.1"  "AL139353.2"  "AL163973.2" 
[3711] "AL445363.1"  "AL121603.2"  "AL121594.1"  "AL133163.2"  "AL162311.3" 
[3716] "AL162311.1"  "AL162511.1"  "AL121790.1"  "AL132639.3"  "AL132639.2" 
[3721] "AL049875.1"  "AL352977.1"  "AL352977.2"  "AL121821.1"  "AL450442.1" 
[3726] "AL049870.3"  "AL121809.2"  "AL121809.1"  "AL162632.3"  "AL139099.1" 
[3731] "AL591767.1"  "AL627171.2"  "AL627171.1"  "AL359397.2"  "AL359397.1" 
[3736] "AL118556.1"  "AL133485.1"  "AL358334.3"  "AL358334.2"  "AL122125.1" 
[3741] "AL358333.2"  "AL358333.3"  "AL358333.1"  "AL133453.1"  "AL139317.3" 
[3746] "AL352979.2"  "AL356020.1"  "AL139316.1"  "AL158801.2"  "AL158801.3" 
[3751] "AL138995.1"  "AL355073.1"  "AL355073.2"  "AL355103.1"  "AL161757.2" 
[3756] "AL161757.5"  "AL391152.1"  "AL161804.1"  "AL132989.2"  "AL139021.2" 
[3761] "AL139021.1"  "AL133299.1"  "AL157911.1"  "AL157756.1"  "AL359220.1" 
[3766] "AL355916.2"  "AL355916.1"  "AL136038.3"  "AL136038.2"  "AL136038.5" 
[3771] "AL161756.1"  "AL161756.3"  "AL122035.1"  "AL122035.2"  "AL049869.3" 
[3776] "AL139022.2"  "AL139022.1"  "AL355076.2"  "AL391261.2"  "AL359232.1" 
[3781] "AL049835.1"  "AL049779.1"  "AL133370.1"  "AL121820.2"  "AL121820.1" 
[3786] "AL391262.1"  "AL359317.2"  "AL160191.1"  "AL356804.1"  "AL357153.2" 
[3791] "AL357153.1"  "AC004816.1"  "AC004816.2"  "AC004825.2"  "AC004817.3" 
[3796] "AC004817.2"  "AC004817.4"  "AC005476.2"  "AL442663.3"  "AC004846.1" 
[3801] "AC004846.2"  "AC005280.2"  "AC005225.3"  "AC005225.2"  "AC006146.1" 
[3806] "AC005520.2"  "AC005520.1"  "AC005520.5"  "AC005480.1"  "AC005479.2" 
[3811] "AC005479.1"  "AC013451.2"  "AL049780.1"  "AL049780.2"  "AL691403.2" 
[3816] "AL691403.1"  "AF111167.1"  "AF111167.2"  "AC007182.1"  "AC016526.4" 
[3821] "AC016526.1"  "AC007376.2"  "AF111169.3"  "AC007686.3"  "AC007686.2" 
[3826] "AC007262.2"  "AL136040.1"  "AL162872.1"  "AL359237.1"  "AL157955.1" 
[3831] "AL133279.1"  "AL162171.2"  "AL162171.1"  "AL121768.1"  "AL138478.1" 
[3836] "AL357093.2"  "AL357093.1"  "AL356805.1"  "AL137230.1"  "AL512791.2" 
[3841] "AL512791.1"  "AL096869.2"  "AL135818.2"  "AL133153.2"  "AL133240.1" 
[3846] "AL110118.2"  "AL133467.1"  "AL133467.2"  "AL133467.4"  "AL139020.1" 
[3851] "AL355102.3"  "AL163051.1"  "AL137786.1"  "AL163932.1"  "AL132796.2" 
[3856] "AL162151.1"  "AL109767.1"  "AL110504.1"  "AL160313.1"  "AL157912.1" 
[3861] "AL133523.1"  "AL157871.1"  "AL157871.4"  "AL157871.2"  "AL845552.2" 
[3866] "AL132711.1"  "AL359682.1"  "AL137779.2"  "AL137779.1"  "AL118558.3" 
[3871] "AL118558.4"  "AL132801.1"  "AL117209.1"  "AL138976.2"  "AL133367.1" 
[3876] "AL139300.2"  "AL139300.1"  "AL049840.1"  "AL049840.2"  "AL583722.3" 
[3881] "AL583722.1"  "AL583722.4"  "AL583722.2"  "AL583810.2"  "AL583810.1" 
[3886] "AL928654.1"  "AL928654.2"  "AL928654.3"  "AL928742.1"  "AC246787.2" 
[3891] "AC087386.1"  "AC026495.1"  "AC023310.4"  "AC012414.5"  "AC012414.3" 
[3896] "AC126335.1"  "AC068446.2"  "AC060814.3"  "AC135068.9"  "AC126407.1" 
[3901] "AC124312.1"  "AC124312.2"  "AC124312.3"  "AC055876.5"  "AC127522.1" 
[3906] "AC022613.1"  "AC022613.2"  "AC026150.1"  "AC026150.3"  "AC091057.3" 
[3911] "AC091057.2"  "AC091057.6"  "AC091057.4"  "AC012236.1"  "AC123768.4" 
[3916] "AC123768.3"  "AC123768.2"  "AC055874.1"  "AC010809.3"  "AC010809.2" 
[3921] "AC010809.1"  "AC079203.2"  "AC087457.1"  "AC114546.1"  "AC114546.2" 
[3926] "AC021231.1"  "AC021351.1"  "AC087516.1"  "AC078909.1"  "AC087473.1" 
[3931] "AC116158.1"  "AC116158.2"  "AC022929.2"  "AC013652.1"  "AC087878.1" 
[3936] "AC113146.1"  "AC013652.2"  "AC109630.1"  "AC022196.1"  "AC037198.2" 
[3941] "AC023908.3"  "AC012377.1"  "AC021755.3"  "AC020658.2"  "AC013356.3" 
[3946] "AC013356.2"  "AC091045.1"  "AC020661.1"  "AC020661.3"  "AC020661.2" 
[3951] "AC073657.1"  "AC020659.2"  "AC020659.1"  "AC036103.1"  "AC012651.1" 
[3956] "AC018362.1"  "AC018362.2"  "AC090510.3"  "AC090510.2"  "AC090510.1" 
[3961] "AC068724.3"  "AC068724.1"  "AC090519.2"  "AC025043.1"  "AC025430.1" 
[3966] "AC051619.4"  "AC051619.5"  "AC025580.3"  "AC025580.1"  "AC025580.2" 
[3971] "AC090527.3"  "AC068722.2"  "AC023355.1"  "AC084757.3"  "AC084757.4" 
[3976] "AC084757.2"  "AC012379.1"  "AC013452.2"  "AC022306.2"  "AC025040.1" 
[3981] "AC022087.1"  "AC012170.3"  "AC012170.2"  "AC084756.1"  "AC012100.2" 
[3986] "AC021752.1"  "AC020891.2"  "AC066613.2"  "AC066613.1"  "AC020892.1" 
[3991] "AC090971.2"  "AC090971.1"  "AC090970.2"  "AC023906.5"  "AC023906.2" 
[3996] "AC023906.3"  "AC023906.4"  "AC025917.1"  "AC084782.1"  "AC084782.2" 
[4001] "AC084782.3"  "AC090518.1"  "AC090517.4"  "AC010999.2"  "AC090651.1" 
[4006] "AC018904.1"  "AC090515.2"  "AC090515.4"  "AC025918.1"  "AC092757.3" 
[4011] "AC092755.2"  "AC107241.1"  "AC009560.1"  "AC009554.1"  "AC104590.1" 
[4016] "AC126323.2"  "AC032011.1"  "AC103740.1"  "AC079328.2"  "AC007950.1" 
[4021] "AC007950.2"  "AC073167.1"  "AC015914.1"  "AC087632.1"  "AC100830.3" 
[4026] "AC100830.2"  "AC100830.1"  "AC069368.1"  "AC103691.2"  "AC103691.1" 
[4031] "AC013553.4"  "AC011939.3"  "AC055855.2"  "AC055855.1"  "AC116913.1" 
[4036] "AC110048.2"  "AC087482.1"  "AC012568.1"  "AC016355.1"  "AC009292.1" 
[4041] "AC107871.1"  "AC107871.2"  "AC026992.2"  "AC026992.1"  "AC027237.3" 
[4046] "AC027237.2"  "AC009269.2"  "AC009269.3"  "AC104938.1"  "AC009690.2" 
[4051] "AC009690.1"  "AC079322.1"  "AC100827.4"  "AC010931.2"  "AC010931.3" 
[4056] "AC023300.2"  "AC090826.1"  "AC090826.2"  "AC012435.2"  "AC100835.2" 
[4061] "AC100835.1"  "AC113208.3"  "AC068338.3"  "AC068338.2"  "AC105020.3" 
[4066] "AC105020.2"  "AC105020.6"  "AC105020.5"  "AC105020.1"  "AC019294.3" 
[4071] "AC091100.1"  "AC027243.2"  "AC090181.1"  "AC046168.1"  "AC104758.2" 
[4076] "AC090260.1"  "AC090607.1"  "AC090607.5"  "AC027228.1"  "AC027228.2" 
[4081] "AC067863.1"  "AC011944.1"  "AC021483.1"  "AC021483.2"  "AC087761.1" 
[4086] "AC016705.2"  "AC108451.1"  "AC023302.1"  "AC027808.1"  "AC027808.2" 
[4091] "AC068870.1"  "AC068870.2"  "AC103858.2"  "AC109809.1"  "AC023034.1" 
[4096] "AC104041.1"  "AC025219.1"  "AC245033.1"  "AC245033.2"  "AC105339.3" 
[4101] "AC022558.2"  "AC024270.4"  "AC022558.3"  "AC103876.1"  "AC243562.3" 
[4106] "AC048382.5"  "AC048382.1"  "AC048382.6"  "AC115102.1"  "AC087286.3" 
[4111] "AC087286.2"  "AC087286.1"  "AC021739.4"  "AC021739.2"  "AC021739.5" 
[4116] "AC021739.3"  "AC013565.1"  "AC013565.3"  "AC124068.2"  "AC091167.7" 
[4121] "AC091167.6"  "AC091167.5"  "AC018946.1"  "AC103739.1"  "AC103739.2" 
[4126] "AC021422.1"  "AC068831.4"  "AC068831.1"  "AC068831.7"  "AC068831.6" 
[4131] "AC104035.1"  "AC107958.3"  "AC107958.2"  "AC116903.2"  "AC116903.1" 
[4136] "AC091544.5"  "AC106028.4"  "AC106028.5"  "AC013394.1"  "AC103996.3" 
[4141] "AC103996.2"  "AC015574.1"  "AC087477.2"  "AC026523.1"  "AC118658.1" 
[4146] "AC036108.1"  "AC036108.4"  "AC036108.2"  "AC036108.3"  "AC015660.4" 
[4151] "AC090825.1"  "AC084855.1"  "AC084855.2"  "AC022710.1"  "AC027020.2" 
[4156] "AC027020.1"  "AC015712.1"  "AC015712.4"  "AC015712.7"  "AC015712.2" 
[4161] "AC090907.1"  "AC090907.2"  "AC019254.1"  "AC023024.1"  "AC140725.1" 
[4166] "Z69720.1"    "Z69666.1"    "Z69706.1"    "AC004754.1"  "AL023881.1" 
[4171] "Z97986.1"    "AL022341.1"  "AL022341.2"  "Z92544.1"    "Z97653.1"   
[4176] "AL031008.1"  "AL031716.1"  "AC009041.2"  "AC009041.1"  "AC120498.8" 
[4181] "AC120498.6"  "AC120498.4"  "AC120498.9"  "AL031714.1"  "AL031709.1" 
[4186] "AL032819.1"  "AL032819.3"  "AL031600.3"  "AL031600.1"  "AL031705.1" 
[4191] "AL133297.2"  "Z97652.1"    "AL031708.1"  "AL031710.1"  "AL031717.1" 
[4196] "AC005363.2"  "AC005606.2"  "AC005606.1"  "AC009065.6"  "AC009065.3" 
[4201] "AC009065.7"  "AC009065.1"  "AC009065.8"  "AC009065.4"  "AC106820.3" 
[4206] "AC106820.5"  "AC106820.2"  "AC093525.6"  "AC093525.7"  "AC093525.4" 
[4211] "AC093525.3"  "AC141586.3"  "AC141586.2"  "AC092117.1"  "AC003965.1" 
[4216] "AC004034.1"  "AC004233.4"  "AC004233.2"  "AC004233.3"  "AC108134.1" 
[4221] "AC108134.3"  "AC108134.2"  "AJ003147.1"  "AJ003147.2"  "AC004232.2" 
[4226] "AC025283.3"  "AC025283.2"  "AC004494.1"  "AC006111.1"  "AC006111.3" 
[4231] "AC009171.2"  "AC023830.2"  "AC023830.1"  "AC020663.2"  "AC026458.2" 
[4236] "AC012173.1"  "AC022167.2"  "AC022167.1"  "AC022167.4"  "AC022167.5" 
[4241] "AC022167.3"  "AC087190.1"  "AC131649.1"  "AC133065.1"  "AC007014.1" 
[4246] "AC007220.1"  "AC009121.2"  "AC099489.1"  "AC099489.3"  "AC007613.1" 
[4251] "AC010654.1"  "AC007216.4"  "AC007216.2"  "AC007216.1"  "AC007601.1" 
[4256] "AC007601.2"  "AC007598.2"  "AC010333.1"  "AC010333.3"  "AC109597.1" 
[4261] "AC109597.2"  "AC010401.1"  "AC010401.2"  "AC130650.2"  "AC040173.1" 
[4266] "AC136443.3"  "AC138932.2"  "AC138932.5"  "AC126763.1"  "AC026401.1" 
[4271] "AC026401.3"  "AF001548.2"  "AF001548.1"  "AC130651.1"  "AC136624.1" 
[4276] "AC136624.2"  "AC138969.1"  "AC109446.3"  "AC126755.2"  "AC126755.4" 
[4281] "AC126755.3"  "AC138811.2"  "AC138811.1"  "AC092287.1"  "AC099518.4" 
[4286] "AC099518.2"  "AC099518.1"  "AC099518.6"  "AC099518.3"  "AC099518.5" 
[4291] "AC130456.3"  "AC130456.5"  "AC002550.2"  "AC002550.1"  "AC027130.1" 
[4296] "AC004381.1"  "AC008551.1"  "AC092375.2"  "AC092119.2"  "AC092119.3" 
[4301] "AC009019.1"  "AC009034.1"  "AC092338.1"  "AC092338.2"  "AC009021.1" 
[4306] "AC008915.2"  "AC008870.4"  "AC008938.1"  "AC008731.1"  "AC008741.2" 
[4311] "AC009158.1"  "AC009035.1"  "AC109449.1"  "AC106739.1"  "AC106739.2" 
[4316] "AC016597.1"  "AC138904.3"  "AC138904.1"  "AC138894.1"  "AC020765.2" 
[4321] "AC145285.2"  "AC145285.3"  "AC145285.6"  "AC133550.1"  "AC133550.2" 
[4326] "AC109460.2"  "AC109460.1"  "AC109460.4"  "AC009093.2"  "AC009093.1" 
[4331] "AC009093.5"  "AC009093.4"  "AC009093.6"  "AC133555.3"  "AC009133.3" 
[4336] "AC009133.4"  "AC009133.2"  "AC009133.1"  "AC120114.3"  "AC120114.1" 
[4341] "AC093512.2"  "AC093512.1"  "AC012645.1"  "AC012645.2"  "AC012645.4" 
[4346] "AC012645.3"  "AC106782.1"  "AC106782.2"  "AC106782.6"  "AC116348.3" 
[4351] "AC116348.1"  "AC116348.2"  "AC002310.1"  "AC002310.2"  "AC093249.2" 
[4356] "AC093249.6"  "AC106886.5"  "AC106886.3"  "AC135048.3"  "AC135050.3" 
[4361] "AC135050.1"  "AC135050.4"  "AC135050.2"  "AC009088.3"  "AC009088.2" 
[4366] "AC009088.1"  "AC026471.5"  "AC026471.4"  "AC026471.1"  "AC026471.3" 
[4371] "AC026471.2"  "AC074050.2"  "AC074050.4"  "AC074050.3"  "AC145350.2" 
[4376] "AC136944.1"  "AC136944.2"  "AC023824.3"  "AC092368.3"  "AC018845.3" 
[4381] "AC007494.2"  "AC007533.1"  "AC026470.2"  "AC023813.1"  "AC007611.1" 
[4386] "AC023813.3"  "AC023813.4"  "AC007614.1"  "AC007861.2"  "AC007610.1" 
[4391] "AC007493.2"  "AC007608.2"  "AC007608.1"  "AC007608.3"  "AC007728.2" 
[4396] "AC007728.1"  "AC087564.1"  "AC007333.2"  "AC007906.2"  "AC007342.4" 
[4401] "AC007342.5"  "AC007496.2"  "AC007496.1"  "AC018553.1"  "AC007336.2" 
[4406] "AC007336.1"  "AC007495.1"  "AC079411.1"  "AC092140.1"  "AC092140.2" 
[4411] "AC026461.3"  "AC026461.4"  "AC106779.1"  "AC023825.2"  "AC009090.2" 
[4416] "AC009090.3"  "AC092118.2"  "AC092118.1"  "AC009107.2"  "AC009118.2" 
[4421] "AC009118.3"  "AC092378.1"  "AC092378.2"  "AC012174.1"  "AC092337.1" 
[4426] "AC093536.2"  "AC092131.1"  "AC092138.2"  "AC010542.3"  "AC010542.2" 
[4431] "AC010542.4"  "AC010542.5"  "AC018557.1"  "AC018557.2"  "AC044802.1" 
[4436] "AC044802.2"  "AC074143.1"  "AC009061.2"  "AC027682.6"  "AC027682.5" 
[4441] "AC027682.2"  "AC027682.3"  "AC027682.4"  "AC027682.1"  "AC009095.1" 
[4446] "AC040162.3"  "AC040162.1"  "AC020978.3"  "AC020978.5"  "AC020978.2" 
[4451] "AC099521.1"  "AC126773.1"  "AC126773.4"  "AC009137.1"  "AC026464.4" 
[4456] "COG8.1"      "AC092115.2"  "AC092115.3"  "AC009060.1"  "AC012184.1" 
[4461] "AC020763.1"  "AC010547.4"  "AC010547.1"  "AC009097.2"  "AC009097.1" 
[4466] "AC009097.4"  "AC009097.3"  "AC009087.1"  "AC009075.1"  "AC004158.1" 
[4471] "AC004943.2"  "AC004943.3"  "AC004943.1"  "AC116667.1"  "AC116667.2" 
[4476] "AC140912.1"  "AC087565.2"  "AC138627.1"  "AC009120.4"  "AC009120.5" 
[4481] "AC009120.3"  "AC009053.2"  "AC099508.1"  "AC009163.4"  "AC009163.7" 
[4486] "AC009163.1"  "AC009163.6"  "AC025287.2"  "AC025287.3"  "AC025287.4" 
[4491] "AC108125.1"  "AC009139.2"  "AC009139.1"  "AC025284.1"  "AC092134.1" 
[4496] "AC046158.1"  "AC009145.3"  "AC092376.2"  "AC092376.1"  "AC009159.2" 
[4501] "AC009159.3"  "AC009159.1"  "AC105411.1"  "AC108097.1"  "AC092718.2" 
[4506] "AC092718.8"  "AC092718.3"  "AC092718.5"  "AC092718.6"  "AC092718.1" 
[4511] "AC009148.1"  "AC099524.1"  "AC092142.2"  "AC092142.1"  "AC009063.2" 
[4516] "AC009063.1"  "AC009119.1"  "AC009119.2"  "AC040169.1"  "AC009123.1" 
[4521] "AC010551.3"  "AC022165.1"  "AC092145.1"  "AC092127.2"  "AC092127.1" 
[4526] "AC018695.2"  "AC018695.4"  "AC092723.5"  "AC092723.4"  "AC092723.1" 
[4531] "AC092723.3"  "AC135012.1"  "AC009108.3"  "AC106745.1"  "AC010531.1" 
[4536] "AC010531.6"  "AC010531.7"  "AC010531.5"  "AC010531.3"  "AC092720.1" 
[4541] "AC010536.3"  "AC010536.1"  "AC126696.3"  "AC126696.1"  "AC126696.2" 
[4546] "AC134312.4"  "AC134312.1"  "AC134312.2"  "AC134312.5"  "AC134312.6" 
[4551] "AC138512.1"  "AC116552.1"  "AC138028.3"  "AC138028.6"  "AC138028.4" 
[4556] "AC138028.2"  "AC138028.5"  "AC138028.1"  "AC092384.2"  "AC092384.1" 
[4561] "AC135782.1"  "AC135782.3"  "AC009113.1"  "AC137932.3"  "AC137932.1" 
[4566] "AC092123.1"  "AC010538.1"  "AC092143.2"  "AC133919.1"  "AC133919.2" 
[4571] "AC240565.2"  "AC240565.1"  "AC141424.1"  "AC015853.2"  "AC015853.3" 
[4576] "AC015853.1"  "AC087392.3"  "AC087392.4"  "AC087392.5"  "AC087392.1" 
[4581] "AC016292.1"  "AC144836.1"  "AC032044.1"  "AC130343.2"  "AC130343.1" 
[4586] "AC099684.2"  "AC090617.3"  "AC090617.5"  "AC090617.4"  "AL450226.1" 
[4591] "AC006435.3"  "AC006435.2"  "AC006435.1"  "AC005696.2"  "AC005696.3" 
[4596] "AC005696.1"  "AC005696.4"  "AC015921.1"  "AC090282.1"  "AC087498.1" 
[4601] "AC027796.3"  "AC027796.4"  "AC116914.2"  "AC087292.1"  "AC087742.1" 
[4606] "AC127521.1"  "AC091153.2"  "AC091153.3"  "AC091153.4"  "AC233723.1" 
[4611] "AC004771.4"  "AC004771.2"  "AC004771.5"  "AC004771.3"  "AC004771.1" 
[4616] "AC087500.1"  "AC087500.2"  "AC015727.1"  "AC004148.2"  "AC004148.1" 
[4621] "AC004706.1"  "AC027763.2"  "AC040977.1"  "AC026954.2"  "AC026954.3" 
[4626] "AC016876.3"  "AC016876.1"  "AC129492.1"  "AC129492.4"  "AC135178.5" 
[4631] "AC135178.4"  "AC135178.3"  "AC135178.2"  "AC002091.2"  "AC002091.1" 
[4636] "AC005695.1"  "AC005695.3"  "AC005695.2"  "AC087501.1"  "AC087501.2" 
[4641] "AC002347.1"  "AC015908.3"  "AC015908.4"  "AC015908.2"  "AC005725.1" 
[4646] "AC005410.2"  "AC005358.2"  "AC005277.2"  "AC005304.2"  "AC005304.1" 
[4651] "AC005304.3"  "AC005224.1"  "AC005224.2"  "AC005224.4"  "AC005224.3" 
[4656] "AC022816.1"  "AC005703.4"  "AC005838.2"  "AC005324.3"  "AC005324.5" 
[4661] "AC005324.1"  "AC015922.4"  "AC002553.2"  "AC002553.1"  "AC093484.3" 
[4666] "AC093484.2"  "AC093484.4"  "AC098850.2"  "AC098850.3"  "AC098850.1" 
[4671] "AC022596.2"  "AC104024.1"  "AC104024.2"  "AC055811.1"  "AC055811.3" 
[4676] "AC020558.2"  "AC020558.1"  "AC122129.1"  "AC087164.1"  "AC127537.1" 
[4681] "AC107982.3"  "AC107982.2"  "AC007952.3"  "AC007952.7"  "AC007952.4" 
[4686] "AC007952.6"  "AC007952.5"  "AC124066.1"  "AC115989.2"  "AC015726.2" 
[4691] "AC015726.1"  "AC005730.2"  "AC004702.1"  "AC015818.2"  "AC126365.1" 
[4696] "AC090774.3"  "AC107926.1"  "AC087393.2"  "AC087294.1"  "AC068418.1" 
[4701] "AC138761.3"  "AC132825.3"  "AC026254.2"  "AC015688.4"  "AC015688.6" 
[4706] "AC005697.2"  "AC002094.2"  "AC015917.2"  "AC005726.1"  "AC005726.4" 
[4711] "AC005726.5"  "AC005726.2"  "AC010761.3"  "AC010761.1"  "AC010761.2" 
[4716] "AC010761.4"  "AC010761.5"  "AC024267.1"  "AC024267.3"  "AC024267.6" 
[4721] "AC024267.4"  "AC024267.5"  "AC024619.3"  "AC068025.2"  "AC068025.1" 
[4726] "AC104564.1"  "AC023389.1"  "AC104982.1"  "AC104996.1"  "AC104984.2" 
[4731] "AC104984.3"  "AC104984.6"  "AC104984.1"  "AC104984.4"  "AC127024.3" 
[4736] "AC127024.2"  "AC127024.5"  "AC127024.6"  "AC130324.2"  "AC130324.1" 
[4741] "AC130324.3"  "AC138207.1"  "AC138207.5"  "AC138207.7"  "AC138207.2" 
[4746] "AC134669.1"  "AC003101.2"  "AC003101.1"  "AC004253.1"  "AC116407.2" 
[4751] "AC116407.1"  "AC005899.3"  "AC005899.6"  "AC005899.7"  "AC005899.5" 
[4756] "AC005899.8"  "AC005899.1"  "AC079336.5"  "AC079336.4"  "AC084809.1" 
[4761] "AC084809.2"  "AC024610.2"  "AC004223.4"  "AC004223.2"  "AC022916.1" 
[4766] "AC022706.1"  "AC060766.6"  "AC060766.4"  "AC015911.5"  "AC015911.2" 
[4771] "AC015911.6"  "AC015849.2"  "AC015849.3"  "AC015849.1"  "AC015849.5" 
[4776] "AC244100.2"  "AC244100.3"  "AC244100.4"  "AC243829.4"  "AC243829.2" 
[4781] "AC243829.1"  "AC243830.2"  "AC243830.1"  "AC243654.1"  "AC243585.2" 
[4786] "AC243571.2"  "AC006449.6"  "AC006449.2"  "AC006449.3"  "AC006449.5" 
[4791] "AC006441.1"  "AC006441.3"  "AC006441.4"  "AC004408.1"  "AC005288.1" 
[4796] "AC009283.1"  "AC087491.1"  "AC090844.2"  "AC080112.1"  "AC004585.1" 
[4801] "AC073508.2"  "AC073508.3"  "AC125257.2"  "AC099811.3"  "AC099811.4" 
[4806] "AC067852.2"  "AC100793.2"  "AC100793.3"  "AC100793.4"  "AC060780.1" 
[4811] "AC007993.3"  "AC023855.1"  "AC004596.1"  "AC003102.1"  "AC003043.2" 
[4816] "AC091152.2"  "AC015936.1"  "AC142472.1"  "AC138150.1"  "AC138150.2" 
[4821] "AC008105.3"  "AC008105.1"  "AC003070.1"  "AC091132.2"  "AC091132.1" 
[4826] "AC091132.5"  "CR936218.1"  "AC005670.1"  "AC005670.2"  "AC002558.2" 
[4831] "AC068234.3"  "AC068234.2"  "AC040934.1"  "AC025682.1"  "AC015674.1" 
[4836] "AC018521.7"  "AC018521.6"  "AC018521.2"  "AC018521.4"  "AC004477.3" 
[4841] "AC090627.1"  "AC036222.1"  "AC103702.2"  "AC091133.1"  "AC091180.2" 
[4846] "AC091180.5"  "AC091180.4"  "AC091180.3"  "AC015795.1"  "AC027801.1" 
[4851] "AC009720.1"  "AC002401.4"  "AC002401.1"  "AC015909.2"  "AC015909.3" 
[4856] "AC004707.1"  "AC021491.4"  "AC005921.2"  "AC005920.4"  "AC005920.1" 
[4861] "AC005920.3"  "AC005920.2"  "AC007638.2"  "AC007638.1"  "AC015912.1" 
[4866] "AC015912.3"  "AC004584.1"  "AC007114.1"  "AC007114.2"  "AC007431.1" 
[4871] "AC015845.2"  "AC015845.1"  "AC015813.2"  "AC015813.1"  "AC015813.3" 
[4876] "AC005962.1"  "AC004687.1"  "AC025521.1"  "AC099850.1"  "AC099850.3" 
[4881] "AC091059.1"  "AC091271.1"  "AC025048.4"  "AC011921.1"  "AC005884.1" 
[4886] "AC005884.2"  "AC005856.1"  "AC080038.2"  "AC080038.1"  "AC005821.1" 
[4891] "AC068512.1"  "AC005972.1"  "AC006270.1"  "AC015923.1"  "AC005828.2" 
[4896] "AC005828.3"  "AC103810.2"  "AC103810.5"  "AC037487.1"  "AC037487.2" 
[4901] "AC005544.1"  "AC007448.2"  "AC007448.3"  "AC134407.1"  "AC145343.1" 
[4906] "AC005332.7"  "AC005332.4"  "AC005332.6"  "AC005332.8"  "AC005332.3" 
[4911] "AC005332.5"  "AC005332.1"  "AC079210.1"  "AC011591.1"  "AC011990.1" 
[4916] "AC080037.1"  "AC011120.1"  "AC097641.2"  "AC124804.1"  "AC100786.1" 
[4921] "AC100786.2"  "AC064805.1"  "AC064805.2"  "AC016888.1"  "AC022211.2" 
[4926] "AC011933.4"  "AC011933.3"  "AC087749.2"  "AC087749.1"  "AC087289.1" 
[4931] "AC087289.5"  "AC087289.2"  "AC087289.4"  "AC015802.4"  "AC015802.6" 
[4936] "AC015802.1"  "AC005837.1"  "AC005837.3"  "AC005837.2"  "AC016168.1" 
[4941] "AC068594.1"  "AC111182.1"  "AC111170.1"  "AC021683.3"  "AC021683.2" 
[4946] "AC087645.2"  "AC061992.1"  "AC022966.1"  "AC100788.1"  "AC100791.2" 
[4951] "AC100791.3"  "AC087741.2"  "AC087741.1"  "AC124319.3"  "AC124319.2" 
[4956] "AC120024.1"  "AC016245.1"  "AC127496.3"  "AC127496.1"  "AC127496.6" 
[4961] "AC127496.5"  "AC027601.1"  "AC027601.4"  "AC027601.3"  "AC110285.6" 
[4966] "AC110285.1"  "AC110285.5"  "AC110285.2"  "AC110285.4"  "AC139149.1" 
[4971] "AC139530.3"  "AC139530.1"  "AC145207.3"  "AC145207.2"  "AC145207.5" 
[4976] "AC145207.6"  "AC145207.8"  "AC145207.7"  "AC137723.1"  "AC129510.1" 
[4981] "AC129510.2"  "AC132872.2"  "AC132872.3"  "AC132872.1"  "AC132938.1" 
[4986] "AC132938.3"  "AC124283.2"  "AC124283.1"  "AC024361.2"  "AC087222.1" 
[4991] "AC130371.1"  "AC130371.2"  "AC144831.1"  "AC139099.3"  "AC139099.1" 
[4996] "AP005530.1"  "AP001005.3"  "AP000845.1"  "AP000915.1"  "AP001178.3" 
[5001] "AP001178.2"  "AP001020.3"  "AP001020.1"  "AP000894.4"  "AP005328.2" 
[5006] "AP005328.1"  "AP005230.1"  "AP001011.1"  "AP000919.4"  "AP000919.2" 
[5011] "AP000919.3"  "AP005329.2"  "AP005329.3"  "AP005329.1"  "AP002478.1" 
[5016] "AP005380.1"  "AP001496.2"  "AP001496.1"  "AP005671.1"  "AP005059.2" 
[5021] "AP005059.1"  "AP001793.2"  "AP005899.1"  "AP001033.1"  "AP005432.2" 
[5026] "AP001381.1"  "AC006238.1"  "AP001180.1"  "AP005137.2"  "AP001269.4" 
[5031] "AP001269.2"  "AP001269.1"  "AP001542.3"  "AP005264.3"  "AP005264.1" 
[5036] "AP001029.1"  "AP001029.2"  "AP005482.1"  "AP002449.1"  "AP001198.1" 
[5041] "AP002439.1"  "AP005131.2"  "AP005131.1"  "AP005131.3"  "AP001010.1" 
[5046] "AC006557.3"  "AP006565.1"  "AP005242.3"  "AC106037.2"  "AC027449.1" 
[5051] "AC090912.1"  "AC090912.2"  "AC011731.1"  "AC010754.1"  "AC090772.2" 
[5056] "AC090772.1"  "AC090772.3"  "AC023983.1"  "AC023983.2"  "AC007922.1" 
[5061] "AC090403.1"  "AC017100.1"  "AC022960.1"  "AC009831.1"  "AC011825.4" 
[5066] "AC011825.2"  "AC021224.1"  "AC025887.2"  "AC012123.1"  "AC068506.1" 
[5071] "AC015967.1"  "AC011815.2"  "AC011815.1"  "AC116447.1"  "AC007998.4" 
[5076] "AC007998.3"  "AC007998.2"  "AC090229.1"  "AC118757.1"  "AC023043.1" 
[5081] "AC016493.1"  "AC015961.1"  "AC015961.2"  "AC016205.1"  "AC011139.1" 
[5086] "AC021504.1"  "AC120049.1"  "AC090241.3"  "AC012254.1"  "AC012254.3" 
[5091] "AC012254.2"  "AC120349.1"  "AC093567.1"  "AC016866.1"  "AC016866.2" 
[5096] "AC044840.1"  "AC100778.3"  "AC091170.1"  "AC090227.2"  "AC091551.1" 
[5101] "AC093462.1"  "AC007673.1"  "AC098848.1"  "AC022031.2"  "AC006305.1" 
[5106] "AC012301.1"  "AC100847.1"  "AC027097.1"  "AC027097.2"  "AC090236.1" 
[5111] "AC105105.1"  "AC104971.3"  "AC104365.1"  "AC104365.3"  "AC104365.2" 
[5116] "AC010776.1"  "AC090377.1"  "AC090409.2"  "AC090409.1"  "AC105094.2" 
[5121] "AC027514.2"  "AC064801.1"  "AC022726.2"  "AC036176.1"  "AC009802.1" 
[5126] "AC100848.1"  "AC110597.1"  "AC110597.3"  "AC114689.3"  "AC090337.1" 
[5131] "AC068254.1"  "AC091138.1"  "AC079070.1"  "AC090125.1"  "AC090398.1" 
[5136] "AC009704.1"  "AC015819.2"  "AC015819.1"  "AC116003.3"  "AC103808.3" 
[5141] "AC103808.1"  "AC009716.1"  "AC018413.1"  "AC027575.2"  "AC093330.1" 
[5146] "AC018529.1"  "AC018529.2"  "AC124254.1"  "AC104423.1"  "AC023090.1" 
[5151] "AC068473.1"  "AC068473.5"  "AC068473.2"  "AC021594.1"  "AC021594.2" 
[5156] "AC114341.1"  "AC090360.1"  "AL034548.1"  "AL031665.2"  "AL136531.2" 
[5161] "AL136531.1"  "AL049634.2"  "AL121760.1"  "AL117335.1"  "AL121899.1" 
[5166] "AL049650.1"  "AL049712.1"  "AL109976.1"  "AL353194.1"  "AL031670.1" 
[5171] "AL356414.1"  "AL133396.2"  "AL121890.3"  "AL121890.2"  "AL121890.5" 
[5176] "AL121890.4"  "AL121757.1"  "AL109935.2"  "AL109935.1"  "AL035461.2" 
[5181] "AL096799.1"  "AL021396.1"  "AL050403.2"  "AL158042.1"  "AL161938.1" 
[5186] "AL035448.1"  "AL050320.1"  "AL121782.1"  "AL049794.1"  "AL121900.1" 
[5191] "AL035563.1"  "AL121761.2"  "AL121761.1"  "AL132821.1"  "AL121721.1" 
[5196] "AL117332.1"  "AL158013.1"  "AL118508.1"  "AL390037.1"  "AL096677.1" 
[5201] "AL109954.2"  "AL121894.2"  "AL121894.1"  "AL035661.1"  "AL035252.2" 
[5206] "AL035252.3"  "AL121772.1"  "AL121772.2"  "AL121772.3"  "AL031673.1" 
[5211] "AL390198.1"  "AL078587.1"  "AL110115.2"  "AL117381.1"  "AL031658.1" 
[5216] "AL121583.1"  "AL034550.1"  "AL034550.2"  "AL133343.2"  "FO393400.1" 
[5221] "AL035071.2"  "AL035071.1"  "AL121906.2"  "AL121906.1"  "AL050349.1" 
[5226] "AL034549.1"  "AL356652.1"  "AL121753.1"  "FO393401.1"  "AL035420.3" 
[5231] "AL035420.1"  "AL035420.2"  "AL121895.1"  "AL136172.1"  "AL162293.1" 
[5236] "AL031651.1"  "AL359555.4"  "AL359555.2"  "AL359555.1"  "AL391095.1" 
[5241] "AL391095.3"  "AL023803.2"  "AL023803.1"  "AL118523.1"  "AL035665.1" 
[5246] "Z98752.1"    "Z98752.4"    "AL139352.1"  "AL031663.3"  "AL008726.1" 
[5251] "AL133227.1"  "AL031055.1"  "AL031666.2"  "AL031666.1"  "AL354813.1" 
[5256] "AL133342.1"  "AL161937.2"  "AL161937.1"  "AL133230.1"  "AL391097.1" 
[5261] "AL391097.2"  "AL109930.1"  "AL354993.1"  "AL354993.2"  "AL157838.1" 
[5266] "AC005808.1"  "AC005220.1"  "AL160413.1"  "AL109955.1"  "AL035541.1" 
[5271] "AL050327.1"  "AL132655.2"  "AL121917.1"  "AL121917.2"  "AL035250.1" 
[5276] "AL035250.2"  "AL132822.1"  "AL162457.1"  "AL137077.2"  "AL354836.1" 
[5281] "AL121832.2"  "AL121832.1"  "BX640514.2"  "AL357033.1"  "AL357033.4" 
[5286] "AL357033.3"  "AL357033.2"  "AL117379.1"  "AL096828.2"  "AL096828.3" 
[5291] "AL121829.1"  "AL121829.2"  "AL121845.3"  "AL121845.4"  "AL121845.1" 
[5296] "AL118506.1"  "AC092192.1"  "AC016588.2"  "AC016588.1"  "AC005775.1" 
[5301] "AC009005.1"  "AC004449.1"  "AC004156.1"  "AC006273.1"  "AC004528.1" 
[5306] "AC004528.2"  "AC004221.1"  "AC005330.1"  "MUM1"        "AC005329.2" 
[5311] "AC005329.3"  "AC005329.1"  "AC027307.3"  "AC027307.2"  "AC027307.1" 
[5316] "AC012615.2"  "AC012615.3"  "AC012615.4"  "AC012615.1"  "AC012615.5" 
[5321] "AC004490.1"  "AC005258.1"  "AC092068.1"  "AC006130.1"  "AC119403.1" 
[5326] "AC005944.1"  "KF456478.1"  "AC005264.1"  "AC005786.3"  "AC005786.2" 
[5331] "AC005954.2"  "AC104521.1"  "AC007292.3"  "AC007292.2"  "AC007292.1" 
[5336] "AC011498.3"  "AC011498.2"  "AC011498.6"  "AC011498.1"  "AC011498.4" 
[5341] "AC005339.1"  "AC005523.1"  "AC005523.2"  "AC027319.1"  "AC022517.1" 
[5346] "AC005790.1"  "AC024592.2"  "AC024592.3"  "AC024592.1"  "AC104532.1" 
[5351] "AC104532.2"  "AC011444.1"  "AC011444.2"  "AC011471.2"  "AC011491.3" 
[5356] "AC010503.4"  "AC010503.1"  "AC010503.2"  "AC008760.1"  "AC119396.1" 
[5361] "AC008878.3"  "AC119396.2"  "AC008878.4"  "AC008763.2"  "AC008763.1" 
[5366] "AC010336.3"  "AC010336.1"  "AC010336.4"  "AC010336.2"  "AC010336.6" 
[5371] "AC008946.1"  "AC022146.2"  "AC010323.1"  "AC136469.1"  "AC092316.1" 
[5376] "AC130469.1"  "AC011451.1"  "AC008759.3"  "AC008759.2"  "AC008752.1" 
[5381] "AC008752.2"  "AC008742.1"  "AC020931.1"  "AC011511.2"  "AC011511.3" 
[5386] "AC011511.5"  "AC011511.1"  "AC114271.1"  "AC011472.1"  "AC011472.4" 
[5391] "AC024575.1"  "AC008543.1"  "AC008543.5"  "AC008543.4"  "AC008770.2" 
[5396] "AC008770.1"  "AC008758.4"  "AC008758.6"  "AC008758.2"  "AC010422.6" 
[5401] "AC010422.1"  "AC010422.3"  "AC010422.2"  "AC018761.3"  "AC018761.2" 
[5406] "AC020934.2"  "AC092069.1"  "AC138474.1"  "AC005546.1"  "AC011446.1" 
[5411] "AC011446.2"  "AC008686.1"  "AC020916.2"  "AC020916.1"  "AC022098.4" 
[5416] "AC022098.2"  "AC022098.3"  "AC022098.1"  "AC011509.2"  "AC008569.1" 
[5421] "AC003956.1"  "AC004257.1"  "AC005776.2"  "AC004597.1"  "AC008894.1" 
[5426] "AC008894.2"  "AC020911.1"  "AC020911.2"  "AC020917.3"  "AC020917.2" 
[5431] "AC008764.1"  "AC008764.6"  "AC008764.3"  "AC008764.5"  "AC008764.8" 
[5436] "AC008764.4"  "AC008764.2"  "AC024075.3"  "AC020908.2"  "AC020908.1" 
[5441] "AC020908.3"  "AC020913.1"  "AC020913.2"  "AC010319.4"  "AC010319.3" 
[5446] "AC010618.3"  "AC010618.2"  "AC008761.1"  "AC007192.2"  "AC005759.1" 
[5451] "AC008397.1"  "AC010335.1"  "AC005387.1"  "AC005387.2"  "AC005253.1" 
[5456] "AC005253.2"  "AC005197.1"  "AC092067.1"  "AC011448.1"  "AC002306.1" 
[5461] "AC011477.4"  "AC011477.3"  "AC011447.3"  "AC008554.1"  "AC010636.2" 
[5466] "AC010329.1"  "AC008739.1"  "AC123912.1"  "AC123912.4"  "AC123912.2" 
[5471] "AC092364.1"  "AC003973.2"  "AC073539.1"  "AC074135.1"  "AC092329.3" 
[5476] "AC092329.1"  "AC010300.1"  "AC139769.2"  "AC011503.1"  "AC092279.1" 
[5481] "AC073534.2"  "AC006504.1"  "AC006504.5"  "AC005580.1"  "AC005307.1" 
[5486] "AC005381.1"  "AC005394.1"  "AC005616.1"  "AC079466.1"  "AC007786.1" 
[5491] "AC007786.2"  "AC011474.2"  "AC008507.2"  "AC020912.1"  "AC025809.1" 
[5496] "AC007773.1"  "AC008736.1"  "AC008736.2"  "AC008738.3"  "AC008738.5" 
[5501] "AC008738.2"  "AC010504.1"  "AC008747.1"  "AC020910.4"  "AC008555.1" 
[5506] "AC008555.2"  "AC008555.5"  "AC020907.3"  "AC020907.4"  "AC002128.2" 
[5511] "AC002511.2"  "AC002511.1"  "AD000090.1"  "AC002115.1"  "AD000671.2" 
[5516] "AD000671.1"  "AD000671.3"  "AC002398.2"  "AC002398.1"  "AF038458.2" 
[5521] "AC002116.2"  "AD001527.1"  "AC012617.1"  "AC092296.1"  "AC092295.2" 
[5526] "AC092295.1"  "AC074138.1"  "AC020928.2"  "AC020928.3"  "AC020928.1" 
[5531] "AC010632.1"  "AC012309.1"  "AC012309.2"  "AC016590.1"  "AC016590.3" 
[5536] "AC022148.2"  "AC022148.1"  "AC093227.1"  "AC011465.1"  "AC011479.1" 
[5541] "AC005625.1"  "AC008649.1"  "AC008649.2"  "AC022144.1"  "AC104534.1" 
[5546] "AC011455.1"  "AC011443.1"  "AC011445.2"  "AC011500.3"  "AC005393.1" 
[5551] "AC005614.1"  "AC010271.2"  "AC010271.1"  "AC008537.4"  "AC008537.1" 
[5556] "AC008537.2"  "AC011462.1"  "AC011462.2"  "AC243960.3"  "AC243960.1" 
[5561] "AC243967.3"  "AC010616.1"  "AC010247.2"  "AC005392.2"  "L34079.3"   
[5566] "AC115522.1"  "AC006213.2"  "AC006213.3"  "AC006213.1"  "AC021092.1" 
[5571] "AC243964.2"  "AC011481.2"  "AC011481.1"  "AC005757.1"  "AC005779.2" 
[5576] "AC005779.1"  "AC092301.1"  "AC007785.3"  "AC007193.1"  "AC011484.1" 
[5581] "AC093503.2"  "AC008635.1"  "AC008622.2"  "AC010519.1"  "AC010331.1" 
[5586] "AC011466.3"  "AC011466.2"  "AC011466.1"  "AC008392.1"  "AC008403.2" 
[5591] "AC008403.3"  "AC022154.1"  "AC026803.2"  "AC008687.4"  "AC011450.1" 
[5596] "AC010524.1"  "AC010643.1"  "AC010619.1"  "AC011495.2"  "AC011495.3" 
[5601] "AC006942.1"  "AC018766.1"  "AC010624.3"  "AC010624.2"  "AC008655.2" 
[5606] "AC020909.3"  "AC020909.2"  "AC010325.1"  "AC010325.2"  "AC063977.6" 
[5611] "AC008750.4"  "AC008750.8"  "AC008750.7"  "AC008750.1"  "AC008750.2" 
[5616] "AC020914.1"  "AC018755.1"  "AC011468.5"  "AC010320.1"  "AC010320.2" 
[5621] "AC010320.3"  "AC010320.4"  "AC022150.1"  "AC010487.2"  "AC092070.3" 
[5626] "AC011453.1"  "AC008753.3"  "AC008753.2"  "AC008440.1"  "AC008440.3" 
[5631] "AC008440.2"  "AC245052.4"  "AC245052.1"  "AC245052.7"  "AC245884.1" 
[5636] "AC245884.10" "AC245884.8"  "AC245128.3"  "AC011476.3"  "AC010327.4" 
[5641] "AC020922.2"  "AC020922.4"  "AC020922.1"  "AC020922.3"  "AC008735.3" 
[5646] "AC008735.4"  "AC008735.2"  "AC010525.1"  "AC006116.8"  "AC006116.9" 
[5651] "AC006116.4"  "AC005498.2"  "AC005498.3"  "AC006115.1"  "AC007228.2" 
[5656] "AC005261.3"  "AC005261.1"  "AC005261.2"  "AC003002.3"  "AC004076.1" 
[5661] "AC004076.2"  "AC003005.2"  "AC003682.1"  "AC010522.1"  "AC010326.2" 
[5666] "AC020915.5"  "AC020915.3"  "AC020915.1"  "AC010642.2"  "AC012313.2" 
[5671] "AC012313.6"  "AC012313.1"  "AC012313.5"  "AC012313.8"  "AC012313.7" 
[5676] "AC012313.9"  "AC016629.2"  "AC006157.1"  "AC010737.1"  "AC010889.1" 
[5681] "AC007876.1"  "AP000542.3"  "AP000542.2"  "AP000547.3"  "AP000365.1" 
[5686] "AC007064.2"  "AC006946.2"  "AC006946.3"  "AC007666.1"  "AC016027.1" 
[5691] "AC008079.2"  "AC023490.1"  "AC007326.4"  "AC004471.1"  "AC000068.1" 
[5696] "AC000068.3"  "AC000068.2"  "AC000093.1"  "AC006547.1"  "AC006547.3" 
[5701] "AC006547.2"  "AC007663.2"  "AC007663.3"  "AC007731.3"  "AC007731.4" 
[5706] "AC007308.1"  "AC002470.1"  "AP000550.1"  "AP000552.1"  "AP000553.3" 
[5711] "AC245452.1"  "AC245060.6"  "AC245060.5"  "AC245060.2"  "AC246793.1" 
[5716] "AP000345.2"  "AP000350.5"  "AP000350.7"  "AP000350.6"  "AC253536.6" 
[5721] "AP000355.1"  "AP000356.2"  "AL022323.3"  "AL022323.4"  "AL022323.1" 
[5726] "Z99916.3"    "AL022332.1"  "AL008721.1"  "AL022329.1"  "AL022329.2" 
[5731] "AL022337.1"  "Z95115.1"    "Z99774.1"    "Z97353.2"    "AL008638.3" 
[5736] "AL008638.5"  "AL008638.6"  "Z93930.2"    "AL031186.1"  "AC000035.1" 
[5741] "AC003681.1"  "AC004264.1"  "AC004997.1"  "AC004832.6"  "AC004832.1" 
[5746] "AC004542.2"  "AC004542.1"  "AC005005.3"  "AL096701.3"  "AL008719.1" 
[5751] "Z83839.2"    "AL008723.1"  "AL008723.3"  "AL021937.1"  "Z82173.1"   
[5756] "Z73429.1"    "AL021877.2"  "AL008635.1"  "Z82244.2"    "Z82244.1"   
[5761] "AL022334.2"  "AL049748.1"  "Z82217.1"    "Z95114.4"    "Z95114.1"   
[5766] "Z95114.2"    "FO393418.1"  "AL022313.2"  "AL022314.1"  "Z82188.2"   
[5771] "Z94160.2"    "Z83844.3"    "Z83844.2"    "Z83844.1"    "AL031587.3" 
[5776] "AL031587.1"  "AL031587.4"  "AL031587.2"  "AL022322.1"  "AL022322.2" 
[5781] "AL020993.1"  "AL021707.4"  "AL021707.2"  "AL021707.5"  "AL021707.3" 
[5786] "AL021707.1"  "AL021707.6"  "AL021707.7"  "AL031846.2"  "AL031590.1" 
[5791] "AL022326.1"  "Z82206.1"    "Z83847.1"    "AL022238.4"  "AL022238.2" 
[5796] "AL022238.3"  "AL031594.1"  "AL035681.1"  "AL008582.1"  "AL021453.1" 
[5801] "AC254562.2"  "AC254562.3"  "Z83851.1"    "Z83851.2"    "AL022316.1" 
[5806] "Z93241.1"    "AL022476.1"  "Z99756.1"    "Z97055.2"    "AL031595.2" 
[5811] "Z82243.1"    "AL008718.2"  "BX324167.2"  "BX324167.1"  "BX537318.1" 
[5816] "AL121672.3"  "AL121672.1"  "AL121672.2"  "AL118516.1"  "AL117329.1" 
[5821] "FP325330.2"  "AL008636.1"  "AL031593.1"  "Z97192.1"    "Z97192.2"   
[5826] "AL023802.1"  "Z98885.3"    "Z98885.2"    "AL117328.2"  "AL671710.1" 
[5831] "BX539320.1"  "AL022328.3"  "AL022328.4"  "AL022328.1"  "AL022328.2" 
[5836] "CR559946.1"  "CR559946.2"  "SCO2.1"      "U62317.3"    "U62317.2"   
[5841] "U62317.5"    "U62317.4"    "AC000036.1"  "FP565260.3"  "FP565260.1" 
[5846] "FP565260.6"  "CU633967.1"  "FP236315.1"  "CU639417.3"  "CU633906.1" 
[5851] "CU633906.2"  "CU638689.4"  "CU638689.5"  "CU634019.6"  "FP236241.1" 
[5856] "CU633980.1"  "FP671120.1"  "FP671120.3"  "FP671120.4"  "FP236383.1" 
[5861] "FP236383.2"  "FP236383.3"  "CR381653.1"  "AP003900.1"  "AJ239318.1" 
[5866] "AP001347.1"  "AF127936.2"  "AF127936.1"  "AF127577.4"  "AF127577.3" 
[5871] "AF127577.1"  "AF127577.2"  "AF127577.5"  "AJ009632.2"  "AP000962.1" 
[5876] "AL109761.1"  "AP000459.1"  "AP000477.1"  "AP001341.1"  "AP000223.1" 
[5881] "AP001439.1"  "AP000229.1"  "AP001596.1"  "AF165147.1"  "AF129075.2" 
[5886] "AF124730.1"  "AP000238.1"  "AP000251.1"  "AP000253.1"  "AP000254.1" 
[5891] "AP000255.1"  "AP000265.1"  "AP000275.2"  "AP000282.1"  "AP000295.1" 
[5896] "AP000302.1"  "AP000311.1"  "AP000569.1"  "AP000317.1"  "AP000320.1" 
[5901] "AP000322.2"  "AP000322.1"  "AP000688.4"  "AP000688.3"  "AP000688.2" 
[5906] "AP000692.2"  "AP000695.2"  "AP000704.1"  "AP001432.1"  "AP001412.1" 
[5911] "AP001437.1"  "AP001434.1"  "AP001043.1"  "AF064858.1"  "AF064858.3" 
[5916] "AF129408.1"  "AP001610.1"  "AP001625.2"  "AP001626.1"  "AP001627.1" 
[5921] "AP001628.2"  "AP001628.1"  "AP001046.1"  "AP001056.2"  "AP001056.1" 
[5926] "AP001059.3"  "AP001059.2"  "AP001059.1"  "AP001062.1"  "AP001063.1" 
[5931] "AP001065.1"  "AL844908.1"  "AP001505.1"  "AL133499.1"  "AL133492.1" 
[5936] "AJ011932.1"  "AP001476.1"  "AP001468.1"  "AP001469.1"  "AP001469.2" 
[5941] "AP001469.3"  "AC141272.1"  "BX004987.1"  "AC145212.1"  "AC011043.1" 
[5946] "AL592183.1"  "AC007325.4"  "AL354822.1"  "AC004556.1"  "AC233755.2" 
[5951] "AC233755.1"  "AC240274.1" 
[1] "they are added to the alias annotation table, so they don't get lost"
[1] "following are the official gene symbols of input aliases: "
             symbol            alias
1             AARS1             AARS
2           ABITRAM          FAM206A
3              ACP3             ACPP
4          ACTN1-DT        ACTN1-AS1
5             ADPRS          ADPRHL2
6             ADSS1           ADSSL1
7             ADSS2             ADSS
8        ANKRD20A2P        ANKRD20A2
9        ANKRD20A3P        ANKRD20A3
10       ANKRD20A4P        ANKRD20A4
11        ANKRD40CL        LINC00483
12           ANTKMT          FAM173A
13            AOPEP           C9orf3
14           ARLNC1        LINC02170
15      ARPIN-AP3S2   C15orf38-AP3S2
16             ARSL             ARSE
17           ATP5MJ          ATP5MPL
18           ATP5MK           ATP5MD
19         ATPSCKMT          FAM173B
20          B3GALT9          B3GNT10
21             BBLN          C9orf16
22           BMERB1         C16orf45
23            BNIP5         C6orf222
24            BPNT2           IMPAD1
25            BRME1         C19orf57
26      CARNMT1-AS1      C9orf41-AS1
27            CARS1             CARS
28        CARS1-AS1         CARS-AS1
29             CBY2            SPERT
30          CCDC200        LINC00854
31      CCDC28A-AS1            GVQW2
32             CCN1            CYR61
33             CCN2             CTGF
34             CCN3              NOV
35             CCN4            WISP1
36             CCN5            WISP2
37             CCN6            WISP3
38             CCNP            CNTD2
39      CD300LD-AS1         C17orf77
40            CDIN1         C15orf41
41          CENATAC           CCDC84
42            CEP20            FOPNL
43            CEP43          FGFR1OP
44            CERT1         COL4A3BP
45       CFAP100-DT        CCDC37-DT
46         CFAP20DC          C3orf67
47          CFAP251            WDR66
48          CFAP410          C21orf2
49           CFAP91           MAATS1
50           CFAP92         KIAA1257
51           CIAO2A           FAM96A
52           CIAO2B           FAM96B
53            CIAO3            NARFL
54           CIBAR1           FAM92A
55           CIBAR2           FAM92B
56            CILK1              ICK
57        CLLU1-AS1          CLLU1OS
58             COA8           APOPT1
59            CRACD         KIAA1211
60           CRACDL        KIAA1211L
61            CRPPA             ISPD
62        CRPPA-AS1         ISPD-AS1
63            CYRIA           FAM49A
64            CYRIB           FAM49B
65             CZIB         C1orf123
66            DARS1             DARS
67        DARS1-AS1         DARS-AS1
68          DENND10           FAM45A
69          DENND11         KIAA1147
70          DENND2B              ST5
71            DGCR5            DGCR9
72        DIP2C-AS1            PRR26
73           DIPK1A           FAM69A
74           DIPK1B           FAM69B
75           DIPK1C           FAM69C
76           DIPK2A          C3orf58
77           DIPK2B          CXorf36
78           DMAC2L            ATP5S
79          DNAAF10            WDR92
80          DNAAF11            LRRC6
81           DNAAF6           PIH1D3
82           DNAAF8         C16orf71
83           DNAAF9        C20orf194
84            DNAI3            WDR63
85            DNAI4            WDR78
86            DNAI7            CASC1
87        DOCK8-AS1          C9orf66
88            DOP1A           DOPEY1
89            DOP1B           DOPEY2
90          DYNC2I1            WDR60
91          DYNC2I2            WDR34
92           DYNLT2            TCTE3
93          DYNLT2B         TCTEX1D2
94           DYNLT4         TCTEX1D4
95           DYNLT5         TCTEX1D1
96            ECRG4          C2orf40
97          ELAPOR1         KIAA1324
98          ELAPOR2        KIAA1324L
99            EOLA1         CXorf40A
100           EOLA2         CXorf40B
101           EPRS1             EPRS
102           EZHIP          CXorf67
103        FAM153CP          FAM153C
104         FAM174C         C19orf24
105         FAM230I        LINC01658
106         FAM230J        LINC01660
107        FAM86C1P          FAM86C1
108            FCSK              FUK
109          FHIP1A         FAM160A1
110       FHIP1A-DT      FAM160A1-DT
111          FHIP1B         FAM160A2
112          FHIP2A         FAM160B1
113          FHIP2B         FAM160B2
114          FLACC1         ALS2CR12
115     FMC1-LUC7L2   C7orf55-LUC7L2
116          GARRE1         KIAA0355
117          GASK1A          FAM198A
118          GASK1B          FAM198B
119      GASK1B-AS1      FAM198B-AS1
120           GCNT4        LINC01336
121        GDF5-AS1           GDF5OS
122            GET1              WRB
123            GET3            ASNA1
124            GFUS            TSTA3
125       GNAO1-AS1     DKFZP434H168
126           GOLM2            CASC4
127            H1-0             H1F0
128            H1-1         HIST1H1A
129           H1-10             H1FX
130       H1-10-AS1         H1FX-AS1
131            H1-2         HIST1H1C
132            H1-3         HIST1H1D
133            H1-4         HIST1H1E
134            H1-5         HIST1H1B
135            H1-6         HIST1H1T
136            H1-7            H1FNT
137           H2AB1           H2AFB1
138           H2AB3           H2AFB3
139          H2AC11        HIST1H2AG
140          H2AC12        HIST1H2AH
141          H2AC13        HIST1H2AI
142          H2AC14        HIST1H2AJ
143          H2AC15        HIST1H2AK
144          H2AC16        HIST1H2AL
145          H2AC17        HIST1H2AM
146          H2AC18       HIST2H2AA3
147          H2AC19       HIST2H2AA4
148          H2AC20        HIST2H2AC
149          H2AC21        HIST2H2AB
150           H2AC4        HIST1H2AB
151           H2AC6        HIST1H2AC
152           H2AC7        HIST1H2AD
153           H2AC8        HIST1H2AE
154            H2AJ            H2AFJ
155            H2AW         HIST3H2A
156            H2AX            H2AFX
157           H2AZ1            H2AFZ
158           H2AZ2            H2AFV
159          H2BC11        HIST1H2BJ
160          H2BC12        HIST1H2BK
161          H2BC13        HIST1H2BL
162          H2BC14        HIST1H2BM
163          H2BC15        HIST1H2BN
164          H2BC17        HIST1H2BO
165          H2BC18        HIST2H2BF
166          H2BC21        HIST2H2BE
167           H2BC3        HIST1H2BB
168           H2BC5        HIST1H2BD
169           H2BC9        HIST1H2BH
170           H2BU1        HIST3H2BB
171            H3-2       HIST2H3PS2
172           H3-3A            H3F3A
173           H3-3B            H3F3B
174            H3-5            H3F3C
175            H3C1         HIST1H3A
176           H3C10         HIST1H3H
177           H3C11         HIST1H3I
178           H3C12         HIST1H3J
179           H3C13         HIST2H3D
180            H3C2         HIST1H3B
181            H3C3         HIST1H3C
182            H3C6         HIST1H3E
183            H3C7         HIST1H3F
184            H3C8         HIST1H3G
185           H4-16          HIST4H4
186            H4C1         HIST1H4A
187           H4C11         HIST1H4J
188           H4C13         HIST1H4L
189           H4C14         HIST2H4A
190           H4C15         HIST2H4B
191            H4C2         HIST1H4B
192            H4C3         HIST1H4C
193            H4C4         HIST1H4D
194            H4C5         HIST1H4E
195            H4C6         HIST1H4F
196            H4C8         HIST1H4H
197            H4C9         HIST1H4I
198           HARS1             HARS
199            HEXD            HEXDC
200            HROB         C17orf53
201       HSDL2-AS1         C9orf147
202           IARS1             IARS
203           IFTAP         C11orf74
204            IHO1           CCDC36
205           ILRUN         C6orf106
206          INSYN1         C15orf59
207         INSYN2A          FAM196A
208         INSYN2B          FAM196B
209           IRAG1            MRVI1
210       IRAG1-AS1        MRVI1-AS1
211           IRAG2             LRMP
212         ITPRID1          CCDC129
213         ITPRID2            SSFA2
214           KARS1             KARS
215           KASH5          CCDC155
216          KATNIP         KIAA0556
217           KICS2         C12orf66
218           KIFBP           KIF1BP
219       KRT10-AS1           TMEM99
220           LARS1             LARS
221           LDAF1          TMEM159
222       LINC02481       LINC002481
223       LINC02603       MIRLET7DHG
224       LINC02693         C17orf51
225       LINC02694         C15orf53
226       LINC02860          C7orf71
227       LINC02869         C1orf143
228       LINC02870         C10orf91
229       LINC02874         C12orf80
230       LINC02875         C17orf82
231       LINC02877          C3orf79
232       LINC02897         C1orf229
233       LINC02898          C2orf91
234       LINC02899          C5orf17
235       LINC02901          C6orf99
236       LINC02902          C7orf65
237       LINC02905          C8orf49
238       LINC02907          C9orf62
239       LINC02908         C9orf139
240       LINC02909         C12orf77
241       LINC02910        C20orf197
242       LINC02913         C9orf106
243       LINC02915         C15orf54
244         LNCAROD        LINC01468
245       LNCTAM34A        LINC01759
246          LRATD1           FAM84A
247          LRATD2           FAM84B
248            LTO1           ORAOV1
249           MACIR          C5orf30
250       MACROH2A1            H2AFY
251       MACROH2A2           H2AFY2
252           MAILR        AZIN1-AS1
253         MARCHF1           MARCH1
254        MARCHF10          MARCH10
255         MARCHF2           MARCH2
256         MARCHF3           MARCH3
257         MARCHF4           MARCH4
258         MARCHF5           MARCH5
259         MARCHF6           MARCH6
260         MARCHF7           MARCH7
261         MARCHF8           MARCH8
262         MARCHF9           MARCH9
263           MEAK7            TLDC1
264         MEIOSIN            BHMG1
265        METTL25B           RRNAD1
266         MICOS10           MINOS1
267         MICOS13         C19orf70
268          MIDEAS          ELMSAN1
269          MINAR1         KIAA1024
270          MINAR2        KIAA1024L
271      MIR124-1HG        LINC00599
272       MIR1915HG           CASC10
273       MIR3667HG         C22orf34
274        MIR9-1HG          C1orf61
275           MIX23           CCDC58
276            MMUT              MUT
277          MROCKI        LINC01268
278           MRTFA             MKL1
279           MRTFB             MKL2
280          MTARC1            MARC1
281          MTARC2            MARC2
282            MTLN           SMIM37
283          MTRES1         C6orf203
284           MTRFR         C12orf65
285           MTSS2           MTSS1L
286            MYG1         C12orf10
287        MYRF-AS1     DKFZP434K028
288           NARS1             NARS
289        NCBP2AS2        NCBP2-AS2
290       NDUFV1-DT         C11orf72
291            NEBL        C10orf113
292           NFILZ        LINC01862
293          NIBAN1          FAM129A
294          NIBAN2          FAM129B
295          NIBAN3          FAM129C
296        NOPCHAP1         C12orf45
297           NTAQ1           WDYHV1
298           NUP42            NUPL2
299            OBI1           RNF219
300        OBI1-AS1       RNF219-AS1
301           ODAD1          CCDC114
302           ODAD2            ARMC4
303           ODAD3          CCDC151
304           ODAD4            TTC25
305          PABIR1          FAM122A
306          PABIR2          FAM122B
307          PABIR3          FAM122C
308           PACC1          TMEM206
309      PALM2AKAP2            AKAP2
310      PALM2AKAP2            PALM2
311           PALS1             MPP5
312       PAXIP1-DT       PAXIP1-AS1
313           PCARE          C2orf71
314           PEDS1          TMEM189
315    PEDS1-UBE2V1   TMEM189-UBE2V1
316         PELATON           SMIM25
317           PGAP4          TMEM246
318           PGAP6           TMEM8A
319           PHAF1         C16orf70
320      PIK3IP1-DT      PIK3IP1-AS1
321       PITX1-AS1          C5orf66
322         PLA2G2C       UBXN10-AS1
323          PLAAT1           HRASLS
324          PLAAT2          HRASLS2
325          PLAAT3          PLA2G16
326          PLAAT4          RARRES3
327          PLAAT5          HRASLS5
328         PLEKHG7         C12orf74
329         POGLUT2           KDELC1
330         POGLUT3           KDELC2
331          POLR1F          TWISTNB
332          POLR1G           CD3EAP
333          POLR1H            ZNRD1
334     PPP1R13B-DT        LINC00637
335          PRANCR        LINC01481
336       PRDM16-DT        LINC00982
337         PRECSIT        LINC00346
338           PRORP         KIAA0391
339         PRSS42P           PRSS42
340          PRXL2A          FAM213A
341          PRXL2B          FAM213B
342          PRXL2C            AAED1
343        PSME3IP1          FAM192A
344        RAB30-DT        RAB30-AS1
345            RADX          CXorf57
346           RAMAC           RAMMET
347           RARS1             RARS
348            RBIS          C8orf59
349           RELCH         KIAA1468
350           RESF1         KIAA1551
351            RO60           TROVE2
352        RPL34-DT        RPL34-AS1
353            RRM2          C2orf48
354            RSKR           SGK494
355           RUSF1         C16orf58
356           SANBR         KIAA1841
357           SCAT1        LINC02081
358         SEPTIN1            SEPT1
359        SEPTIN10           SEPT10
360        SEPTIN11           SEPT11
361        SEPTIN12           SEPT12
362        SEPTIN14           SEPT14
363         SEPTIN3            SEPT3
364         SEPTIN4         C17orf47
365         SEPTIN4            SEPT4
366     SEPTIN4-AS1        SEPT4-AS1
367         SEPTIN5            SEPT5
368         SEPTIN6            SEPT6
369         SEPTIN7            SEPT7
370      SEPTIN7-DT        SEPT7-AS1
371         SEPTIN8            SEPT8
372         SEPTIN9            SEPT9
373            SHFL         C19orf66
374           SHOC1          C9orf84
375         SLC49A4            DIRC2
376         SLC66A1            PQLC2
377        SLC66A1L           PQLC2L
378         SLC66A2            PQLC1
379         SLC66A3            PQLC3
380         SMC2-DT         SMC2-AS1
381         SMC5-DT         SMC5-AS1
382          SMIM43          TMEM155
383          SNHG30        LINC02001
384          SNHG32          C6orf48
385         SPRING1         C12orf49
386           SSPOP             SSPO
387         STAM-DT         STAM-AS1
388          STEEP1          CXorf56
389  STIMATE-MUSTN1   TMEM110-MUSTN1
390          STING1          TMEM173
391          STRIT1            DWORF
392        STX17-DT        STX17-AS1
393           TAFA1          FAM19A1
394           TAFA2          FAM19A2
395           TAFA5          FAM19A5
396         TAMALIN            GRASP
397           TARS1             TARS
398           TARS3           TARSL2
399           TASOR          FAM208A
400          TASOR2          FAM208B
401        TBC1D29P          TBC1D29
402         TCP10L3            TCP10
403   TIMM23B-AGAP6        LINC00843
404          TLCD3A           FAM57A
405          TLCD3B           FAM57B
406           TLCD4           TMEM56
407     TLCD4-RWDD3     TMEM56-RWDD3
408           TLCD5          TMEM136
409            TLE5              AES
410 TM4SF19-DYNLT2B TM4SF19-TCTEX1D2
411        TMCC1-DT        TMCC1-AS1
412      TMEM51-AS2         C1orf195
413       TOLLIP-DT       TOLLIP-AS1
414        TRAPPC14          C7orf43
415           TSBP1          C6orf10
416          TTLL11       TTLL11-IT1
417          TUBB8B         TUBB8P12
418       USP27X-DT       USP27X-AS1
419        USP46-DT        USP46-AS1
420           VARS1             VARS
421           WARS1             WARS
422            YAE1           YAE1D1
423           YARS1             YARS
424           YJU2B          CCDC130
425       YTHDF3-DT       YTHDF3-AS1
426            ZFTA         C11orf95
427       ZNF22-AS1         C10orf25
428      ZNF407-AS1        LINC00909
429       ZNF516-DT         C18orf65
430       ZNF582-DT       ZNF582-AS1
431          ZNF875             HKR1
432           ZNRD2           SSSCA1
[1] "Samples are considered if they have more than 10 cells of the cell type of interest"
[1] "Genes with non-zero counts in at least 5% of cells of a cell type of interest in a particular sample will be considered as expressed in that sample."
[1] "Genes expressed in at least 4 samples will considered as expressed in the cell type: B.cells"
[1] "Genes expressed in at least 2 samples will considered as expressed in the cell type: CD4.T.cells"
[1] "Genes expressed in at least 2 samples will considered as expressed in the cell type: CD8.T.cells"
[1] "Genes expressed in at least 4 samples will considered as expressed in the cell type: DCs"
[1] "Genes expressed in at least 2.5 samples will considered as expressed in the cell type: Monocytes"
[1] "Genes expressed in at least 2 samples will considered as expressed in the cell type: Neutrophils"
[1] "Genes expressed in at least 4 samples will considered as expressed in the cell type: NK.cells"
[1] "Genes expressed in at least 4 samples will considered as expressed in the cell type: Unassigned"
[1] "8380 genes are considered as expressed in the cell type: B.cells"
[1] "8215 genes are considered as expressed in the cell type: CD4.T.cells"
[1] "8374 genes are considered as expressed in the cell type: CD8.T.cells"
[1] "9714 genes are considered as expressed in the cell type: DCs"
[1] "9648 genes are considered as expressed in the cell type: Monocytes"
[1] "9757 genes are considered as expressed in the cell type: NK.cells"
[1] "6872 genes are considered as expressed in the cell type: Neutrophils"
[1] "7960 genes are considered as expressed in the cell type: Unassigned"
[1] "DE analysis is done:"
[1] "included cell types are:"
[1] "Monocytes"   "NK.cells"    "CD8.T.cells" "DCs"        
[1] "excluded cell types are:"
[1] "CD4.T.cells" "B.cells"     "Unassigned"  "Neutrophils"
[1] "These celltypes are not considered in the analysis. After removing samples that contain less cells than the required minimal, some groups don't have 2 or more samples anymore (also relevant for groups not included in your contrasts!). As a result the analysis cannot be run. To solve this: decrease the number of min_cells or change your group_id and pool all samples that belong to groups that are not of interest! "
2: (function () 
   {
       message("R error occurred. Traceback:")
       traceback(2)
       quit(save = "no", status = 1)
   })()
1: stop("sender_receiver_de is NULL. Check names(DE_info) and the output of get_DE_info().")
============================================================
R analysis exit code: 1
Finished at: So 19. Jul 00:40:12 CEST 2026
============================================================
ERROR: R analysis failed for multinichetr on gated_vaccine_processed_healthyOnly
