============================================================
DCCS ARRAY TASK
============================================================
Date: Sa 4. Jul 16:25:52 CEST 2026
Host: ernie.exbio.wzw.tum.de
Working directory: /nfs/home/students/i.kaciran/FoPra_PLAs
SLURM job ID: 6261337
SLURM array task ID: 2
Dataset index: 0
Mode index: 0
Method index: 2
Dataset: gated_heart_processed
Mode: withHealthy
Method: scDiffCom
Prepared RDS: /nfs/home/students/i.kaciran/FoPra_PLAs/results/differential_ccs/prepared_inputs/gated_heart_processed_withHealthy.rds
Script: /nfs/home/students/i.kaciran/FoPra_PLAs/src/cell_signaling/dccs/scDiffCom.R
Output dir: /nfs/home/students/i.kaciran/FoPra_PLAs/results/differential_ccs/scDiffCom
Log dir: /nfs/home/students/i.kaciran/FoPra_PLAs/slurm_logs
============================================================
Checking R binary:
-rwxrwxr-x 1 i.kaciran daisybio 17K Jun  4 18:01 /nfs/home/students/i.kaciran/.conda/envs/liana_r/bin/Rscript
Rscript (R) version 4.3.3 (2024-02-29)
Checking R script:
-rw-rw---- 1 i.kaciran daisybio 13K Jul  4 15:52 /nfs/home/students/i.kaciran/FoPra_PLAs/src/cell_signaling/dccs/scDiffCom.R
Checking prepared RDS:
-rw-rw---- 1 i.kaciran daisybio 1,2G Jul  4 01:22 /nfs/home/students/i.kaciran/FoPra_PLAs/results/differential_ccs/prepared_inputs/gated_heart_processed_withHealthy.rds
Checking output directory:
drwxrwx--- 12 i.kaciran daisybio 4096 Jul  4 03:10 /nfs/home/students/i.kaciran/FoPra_PLAs/results/differential_ccs/scDiffCom
Starting R analysis command:
/nfs/home/students/i.kaciran/.conda/envs/liana_r/bin/Rscript /nfs/home/students/i.kaciran/FoPra_PLAs/src/cell_signaling/dccs/scDiffCom.R /nfs/home/students/i.kaciran/FoPra_PLAs/results/differential_ccs/prepared_inputs/gated_heart_processed_withHealthy.rds /nfs/home/students/i.kaciran/FoPra_PLAs/results/differential_ccs/scDiffCom
============================================================
[1] "RNA"

          PLA platelet-free 
          220         11521 
               
                B cells  DCs NK cells Unassigned CD4 T cells Macrophages
  PLA                 0    0        0          0           2         174
  platelet-free     166 1737      660       3847          58        2617
               
                Neutrophils CD8 T cells
  PLA                    44           0
  platelet-free        2421          13
12: (function () 
    {
        message("R error occurred. Traceback:")
        traceback(2)
        quit(save = "no", status = 1)
    })()
11: stop(gettextf("arguments imply differing number of rows: %s", 
        paste(unique(nrows), collapse = ", ")), domain = NA)
10: (function (..., row.names = NULL, check.rows = FALSE, check.names = TRUE, 
        fix.empty.names = TRUE, stringsAsFactors = FALSE) 
    {
        data.row.names <- if (check.rows && is.null(row.names)) 
            function(current, new, i) {
                if (is.character(current)) 
                    new <- as.character(new)
                if (is.character(new)) 
                    current <- as.character(current)
                if (anyDuplicated(new)) 
                    return(current)
                if (is.null(current)) 
                    return(new)
                if (all(current == new) || all(current == "")) 
                    return(new)
                stop(gettextf("mismatch of row names in arguments of 'data.frame', item %d", 
                    i), domain = NA)
            }
        else function(current, new, i) {
            if (is.null(current)) {
                if (anyDuplicated(new)) {
                    warning(gettextf("some row.names duplicated: %s --> row.names NOT used", 
                      paste(which(duplicated(new)), collapse = ",")), 
                      domain = NA)
                    current
                }
                else new
            }
            else current
        }
        object <- as.list(substitute(list(...)))[-1L]
        mirn <- missing(row.names)
        mrn <- is.null(row.names)
        x <- list(...)
        n <- length(x)
        if (n < 1L) {
            if (!mrn) {
                if (is.object(row.names) || !is.integer(row.names)) 
                    row.names <- as.character(row.names)
                if (anyNA(row.names)) 
                    stop("row names contain missing values")
                if (anyDuplicated(row.names)) 
                    stop(gettextf("duplicate row.names: %s", paste(unique(row.names[duplicated(row.names)]), 
                      collapse = ", ")), domain = NA)
            }
            else row.names <- integer()
            return(structure(list(), names = character(), row.names = row.names, 
                class = "data.frame"))
        }
        vnames <- names(x)
        if (length(vnames) != n) 
            vnames <- character(n)
        no.vn <- !nzchar(vnames)
        vlist <- vnames <- as.list(vnames)
        nrows <- ncols <- integer(n)
        for (i in seq_len(n)) {
            xi <- if (is.character(x[[i]]) || is.list(x[[i]])) 
                as.data.frame(x[[i]], optional = TRUE, stringsAsFactors = stringsAsFactors)
            else as.data.frame(x[[i]], optional = TRUE)
            nrows[i] <- .row_names_info(xi)
            ncols[i] <- length(xi)
            namesi <- names(xi)
            if (ncols[i] > 1L) {
                if (length(namesi) == 0L) 
                    namesi <- seq_len(ncols[i])
                vnames[[i]] <- if (no.vn[i]) 
                    namesi
                else paste(vnames[[i]], namesi, sep = ".")
            }
            else if (length(namesi)) {
                vnames[[i]] <- namesi
            }
            else if (fix.empty.names && no.vn[[i]]) {
                tmpname <- deparse(object[[i]], nlines = 1L)[1L]
                if (startsWith(tmpname, "I(") && endsWith(tmpname, 
                    ")")) {
                    ntmpn <- nchar(tmpname, "c")
                    tmpname <- substr(tmpname, 3L, ntmpn - 1L)
                }
                vnames[[i]] <- tmpname
            }
            if (mirn && nrows[i] > 0L) {
                rowsi <- attr(xi, "row.names")
                if (any(nzchar(rowsi))) 
                    row.names <- data.row.names(row.names, rowsi, 
                      i)
            }
            nrows[i] <- abs(nrows[i])
            vlist[[i]] <- xi
        }
        nr <- max(nrows)
        for (i in seq_len(n)[nrows < nr]) {
            xi <- vlist[[i]]
            if (nrows[i] > 0L && (nr%%nrows[i] == 0L)) {
                xi <- unclass(xi)
                fixed <- TRUE
                for (j in seq_along(xi)) {
                    xi1 <- xi[[j]]
                    if (is.vector(xi1) || is.factor(xi1)) 
                      xi[[j]] <- rep(xi1, length.out = nr)
                    else if (is.character(xi1) && inherits(xi1, "AsIs")) 
                      xi[[j]] <- structure(rep(xi1, length.out = nr), 
                        class = class(xi1))
                    else if (inherits(xi1, "Date") || inherits(xi1, 
                      "POSIXct")) 
                      xi[[j]] <- rep(xi1, length.out = nr)
                    else {
                      fixed <- FALSE
                      break
                    }
                }
                if (fixed) {
                    vlist[[i]] <- xi
                    next
                }
            }
            stop(gettextf("arguments imply differing number of rows: %s", 
                paste(unique(nrows), collapse = ", ")), domain = NA)
        }
        value <- unlist(vlist, recursive = FALSE, use.names = FALSE)
        vnames <- as.character(unlist(vnames[ncols > 0L]))
        if (fix.empty.names && any(noname <- !nzchar(vnames))) 
            vnames[noname] <- paste0("Var.", seq_along(vnames))[noname]
        if (check.names) {
            if (fix.empty.names) 
                vnames <- make.names(vnames, unique = TRUE)
            else {
                nz <- nzchar(vnames)
                vnames[nz] <- make.names(vnames[nz], unique = TRUE)
            }
        }
        names(value) <- vnames
        if (!mrn) {
            if (length(row.names) == 1L && nr != 1L) {
                if (is.character(row.names)) 
                    row.names <- match(row.names, vnames, 0L)
                if (length(row.names) != 1L || row.names < 1L || 
                    row.names > length(vnames)) 
                    stop("'row.names' should specify one of the variables")
                i <- row.names
                row.names <- value[[i]]
                value <- value[-i]
            }
            else if (!is.null(row.names) && length(row.names) != 
                nr) 
                stop("row names supplied are of the wrong length")
        }
        else if (!is.null(row.names) && length(row.names) != nr) {
            warning("row names were found from a short variable and have been discarded")
            row.names <- NULL
        }
        class(value) <- "data.frame"
        if (is.null(row.names)) 
            attr(value, "row.names") <- .set_row_names(nr)
        else {
            if (is.object(row.names) || !is.integer(row.names)) 
                row.names <- as.character(row.names)
            if (anyNA(row.names)) 
                stop("row names contain missing values")
            if (anyDuplicated(row.names)) 
                stop(gettextf("duplicate row.names: %s", paste(unique(row.names[duplicated(row.names)]), 
                    collapse = ", ")), domain = NA)
            row.names(value) <- row.names
        }
        value
    })(LRI = list(VALUE = c("ADAM10:CD44", "ADAM10:GPNMB", "ADAM10:TREM2", 
    "ADAM15:ITGAV", "ADAM15:ITGB1", "ADAM17:ITGB1", "ADAM17:RHBDF2", 
    "ADAM9:ITGAV", "ADAM9:ITGB1", "ADAM9:ITGB5", "ADM:GPR84", "AGTRAP:RACK1", 
    "ALCAM:NRP1", "ANXA1:DYSF", "ANXA1:FPR2", "ANXA1:FPR2_FPR3", 
    "ANXA1:FPR3", "APOE:ABCA1", "APOE:LDLR", "APOE:SDC2", "APOE:SORL1", 
    "APOE:TREM2", "APP:APLP2", "APP:CD74", "APP:LRP1", "APP:PTGER2", 
    "AREG:ICAM1", "B2M:HLA-F", "BST2:LILRB3", "C1QA:CD33", "C1QA:CD93", 
    "C1QA:CR1", "C1QB:C1QBP", "C1QB:CD33", "C1QB:LRP1", "CALR:HLA-F", 
    "CALR:ITGAV", "CALR:LRP1", "CCL18:CCR1", "CCL3:CCR1", "CCL3:CCR5", 
    "CCL3:IDE", "CCL3L1:CCR1", "CCL3L1:CCR5", "CCL4:CCR1", "CCL4:CCR5", 
    "CD14:ITGB1", "CD14:ITGB2", "CD14:RIPK1", "CD14:TLR1", "CD14:TLR4", 
    "CD14:TLR6", "CD36:TLR4", "CD36:TLR6", "CD55:ADGRE5", "CD55:CR1", 
    "CD84:CD84", "CD99:CD81", "CD99:CD99", "COL1A1:CD36", "COL1A1:CD44", 
    "COL1A1:CD93", "COL1A2:CD36", "COL6A3:CD44", "COPA:CD74", "CXCL8:SDC2", 
    "CXCL8:SDC3", "DCN:TLR2", "DCN:TLR4", "F13A1:ITGA4", "F13A1:ITGA9", 
    "F13A1:ITGB1", "FABP5:RXRA", "FAM3C:LAMP1", "FN1:C5AR1", "FN1:CD44", 
    "FN1:ITGA9", "FN1:ITGAV", "FN1:ITGB1_ITGA4", "FN1:ITGB1_ITGA5", 
    "FN1:ITGB1_ITGAV", "FN1:ITGB5_ITGAV", "FN1:PLAUR", "FN1:SDC2", 
    "FN1:SDC4", "GRN:SORT1", "GRN:TNFRSF1A", "GRN:TNFRSF1B", "HBEGF:CD44", 
    "HBEGF:CD82", "HBEGF:CD9", "HEBP1:FPR2", "HEBP1:FPR3", "HGF:NRP1", 
    "HGF:SDC2", "HLA-A:LILRA1", "HLA-B:LILRA1", "HLA-B:LILRB2", "HLA-C:LILRA1", 
    "HLA-C:LILRB1", "HLA-C:LILRB2", "HLA-DMA:CD4", "HLA-DMB:CD4", 
    "HLA-DOA:CD4", "HLA-DQA1:CD4", "HLA-DQB1:CD4", "HLA-DRA:CD4", 
    "HLA-DRB5:CD4", "HLA-F:LILRB1", "HLA-F:LILRB2", "HMGB1:CD163", 
    "HMGB1:CXCR4", "HMGB1:HAVCR2", "HMGB1:THBD", "HMGB1:TLR2", "ICAM1:IL2RG", 
    "ICAM1:ITGB2", "ICAM2:ITGAM_ITGB2", "ICAM2:ITGB2", "ICAM4:ITGAM", 
    "ICAM4:ITGAV", "ICAM4:ITGB1", "IL10:IL10RA_IL10RB", "IL16:CD4", 
    "IL18:CD48", "IL1A:IL1R2", "IL1B:IL1R1_IL1RAP", "IL1B:IL1R2", 
    "IL1B:SIGIRR", "IL1RN:IL1R1", "IL1RN:IL1R1_IL1RAP", "IL1RN:IL1R2", 
    "IL1RN:IL1RL2", "ITGAX_ITGB2:ICAM1_ITGB2", "ITGB2_ITGAM:ICAM1_ITGB2", 
    "LAIR1:LILRB3", "LAIR1:LILRB4", "LAMC1:CD44", "LGALS1:ITGB1", 
    "LGALS1:LGALS1", "LGALS1:PTPRC", "LGALS9:CD44", "LGALS9:CD47", 
    "LGALS9:COLEC12", "LGALS9:HAVCR2", "LGALS9:LRP1", "LGALS9:PTPRC", 
    "LGALS9:SORL1", "LRPAP1:LDLR", "LRPAP1:LRP1", "LRPAP1:SORL1", 
    "MIF:ACKR3", "MIF:CD74", "MIF:CD74_CD44", "MIF:CD74_CXCR4", "MIF:CXCR4", 
    "MIF:TNFRSF14", "MMP9:CD44", "MMP9:ITGB2", "MMP9:LRP1", "NAMPT:ITGA5_ITGB1", 
    "PECAM1:PECAM1", "PLAU:ITGAV", "PLAU:ITGB1", "PLAU:ITGB5", "PLAU:LRP1", 
    "PLAU:PLAUR", "PLAU:ST14", "PLTP:ABCA1", "PSAP:LRP1", "PSAP:SORT1", 
    "PSEN1:CD44", "PSEN1:NOTCH2", "RETN:CAP1", "RNASE2:TLR2", "RPS19:C5AR1", 
    "RPS27A:LDLR", "RPS27A:TGFBR1", "S100A8:CD68", "S100A8:ITGB2", 
    "S100A9:ALCAM", "S100A9:CD68", "S100A9:ITGB2", "S100A9:TLR4", 
    "SDC2:PTPRJ", "SELPLG:ITGB2", "SEMA4A:LILRB2", "SEMA4A:NRP1", 
    "SIRPA:CD47", "SPN:ICAM1", "SPP1:CD44", "SPP1:ITGA5_ITGB1", "SPP1:ITGAV_ITGB1", 
    "SPP1:ITGAV_ITGB5", "SPP1:ITGB1_ITGA9", "SPP1:PTGER4", "SPP1:S1PR1", 
    "TFPI:LRP1", "TGFB1:CXCR4", "TGFB1:ITGB1", "TGFB1:SDC2", "THBS1:CD36", 
    "THBS1:CD47", "THBS1:ITGA4", "THBS1:LRP1", "THBS1:PTPRJ", "THBS1:SCARB1", 
    "THBS1:SDC4", "TIMP1:CD63", "TIMP2:CD44", "TIMP2:ITGB1", "TNFSF13B:CD40", 
    "TNFSF13B:HLA-DPB1", "TNFSF13B:TFRC", "TXLNA:STX4", "VCAN:CD44", 
    "VCAN:ITGA4", "VCAN:ITGB1", "VCAN:SELL", "VCAN:TLR1", "VCAN:TLR2", 
    "VEGFA:ITGA9", "VEGFA:ITGAV", "VEGFA:ITGB1", "VEGFA:NRP1", "VEGFA:SIRPA"
    ), OR_UP = c(0.718871014383098, 6.58127239092268, 2.16607893820834, 
    2.16607893820834, 0, 0, 0, Inf, 2.17517723818149, Inf, 0, 0, 
    2.16607893820834, 0, 0, 0, 0.718871014383098, 0, 0, 0, 0, 0, 
    0, 0, 0.718871014383098, 0, 0, 0, 0, 0, 0, 0, 0, 0, 0, 0, 1.08118424049327, 
    0, 0, 6.58127239092268, Inf, 0, 2.16607893820834, 0, 1.08118424049327, 
    0, 0, 0, 0, 0.718871014383098, 0, 0, 2.17517723818149, Inf, 0, 
    0, 0, 0, 0, 2.17517723818149, Inf, Inf, 2.16607893820834, 2.16607893820834, 
    0, 6.58127239092268, 0, 0, 0, 0, 0, 0, 4.3575707589383, 0, Inf, 
    Inf, Inf, Inf, Inf, Inf, Inf, Inf, Inf, Inf, 0, 0, 0, 0, 0, 0, 
    0, 0, 0, 0, Inf, 0, 0, 0, 0, 0, 0, 0, 0, 0, 0, 0, 0, 0, 0, 0, 
    0, 0, 0, 0, 0, 0, 0, 0, 0, 2.16607893820834, Inf, Inf, 0, 0, 
    0, 0, 0, 0, 0, 0, 0, 0, Inf, 0, 0, 0, 0, 2.16607893820834, 0, 
    0, 0, 0, 0, 0, 0, 0, 0, 0, 0, 0, 0, 2.16607893820834, 0, 0, 0, 
    0, 0, Inf, 0, Inf, 0, 0, 2.16607893820834, 0, 0, 0, 0, 2.16607893820834, 
    Inf, 0, 0, 0, 0, 0, 0, 0, 0, 0, 0, 0, 0, 0, 0, 0, 4.3575707589383, 
    0, 0, Inf, 0, 0, Inf, 0, Inf, Inf, Inf, 0, 0, Inf, 0, 0, 0, Inf, 
    0, 0, 0, 0, 0, 0, 0, 0, 0, 0, 0, 0, Inf, 2.17517723818149, 0, 
    0.718871014383098, 0, 4.3575707589383, 0, Inf, 6.58127239092268, 
    1.08118424049327, Inf, 0), P_VALUE_UP = c(1, 0.095497321841062, 
    0.533084089964987, 0.533084089964987, 1, 1, 1, 0.00969477208138679, 
    0.594059157750374, 0.0995193163610468, 1, 1, 0.533084089964987, 
    1, 1, 1, 1, 1, 1, 1, 1, 1, 0.312519541351439, 1, 1, 1, 1, 1, 
    1, 1, 1, 1, 1, 1, 1, 1, 1, 0.554774560113313, 1, 0.095497321841062, 
    0.316301703163017, 1, 0.533084089964987, 1, 1, 1, 0.312519541351439, 
    1, 1, 1, 0.312519541351439, 1, 0.594059157750374, 0.0995193163610468, 
    1, 1, 1, 1, 1, 0.594059157750374, 0.0995193163610468, 0.0995193163610468, 
    0.533084089964987, 0.533084089964987, 1, 0.095497321841062, 1, 
    1, 1, 1, 1, 1, 0.236267130040529, 1, 0.00969477208138679, 0.00969477208138679, 
    0.0995193163610468, 0.00969477208138679, 0.0995193163610468, 
    0.00969477208138679, 0.00969477208138679, 0.00969477208138679, 
    0.00969477208138679, 0.00969477208138679, 1, 1, 1, 1, 0.554774560113313, 
    1, 1, 1, 1, 1, 0.316301703163017, 1, 1, 1, 1, 1, 1, 1, 1, 1, 
    1, 1, 1, 1, 1, 1, 0.312519541351439, 1, 1, 1, 1, 1, 1, 1, 1, 
    0.533084089964987, 0.0311454095213056, 0.0995193163610468, 1, 
    1, 1, 1, 1, 1, 1, 1, 1, 1, 0.0995193163610468, 1, 1, 1, 1, 0.533084089964987, 
    1, 1, 1, 1, 1, 1, 1, 1, 1, 1, 1, 1, 1, 0.533084089964987, 1, 
    1, 1, 1, 1, 0.316301703163017, 1, 0.0995193163610468, 1, 1, 0.533084089964987, 
    1, 1, 1, 1, 0.533084089964987, 0.316301703163017, 1, 1, 1, 1, 
    1, 1, 1, 1, 1, 1, 1, 1, 1, 1, 1, 0.236267130040529, 1, 1, 0.316301703163017, 
    1, 1, 0.00969477208138679, 1, 0.00969477208138679, 0.0995193163610468, 
    0.0995193163610468, 1, 1, 0.0995193163610468, 1, 1, 0.312519541351439, 
    0.00969477208138679, 1, 1, 1, 1, 1, 1, 0.554774560113313, 0.312519541351439, 
    0.554774560113313, 1, 1, 1, 0.316301703163017, 0.594059157750374, 
    1, 1, 1, 0.236267130040529, 1, 0.0995193163610468, 0.095497321841062, 
    1, 0.0995193163610468, 1), BH_P_VALUE_UP = c(1, 0.202248933249869, 
    0.658515640544984, 0.658515640544984, NA, NA, NA, 0.0508975534272806, 
    0.680467762514064, 0.202248933249869, NA, NA, 0.658515640544984, 
    NA, NA, NA, 1, NA, NA, NA, NA, NA, NA, NA, 1, NA, NA, NA, NA, 
    NA, NA, NA, NA, NA, NA, NA, 1, NA, NA, 0.202248933249869, 0.498175182481752, 
    NA, 0.658515640544984, NA, 1, NA, NA, NA, NA, 1, NA, NA, 0.680467762514064, 
    0.202248933249869, NA, NA, NA, NA, NA, 0.680467762514064, 0.202248933249869, 
    0.202248933249869, 0.658515640544984, 0.658515640544984, NA, 
    0.202248933249869, NA, NA, NA, NA, NA, NA, 0.437789093898628, 
    NA, 0.0508975534272806, 0.0508975534272806, 0.202248933249869, 
    0.0508975534272806, 0.202248933249869, 0.0508975534272806, 0.0508975534272806, 
    0.0508975534272806, 0.0508975534272806, 0.0508975534272806, NA, 
    NA, NA, NA, NA, NA, NA, NA, NA, NA, 0.498175182481752, NA, NA, 
    NA, NA, NA, NA, NA, NA, NA, NA, NA, NA, NA, NA, NA, NA, NA, NA, 
    NA, NA, NA, NA, NA, NA, 0.658515640544984, 0.150935446141712, 
    0.202248933249869, NA, NA, NA, NA, NA, NA, NA, NA, NA, NA, 0.202248933249869, 
    NA, NA, NA, NA, 0.658515640544984, NA, NA, NA, NA, NA, NA, NA, 
    NA, NA, NA, NA, NA, NA, 0.658515640544984, NA, NA, NA, NA, NA, 
    0.498175182481752, NA, 0.202248933249869, NA, NA, 0.658515640544984, 
    NA, NA, NA, NA, 0.658515640544984, 0.498175182481752, NA, NA, 
    NA, NA, NA, NA, NA, NA, NA, NA, NA, NA, NA, NA, NA, 0.437789093898628, 
    NA, NA, 0.498175182481752, NA, NA, 0.0508975534272806, NA, 0.0508975534272806, 
    0.202248933249869, 0.202248933249869, NA, NA, 0.202248933249869, 
    NA, NA, NA, 0.0508975534272806, NA, NA, NA, NA, NA, NA, NA, NA, 
    NA, NA, NA, NA, 0.498175182481752, 0.680467762514064, NA, 1, 
    NA, 0.437789093898628, NA, 0.202248933249869, 0.202248933249869, 
    1, 0.202248933249869, NA), ORA_SCORE_UP = c(0, 0, 0, 0, 0, 0, 
    0, 0, 0, 0, 0, 0, 0, 0, 0, 0, 0, 0, 0, 0, 0, 0, 0, 0, 0, 0, 0, 
    0, 0, 0, 0, 0, 0, 0, 0, 0, 0, 0, 0, 0, 0, 0, 0, 0, 0, 0, 0, 0, 
    0, 0, 0, 0, 0, 0, 0, 0, 0, 0, 0, 0, 0, 0, 0, 0, 0, 0, 0, 0, 0, 
    0, 0, 0, 0, 0, 0, 0, 0, 0, 0, 0, 0, 0, 0, 0, 0, 0, 0, 0, 0, 0, 
    0, 0, 0, 0, 0, 0, 0, 0, 0, 0, 0, 0, 0, 0, 0, 0, 0, 0, 0, 0, 0, 
    0, 0, 0, 0, 0, 0, 0, 0, 0, 0, 0, 0, 0, 0, 0, 0, 0, 0, 0, 0, 0, 
    0, 0, 0, 0, 0, 0, 0, 0, 0, 0, 0, 0, 0, 0, 0, 0, 0, 0, 0, 0, 0, 
    0, 0, 0, 0, 0, 0, 0, 0, 0, 0, 0, 0, 0, 0, 0, 0, 0, 0, 0, 0, 0, 
    0, 0, 0, 0, 0, 0, 0, 0, 0, 0, 0, 0, 0, 0, 0, 0, 0, 0, 0, 0, 0, 
    0, 0, 0, 0, 0, 0, 0, 0, 0, 0, 0, 0, 0, 0, 0, 0, 0, 0, 0, 0, 0, 
    0, 0, 0, 0, 0, 0, 0, 0, 0, 0), OR_DOWN = c(0, 0, 0, 0, 0, 0, 
    0, 0, 0, 0, 0, 0, 0, 0, 0, 0, 0, 0, 0, 0, 0, 0, 0, 0, 0, 0, 0, 
    0, 0, 0, 0, 0, 25.4651388322901, 0, 0, 0, 0, 0, 0, 0, 0, 0, 0, 
    0, 0, 0, 0, 0, 0, 0, 0, 0, 0, 0, 0, 0, 0, 0, 0, 0, 0, 0, 0, 0, 
    0, 0, 0, 0, 0, 0, 0, 0, 0, 0, 0, 0, 0, 0, 0, 0, 0, 0, 0, 0, 0, 
    0, 0, 0, 0, 0, 0, 0, 0, 0, 0, 0, 0, 0, Inf, 0, 0, 0, 0, Inf, 
    Inf, Inf, 25.4651388322901, Inf, 0, 0, 0, 0, 0, 0, 0, 0, 0, 0, 
    0, 0, 0, 0, 0, Inf, Inf, 0, 0, 0, 0, 0, 0, 0, 0, 0, 0, 0, 0, 
    0, 0, 0, 0, 0, 0, 0, 0, 0, 0, 0, 0, 0, 0, 0, 0, 0, 0, 0, 0, 0, 
    0, 0, 0, 0, 0, 0, 0, 0, 0, 0, 0, 0, 0, 0, 0, 0, 0, 0, 0, 0, 0, 
    0, 0, 0, Inf, 0, 0, 25.4651388322901, 0, 0, 0, 0, 0, 0, 0, 0, 
    0, 0, 0, 0, 0, 0, 0, 0, 0, 0, 0, 0, 0, 0, 0, 0, 0, Inf, Inf, 
    0, 0, 0, 0, 0, 0, 0, 0, 0, 0, 0, 0, 0), P_VALUE_DOWN = c(1, 1, 
    1, 1, 1, 1, 1, 1, 1, 1, 1, 1, 1, 1, 1, 1, 1, 1, 1, 1, 1, 1, 1, 
    1, 1, 1, 1, 1, 1, 1, 1, 1, 0.0764346329594682, 1, 1, 1, 1, 1, 
    1, 1, 1, 1, 1, 1, 1, 1, 1, 1, 1, 1, 1, 1, 1, 1, 1, 1, 1, 1, 1, 
    1, 1, 1, 1, 1, 1, 1, 1, 1, 1, 1, 1, 1, 1, 1, 1, 1, 1, 1, 1, 1, 
    1, 1, 1, 1, 1, 1, 1, 1, 1, 1, 1, 1, 1, 1, 1, 1, 1, 1, 0.00142424781912053, 
    1, 1, 1, 1, 0.00142424781912053, 0.0389294403892944, 0.0389294403892944, 
    0.0764346329594682, 0.0389294403892944, 1, 1, 1, 1, 1, 1, 1, 
    1, 1, 1, 1, 1, 1, 1, 1, 0.0389294403892944, 0.00142424781912053, 
    1, 1, 1, 1, 1, 1, 1, 1, 1, 1, 1, 1, 1, 1, 1, 1, 1, 1, 1, 1, 1, 
    1, 1, 1, 1, 1, 1, 1, 1, 1, 1, 1, 1, 1, 1, 1, 1, 1, 1, 1, 1, 1, 
    1, 1, 1, 1, 1, 1, 1, 1, 1, 1, 1, 1, 1, 1, 1, 0.0389294403892944, 
    1, 1, 0.0764346329594682, 1, 1, 1, 1, 1, 1, 1, 1, 1, 1, 1, 1, 
    1, 1, 1, 1, 1, 1, 1, 1, 1, 1, 1, 1, 1, 0.0389294403892944, 0.0389294403892944, 
    1, 1, 1, 1, 1, 1, 1, 1, 1, 1, 1, 1, 1), BH_P_VALUE_DOWN = c(NA, 
    NA, NA, NA, NA, NA, NA, NA, NA, NA, NA, NA, NA, NA, NA, NA, NA, 
    NA, NA, NA, NA, NA, NA, NA, NA, NA, NA, NA, NA, NA, NA, NA, 0.0764346329594682, 
    NA, NA, NA, NA, NA, NA, NA, NA, NA, NA, NA, NA, NA, NA, NA, NA, 
    NA, NA, NA, NA, NA, NA, NA, NA, NA, NA, NA, NA, NA, NA, NA, NA, 
    NA, NA, NA, NA, NA, NA, NA, NA, NA, NA, NA, NA, NA, NA, NA, NA, 
    NA, NA, NA, NA, NA, NA, NA, NA, NA, NA, NA, NA, NA, NA, NA, NA, 
    NA, 0.00617174054952228, NA, NA, NA, NA, 0.00617174054952228, 
    0.0506082725060827, 0.0506082725060827, 0.0764346329594682, 0.0506082725060827, 
    NA, NA, NA, NA, NA, NA, NA, NA, NA, NA, NA, NA, NA, NA, NA, 0.0506082725060827, 
    0.00617174054952228, NA, NA, NA, NA, NA, NA, NA, NA, NA, NA, 
    NA, NA, NA, NA, NA, NA, NA, NA, NA, NA, NA, NA, NA, NA, NA, NA, 
    NA, NA, NA, NA, NA, NA, NA, NA, NA, NA, NA, NA, NA, NA, NA, NA, 
    NA, NA, NA, NA, NA, NA, NA, NA, NA, NA, NA, NA, NA, NA, NA, 0.0506082725060827, 
    NA, NA, 0.0764346329594682, NA, NA, NA, NA, NA, NA, NA, NA, NA, 
    NA, NA, NA, NA, NA, NA, NA, NA, NA, NA, NA, NA, NA, NA, NA, NA, 
    0.0506082725060827, 0.0506082725060827, NA, NA, NA, NA, NA, NA, 
    NA, NA, NA, NA, NA, NA, NA), ORA_SCORE_DOWN = c(0, 0, 0, 0, 0, 
    0, 0, 0, 0, 0, 0, 0, 0, 0, 0, 0, 0, 0, 0, 0, 0, 0, 0, 0, 0, 0, 
    0, 0, 0, 0, 0, 0, 0, 0, 0, 0, 0, 0, 0, 0, 0, 0, 0, 0, 0, 0, 0, 
    0, 0, 0, 0, 0, 0, 0, 0, 0, 0, 0, 0, 0, 0, 0, 0, 0, 0, 0, 0, 0, 
    0, 0, 0, 0, 0, 0, 0, 0, 0, 0, 0, 0, 0, 0, 0, 0, 0, 0, 0, 0, 0, 
    0, 0, 0, 0, 0, 0, 0, 0, 0, Inf, 0, 0, 0, 0, Inf, 0, 0, 0, 0, 
    0, 0, 0, 0, 0, 0, 0, 0, 0, 0, 0, 0, 0, 0, 0, 0, Inf, 0, 0, 0, 
    0, 0, 0, 0, 0, 0, 0, 0, 0, 0, 0, 0, 0, 0, 0, 0, 0, 0, 0, 0, 0, 
    0, 0, 0, 0, 0, 0, 0, 0, 0, 0, 0, 0, 0, 0, 0, 0, 0, 0, 0, 0, 0, 
    0, 0, 0, 0, 0, 0, 0, 0, 0, 0, 0, 0, 0, 0, 0, 0, 0, 0, 0, 0, 0, 
    0, 0, 0, 0, 0, 0, 0, 0, 0, 0, 0, 0, 0, 0, 0, 0, 0, 0, 0, 0, 0, 
    0, 0, 0, 0, 0, 0, 0, 0, 0, 0, 0, 0, 0, 0), OR_FLAT = c(2.23635939347665, 
    0.244770843420926, 0.740983991878106, 0.740983991878106, Inf, 
    Inf, 0, 0, 0.739876807554621, 0, Inf, Inf, 0.740983991878106, 
    0.740983991878106, Inf, Inf, 2.23635939347665, Inf, 0, Inf, Inf, 
    Inf, Inf, Inf, 2.23635939347665, Inf, Inf, Inf, Inf, Inf, Inf, 
    Inf, 0.740983991878106, Inf, Inf, Inf, 1.48579959391979, Inf, 
    0, 0.244770843420926, 0, Inf, 0.740983991878106, Inf, 1.48579959391979, 
    Inf, Inf, Inf, Inf, 2.23635939347665, Inf, Inf, 0.739876807554621, 
    0, Inf, Inf, Inf, Inf, Inf, 0, 0, 0, 0.740983991878106, 0.740983991878106, 
    Inf, 0.244770843420926, Inf, 0, Inf, Inf, Inf, Inf, 0.368975159021719, 
    Inf, 0, 0, 0, 0, 0, 0, 0, 0, 0, 0, Inf, Inf, Inf, Inf, Inf, Inf, 
    Inf, Inf, Inf, Inf, 0, 0, 0, Inf, 0, 0, Inf, Inf, Inf, 0, 0, 
    0, 0.740983991878106, 0, Inf, Inf, Inf, Inf, Inf, Inf, Inf, 0, 
    Inf, Inf, 0, 0.740983991878106, 0, 0, Inf, 0, 0, 0, Inf, 0, Inf, 
    Inf, Inf, 0, 0, Inf, Inf, Inf, Inf, 0.740983991878106, Inf, Inf, 
    Inf, Inf, Inf, Inf, Inf, Inf, Inf, Inf, Inf, Inf, Inf, 0, Inf, 
    Inf, Inf, Inf, 0.740983991878106, 0, Inf, 0, Inf, Inf, 0.740983991878106, 
    Inf, Inf, Inf, Inf, 0.740983991878106, 0, Inf, Inf, Inf, Inf, 
    Inf, Inf, Inf, Inf, Inf, Inf, Inf, Inf, Inf, 0, Inf, 0.368975159021719, 
    0.740983991878106, Inf, 0, Inf, Inf, 0, 0, 0, 0, 0, 0, 0, 0, 
    Inf, Inf, Inf, 0, Inf, Inf, Inf, Inf, Inf, Inf, Inf, Inf, Inf, 
    0, 0, Inf, 0, 0.739876807554621, Inf, 2.23635939347665, 0, 0.368975159021719, 
    Inf, 0, 0.244770843420926, 1.48579959391979, 0, Inf), P_VALUE_FLAT = c(0.639662664456211, 
    0.31660160500316, 1, 1, 1, 1, 0.425790754257908, 0.0322220151353558, 
    1, 0.180701442050917, 1, 1, 1, 1, 1, 1, 0.639662664456211, 1, 
    0.425790754257908, 1, 1, 1, 0.1397551963533, 1, 0.639662664456211, 
    1, 1, 1, 1, 1, 1, 1, 1, 0.509821375586019, 0.509821375586019, 
    1, 1, 0.264732063379028, 0.425790754257908, 0.31660160500316, 
    0.425790754257908, 1, 1, 1, 1, 1, 0.1397551963533, 1, 0.509821375586019, 
    0.639662664456211, 0.1397551963533, 0.509821375586019, 1, 0.180701442050917, 
    1, 1, 1, 0.509821375586019, 0.509821375586019, 0.0322220151353558, 
    0.180701442050917, 0.180701442050917, 1, 1, 1, 0.31660160500316, 
    1, 0.180701442050917, 0.509821375586019, 1, 1, 1, 0.577535537638317, 
    1, 0.0322220151353558, 0.0322220151353558, 0.180701442050917, 
    0.0322220151353558, 0.180701442050917, 0.0322220151353558, 0.0322220151353558, 
    0.0322220151353558, 0.0322220151353558, 0.0322220151353558, 0.509821375586019, 
    1, 1, 1, 0.264732063379028, 1, 1, 1, 0.509821375586019, 1, 0.425790754257908, 
    0.180701442050917, 0.425790754257908, 1, 0.180701442050917, 0.425790754257908, 
    1, 1, 1, 0.180701442050917, 0.425790754257908, 0.425790754257908, 
    1, 0.425790754257908, 1, 1, 0.1397551963533, 0.509821375586019, 
    1, 0.509821375586019, 0.509821375586019, 0.425790754257908, 1, 
    0.509821375586019, 0.180701442050917, 1, 0.0764336172978206, 
    0.180701442050917, 1, 0.425790754257908, 0.180701442050917, 0.180701442050917, 
    1, 0.180701442050917, 1, 1, 1, 0.180701442050917, 0.180701442050917, 
    1, 1, 1, 1, 1, 0.509821375586019, 1, 0.509821375586019, 0.509821375586019, 
    1, 0.509821375586019, 1, 0.509821375586019, 0.509821375586019, 
    1, 1, 0.509821375586019, 1, 0.180701442050917, 1, 1, 1, 1, 1, 
    0.425790754257908, 1, 0.180701442050917, 1, 1, 1, 1, 1, 0.509821375586019, 
    1, 1, 0.425790754257908, 0.509821375586019, 1, 1, 1, 1, 0.509821375586019, 
    1, 0.509821375586019, 1, 1, 1, 1, 1, 0.425790754257908, 1, 0.577535537638317, 
    1, 1, 0.425790754257908, 1, 1, 0.0322220151353558, 0.180701442050917, 
    0.0322220151353558, 0.180701442050917, 0.180701442050917, 0.425790754257908, 
    0.180701442050917, 0.180701442050917, 0.509821375586019, 1, 0.1397551963533, 
    0.0322220151353558, 0.509821375586019, 1, 0.509821375586019, 
    1, 1, 1, 0.264732063379028, 0.1397551963533, 0.264732063379028, 
    0.425790754257908, 0.425790754257908, 1, 0.425790754257908, 1, 
    1, 0.639662664456211, 0.425790754257908, 0.577535537638317, 0.509821375586019, 
    0.180701442050917, 0.31660160500316, 1, 0.180701442050917, 0.509821375586019
    ), BH_P_VALUE_FLAT = c(1, 1, 1, 1, 1, 1, NA, NA, 1, NA, 1, 1, 
    1, 1, 1, 1, 1, 1, NA, 1, 1, 1, 1, 1, 1, 1, 1, 1, 1, 1, 1, 1, 
    1, 1, 1, 1, 1, 1, NA, 1, NA, 1, 1, 1, 1, 1, 1, 1, 1, 1, 1, 1, 
    1, NA, 1, 1, 1, 1, 1, NA, NA, NA, 1, 1, 1, 1, 1, NA, 1, 1, 1, 
    1, 1, 1, NA, NA, NA, NA, NA, NA, NA, NA, NA, NA, 1, 1, 1, 1, 
    1, 1, 1, 1, 1, 1, NA, NA, NA, 1, NA, NA, 1, 1, 1, NA, NA, NA, 
    1, NA, 1, 1, 1, 1, 1, 1, 1, NA, 1, 1, NA, 1, NA, NA, 1, NA, NA, 
    NA, 1, NA, 1, 1, 1, NA, NA, 1, 1, 1, 1, 1, 1, 1, 1, 1, 1, 1, 
    1, 1, 1, 1, 1, 1, 1, NA, 1, 1, 1, 1, 1, NA, 1, NA, 1, 1, 1, 1, 
    1, 1, 1, 1, NA, 1, 1, 1, 1, 1, 1, 1, 1, 1, 1, 1, 1, 1, NA, 1, 
    1, 1, 1, NA, 1, 1, NA, NA, NA, NA, NA, NA, NA, NA, 1, 1, 1, NA, 
    1, 1, 1, 1, 1, 1, 1, 1, 1, NA, NA, 1, NA, 1, 1, 1, NA, 1, 1, 
    NA, 1, 1, NA, 1), ORA_SCORE_FLAT = c(0, 0, 0, 0, 0, 0, 0, 0, 
    0, 0, 0, 0, 0, 0, 0, 0, 0, 0, 0, 0, 0, 0, 0, 0, 0, 0, 0, 0, 0, 
    0, 0, 0, 0, 0, 0, 0, 0, 0, 0, 0, 0, 0, 0, 0, 0, 0, 0, 0, 0, 0, 
    0, 0, 0, 0, 0, 0, 0, 0, 0, 0, 0, 0, 0, 0, 0, 0, 0, 0, 0, 0, 0, 
    0, 0, 0, 0, 0, 0, 0, 0, 0, 0, 0, 0, 0, 0, 0, 0, 0, 0, 0, 0, 0, 
    0, 0, 0, 0, 0, 0, 0, 0, 0, 0, 0, 0, 0, 0, 0, 0, 0, 0, 0, 0, 0, 
    0, 0, 0, 0, 0, 0, 0, 0, 0, 0, 0, 0, 0, 0, 0, 0, 0, 0, 0, 0, 0, 
    0, 0, 0, 0, 0, 0, 0, 0, 0, 0, 0, 0, 0, 0, 0, 0, 0, 0, 0, 0, 0, 
    0, 0, 0, 0, 0, 0, 0, 0, 0, 0, 0, 0, 0, 0, 0, 0, 0, 0, 0, 0, 0, 
    0, 0, 0, 0, 0, 0, 0, 0, 0, 0, 0, 0, 0, 0, 0, 0, 0, 0, 0, 0, 0, 
    0, 0, 0, 0, 0, 0, 0, 0, 0, 0, 0, 0, 0, 0, 0, 0, 0, 0, 0, 0, 0, 
    0, 0, 0, 0, 0, 0, 0, 0), OR_DIFF = c(0.602979582059441, 5.51488056068249, 
    1.81777673689473, 1.81777673689473, 0, 0, 0, Inf, 1.82345132230325, 
    Inf, 0, 0, 1.81777673689473, 0, 0, 0, 0.602979582059441, 0, 0, 
    0, 0, 0, 0, 0, 0.602979582059441, 0, 0, 0, 0, 0, 0, 0, 1.81777673689473, 
    0, 0, 0, 0.907099715492985, 0, 0, 5.51488056068249, Inf, 0, 1.81777673689473, 
    0, 0.907099715492985, 0, 0, 0, 0, 0.602979582059441, 0, 0, 1.82345132230325, 
    Inf, 0, 0, 0, 0, 0, 1.82345132230325, Inf, Inf, 1.81777673689473, 
    1.81777673689473, 0, 5.51488056068249, 0, 0, 0, 0, 0, 0, 3.6544359390362, 
    0, Inf, Inf, Inf, Inf, Inf, Inf, Inf, Inf, Inf, Inf, 0, 0, 0, 
    0, 0, 0, 0, 0, 0, 0, Inf, 0, 0, 0, Inf, 0, 0, 0, 0, Inf, Inf, 
    Inf, 1.81777673689473, Inf, 0, 0, 0, 0, 0, 0, 0, 0, 0, 0, 0, 
    1.81777673689473, Inf, Inf, 0, Inf, Inf, 0, 0, 0, 0, 0, 0, 0, 
    Inf, 0, 0, 0, 0, 1.81777673689473, 0, 0, 0, 0, 0, 0, 0, 0, 0, 
    0, 0, 0, 0, 1.81777673689473, 0, 0, 0, 0, 0, Inf, 0, Inf, 0, 
    0, 1.81777673689473, 0, 0, 0, 0, 1.81777673689473, Inf, 0, 0, 
    0, 0, 0, 0, 0, 0, 0, 0, 0, 0, 0, Inf, 0, 3.6544359390362, 1.81777673689473, 
    0, Inf, 0, 0, Inf, 0, Inf, Inf, Inf, 0, 0, Inf, 0, 0, 0, Inf, 
    0, 0, 0, 0, 0, 0, 0, 0, 0, Inf, Inf, 0, Inf, 1.82345132230325, 
    0, 0.602979582059441, 0, 3.6544359390362, 0, Inf, 5.51488056068249, 
    0.907099715492985, Inf, 0), P_VALUE_DIFF = c(1, 0.130418688249425, 
    1, 1, 1, 1, 1, 0.0155028033413698, 0.617871660874707, 0.125630526378257, 
    1, 1, 1, 0.54079876565189, 1, 1, 1, 1, 1, 1, 1, 1, 0.301852977377554, 
    1, 1, 1, 1, 1, 1, 1, 1, 1, 1, 0.54079876565189, 0.54079876565189, 
    1, 1, 0.555394403907453, 1, 0.130418688249425, 0.355231143552312, 
    1, 1, 1, 1, 1, 0.301852977377554, 1, 0.54079876565189, 1, 0.301852977377554, 
    0.54079876565189, 0.617871660874707, 0.125630526378257, 1, 1, 
    1, 0.54079876565189, 0.54079876565189, 0.617871660874707, 0.125630526378257, 
    0.125630526378257, 1, 1, 1, 0.130418688249425, 1, 0.54079876565189, 
    0.54079876565189, 1, 1, 1, 0.288428029998002, 1, 0.0155028033413698, 
    0.0155028033413698, 0.125630526378257, 0.0155028033413698, 0.125630526378257, 
    0.0155028033413698, 0.0155028033413698, 0.0155028033413698, 0.0155028033413698, 
    0.0155028033413698, 0.54079876565189, 1, 1, 1, 0.555394403907453, 
    1, 1, 1, 0.54079876565189, 1, 0.355231143552312, 0.54079876565189, 
    1, 1, 0.125630526378257, 1, 1, 1, 1, 0.125630526378257, 0.355231143552312, 
    0.355231143552312, 1, 0.355231143552312, 1, 1, 0.301852977377554, 
    0.54079876565189, 1, 0.54079876565189, 0.54079876565189, 1, 1, 
    0.54079876565189, 0.54079876565189, 1, 0.0442317745683837, 0.125630526378257, 
    1, 0.355231143552312, 0.125630526378257, 0.54079876565189, 1, 
    0.54079876565189, 1, 1, 1, 0.54079876565189, 0.125630526378257, 
    1, 1, 1, 1, 1, 0.54079876565189, 1, 0.54079876565189, 0.54079876565189, 
    1, 0.54079876565189, 1, 0.54079876565189, 0.54079876565189, 1, 
    1, 0.54079876565189, 1, 1, 1, 1, 1, 1, 0.54079876565189, 0.355231143552312, 
    1, 0.125630526378257, 1, 1, 1, 1, 1, 0.54079876565189, 1, 1, 
    0.355231143552312, 0.54079876565189, 1, 1, 1, 1, 0.54079876565189, 
    1, 0.54079876565189, 1, 1, 1, 1, 1, 0.355231143552312, 1, 0.288428029998002, 
    1, 1, 0.355231143552312, 1, 1, 0.0155028033413698, 0.54079876565189, 
    0.0155028033413698, 0.125630526378257, 0.125630526378257, 1, 
    0.54079876565189, 0.125630526378257, 0.54079876565189, 1, 0.301852977377554, 
    0.0155028033413698, 0.54079876565189, 1, 0.54079876565189, 1, 
    1, 1, 0.555394403907453, 0.301852977377554, 0.555394403907453, 
    0.355231143552312, 0.355231143552312, 1, 0.355231143552312, 0.617871660874707, 
    1, 1, 1, 0.288428029998002, 0.54079876565189, 0.125630526378257, 
    0.130418688249425, 1, 0.125630526378257, 0.54079876565189), BH_P_VALUE_DIFF = c(1, 
    0.291524126675186, 1, 1, NA, NA, NA, 0.0981844211620086, 0.86959715234218, 
    0.291524126675186, NA, NA, 1, NA, NA, NA, 1, NA, NA, NA, NA, 
    NA, NA, NA, 1, NA, NA, NA, NA, NA, NA, NA, 1, NA, NA, NA, 1, 
    NA, NA, 0.291524126675186, 0.539951338199513, NA, 1, NA, 1, NA, 
    NA, NA, NA, 1, NA, NA, 0.86959715234218, 0.291524126675186, NA, 
    NA, NA, NA, NA, 0.86959715234218, 0.291524126675186, 0.291524126675186, 
    1, 1, NA, 0.291524126675186, NA, NA, NA, NA, NA, NA, 0.539951338199513, 
    NA, 0.0981844211620086, 0.0981844211620086, 0.291524126675186, 
    0.0981844211620086, 0.291524126675186, 0.0981844211620086, 0.0981844211620086, 
    0.0981844211620086, 0.0981844211620086, 0.0981844211620086, NA, 
    NA, NA, NA, NA, NA, NA, NA, NA, NA, 0.539951338199513, NA, NA, 
    NA, 0.291524126675186, NA, NA, NA, NA, 0.291524126675186, 0.539951338199513, 
    0.539951338199513, 1, 0.539951338199513, NA, NA, NA, NA, NA, 
    NA, NA, NA, NA, NA, NA, 1, 0.258585759015166, 0.291524126675186, 
    NA, 0.539951338199513, 0.291524126675186, NA, NA, NA, NA, NA, 
    NA, NA, 0.291524126675186, NA, NA, NA, NA, 1, NA, NA, NA, NA, 
    NA, NA, NA, NA, NA, NA, NA, NA, NA, 1, NA, NA, NA, NA, NA, 0.539951338199513, 
    NA, 0.291524126675186, NA, NA, 1, NA, NA, NA, NA, 1, 0.539951338199513, 
    NA, NA, NA, NA, NA, NA, NA, NA, NA, NA, NA, NA, NA, 0.539951338199513, 
    NA, 0.539951338199513, 1, NA, 0.539951338199513, NA, NA, 0.0981844211620086, 
    NA, 0.0981844211620086, 0.291524126675186, 0.291524126675186, 
    NA, NA, 0.291524126675186, NA, NA, NA, 0.0981844211620086, NA, 
    NA, NA, NA, NA, NA, NA, NA, NA, 0.539951338199513, 0.539951338199513, 
    NA, 0.539951338199513, 0.86959715234218, NA, 1, NA, 0.539951338199513, 
    NA, 0.291524126675186, 0.291524126675186, 1, 0.291524126675186, 
    NA), ORA_SCORE_DIFF = c(0, 0, 0, 0, 0, 0, 0, 0, 0, 0, 0, 0, 0, 
    0, 0, 0, 0, 0, 0, 0, 0, 0, 0, 0, 0, 0, 0, 0, 0, 0, 0, 0, 0, 0, 
    0, 0, 0, 0, 0, 0, 0, 0, 0, 0, 0, 0, 0, 0, 0, 0, 0, 0, 0, 0, 0, 
    0, 0, 0, 0, 0, 0, 0, 0, 0, 0, 0, 0, 0, 0, 0, 0, 0, 0, 0, 0, 0, 
    0, 0, 0, 0, 0, 0, 0, 0, 0, 0, 0, 0, 0, 0, 0, 0, 0, 0, 0, 0, 0, 
    0, 0, 0, 0, 0, 0, 0, 0, 0, 0, 0, 0, 0, 0, 0, 0, 0, 0, 0, 0, 0, 
    0, 0, 0, 0, 0, 0, 0, 0, 0, 0, 0, 0, 0, 0, 0, 0, 0, 0, 0, 0, 0, 
    0, 0, 0, 0, 0, 0, 0, 0, 0, 0, 0, 0, 0, 0, 0, 0, 0, 0, 0, 0, 0, 
    0, 0, 0, 0, 0, 0, 0, 0, 0, 0, 0, 0, 0, 0, 0, 0, 0, 0, 0, 0, 0, 
    0, 0, 0, 0, 0, 0, 0, 0, 0, 0, 0, 0, 0, 0, 0, 0, 0, 0, 0, 0, 0, 
    0, 0, 0, 0, 0, 0, 0, 0, 0, 0, 0, 0, 0, 0, 0, 0, 0, 0, 0, 0, 0, 
    0, 0, 0)), LIGAND_COMPLEX = list(VALUE = c("ADAM10", "ADAM15", 
    "ADAM17", "ADAM9", "ADM", "AGTRAP", "ALCAM", "ANXA1", "APOE", 
    "APP", "AREG", "B2M", "BST2", "C1QA", "C1QB", "CALR", "CCL18", 
    "CCL3", "CCL3L1", "CCL4", "CD14", "CD36", "CD55", "CD84", "CD99", 
    "COL1A1", "COL1A2", "COL6A3", "COPA", "CXCL8", "DCN", "F13A1", 
    "FABP5", "FAM3C", "FN1", "GRN", "HBEGF", "HEBP1", "HGF", "HLA-A", 
    "HLA-B", "HLA-C", "HLA-DMA", "HLA-DMB", "HLA-DOA", "HLA-DQA1", 
    "HLA-DQB1", "HLA-DRA", "HLA-DRB5", "HLA-F", "HMGB1", "ICAM1", 
    "ICAM2", "ICAM4", "IL10", "IL16", "IL18", "IL1A", "IL1B", "IL1RN", 
    "ITGAX_ITGB2", "ITGB2_ITGAM", "LAIR1", "LAMC1", "LGALS1", "LGALS9", 
    "LRPAP1", "MIF", "MMP9", "NAMPT", "PECAM1", "PLAU", "PLTP", "PSAP", 
    "PSEN1", "RETN", "RNASE2", "RPS19", "RPS27A", "S100A8", "S100A9", 
    "SDC2", "SELPLG", "SEMA4A", "SIRPA", "SPN", "SPP1", "TFPI", "TGFB1", 
    "THBS1", "TIMP1", "TIMP2", "TNFSF13B", "TXLNA", "VCAN", "VEGFA"
    ), OR_UP = c(2.20334505093627, 1.08118424049327, 0, 9.09525777430596, 
    0, 0, 2.16607893820834, 0.304103170756532, 0, 0.23489685393864, 
    0, 0, 0, 0, 0, 0.356004912916111, 0, 4.41077749188877, 1.08118424049327, 
    0.718871014383098, 0.128777768184566, 4.41077749188877, 0, 0, 
    0, 6.71574498555656, 2.16607893820834, 2.16607893820834, 0, 3.28459952713591, 
    0, 0, 4.3575707589383, 0, 52.9163151304558, 0, 0, 0, 2.16607893820834, 
    0, 0, 0, 0, 0, 0, 0, 0, 0, 0, 0, 0, 0, 0, 13.4660724301431, 0, 
    0, 0, 0, 0, 1.08181843509317, 0, 0, 0, 2.16607893820834, 0, 0, 
    0, 0.304103170756532, 6.58127239092268, 0, 0, 0.612269899846095, 
    Inf, 0, 0, 0, 0, 0, 0, 0, 0, 4.3575707589383, 0, 2.16607893820834, 
    0, 0, 5.58719242844628, Inf, 0, 1.08311702258405, 0, 0, 0, Inf, 
    1.08378189862654, 3.60690293172632), P_VALUE_UP = c(0.299424370919394, 
    1, 1, 0.00207261739932582, 1, 1, 0.533084089964987, 0.444569320027271, 
    0.331743576640664, 0.180625071766638, 1, 1, 1, 0.554774560113313, 
    0.183039203099838, 0.440020007910831, 1, 0.0826302106765594, 
    1, 1, 0.0167407495745084, 0.0826302106765594, 1, 1, 0.312519541351439, 
    0.0141022212992469, 0.533084089964987, 0.533084089964987, 1, 
    0.184040493583233, 0.312519541351439, 0.554774560113313, 0.236267130040529, 
    1, 9.23747038661974e-18, 0.554774560113313, 0.331743576640664, 
    0.554774560113313, 0.533084089964987, 1, 1, 0.312519541351439, 
    1, 1, 1, 1, 1, 1, 1, 1, 0.0198886848426379, 1, 0.312519541351439, 
    0.00477086061504603, 1, 1, 1, 1, 0.312519541351439, 1, 1, 1, 
    1, 0.533084089964987, 0.331743576640664, 0.0198886848426379, 
    0.312519541351439, 0.444569320027271, 0.095497321841062, 1, 1, 
    0.725429741290744, 0.316301703163017, 0.554774560113313, 1, 1, 
    1, 1, 0.554774560113313, 1, 0.312519541351439, 0.236267130040529, 
    1, 0.533084089964987, 1, 1, 0.000878512219014324, 0.0995193163610468, 
    0.10310876381898, 1, 0.554774560113313, 0.10310876381898, 0.554774560113313, 
    0.316301703163017, 1, 0.0298813612707455), BH_P_VALUE_UP = c(0.597458772641254, 
    1, NA, 0.023489663859026, NA, NA, 0.671291076252206, 0.671291076252206, 
    NA, 0.481336675525378, NA, NA, NA, NA, NA, 0.671291076252206, 
    NA, 0.307605159661417, 1, 1, 0.0948642475888809, 0.307605159661417, 
    NA, NA, NA, 0.0948642475888809, 0.671291076252206, 0.671291076252206, 
    NA, 0.481336675525378, NA, NA, 0.535538828091866, NA, 3.14073993145071e-16, 
    NA, NA, NA, 0.671291076252206, NA, NA, NA, NA, NA, NA, NA, NA, 
    NA, NA, NA, NA, NA, NA, 0.0405523152278913, NA, NA, NA, NA, NA, 
    1, NA, NA, NA, 0.671291076252206, NA, NA, NA, 0.671291076252206, 
    0.307605159661417, NA, NA, 0.880878971567332, 0.597458772641254, 
    NA, NA, NA, NA, NA, NA, NA, NA, 0.535538828091866, NA, 0.671291076252206, 
    NA, NA, 0.0149347077232435, 0.307605159661417, NA, 1, NA, NA, 
    NA, 0.597458772641254, 1, 0.145138040457906), ORA_SCORE_UP = c(0, 
    0, 0, 5.18894396385246, 0, 0, 0, 0, 0, 0, 0, 0, 0, 0, 0, 0, 0, 
    0, 0, 0, 0, 0, 0, 0, 0, 0, 0, 0, 0, 0, 0, 0, 0, 0, 88.7644246381412, 
    0, 0, 0, 0, 0, 0, 0, 0, 0, 0, 0, 0, 0, 0, 0, 0, 0, 0, 5.22169133400125, 
    0, 0, 0, 0, 0, 0, 0, 0, 0, 0, 0, 0, 0, 0, 0, 0, 0, 0, 0, 0, 0, 
    0, 0, 0, 0, 0, 0, 0, 0, 0, 0, 0, 4.53186922485515, 0, 0, 0, 0, 
    0, 0, 0, 0, 0), OR_DOWN = c(0, 0, 0, 0, 0, 0, 0, 0, 0, 0, 0, 
    0, 0, 0, 5.15595273840961, 0, 0, 0, 0, 0, 0, 0, 0, 0, 0, 0, 0, 
    0, 0, 0, 0, 0, 0, 0, 0, 0, 0, 0, 0, 0, 0, 27.184852660897, 0, 
    0, Inf, Inf, Inf, 25.4651388322901, Inf, 0, 0, 0, 0, 0, 0, Inf, 
    Inf, 0, 0, 0, 0, 0, 0, 0, 0, 0, 0, 0, 0, 0, 0, 0, 0, 0, 0, 0, 
    0, 0, 0, 0, 8.58993785420521, 0, 25.4651388322901, 0, 0, 0, 0, 
    0, 0, 0, 0, 0, 53.9234598716451, 0, 0, 0), P_VALUE_DOWN = c(1, 
    1, 1, 1, 1, 1, 1, 1, 1, 1, 1, 1, 1, 1, 0.213164933313521, 1, 
    1, 1, 1, 1, 1, 1, 1, 1, 1, 1, 1, 1, 1, 1, 1, 1, 1, 1, 0.381518421015636, 
    1, 1, 1, 1, 1, 1, 0.00816013293662443, 1, 1, 0.00142424781912053, 
    0.0389294403892944, 0.0389294403892944, 0.0764346329594682, 0.0389294403892944, 
    1, 1, 1, 1, 1, 1, 0.0389294403892944, 0.00142424781912053, 1, 
    1, 1, 1, 1, 1, 1, 1, 1, 1, 1, 1, 1, 1, 1, 1, 1, 1, 1, 1, 1, 1, 
    1, 0.14736572831394, 1, 0.0764346329594682, 1, 1, 1, 1, 1, 1, 
    1, 1, 1, 0.00417523993918219, 1, 1, 1), BH_P_VALUE_DOWN = c(NA, 
    NA, NA, NA, NA, NA, NA, NA, NA, NA, NA, NA, NA, NA, 0.213164933313521, 
    NA, NA, NA, NA, NA, NA, NA, NA, NA, NA, NA, NA, NA, NA, NA, NA, 
    NA, NA, NA, NA, NA, NA, NA, NA, NA, NA, 0.0244803988098733, NA, 
    NA, 0.00854548691472316, 0.0583941605839416, 0.0583941605839416, 
    0.0917215595513619, 0.0583941605839416, NA, NA, NA, NA, NA, NA, 
    0.0583941605839416, 0.00854548691472316, NA, NA, NA, NA, NA, 
    NA, NA, NA, NA, NA, NA, NA, NA, NA, NA, NA, NA, NA, NA, NA, NA, 
    NA, NA, 0.160762612706117, NA, 0.0917215595513619, NA, NA, NA, 
    NA, NA, NA, NA, NA, NA, 0.0167009597567288, NA, NA, NA), ORA_SCORE_DOWN = c(0, 
    0, 0, 0, 0, 0, 0, 0, 0, 0, 0, 0, 0, 0, 0, 0, 0, 0, 0, 0, 0, 0, 
    0, 0, 0, 0, 0, 0, 0, 0, 0, 0, 0, 0, 0, 0, 0, 0, 0, 0, 0, 7.67684666113063, 
    0, 0, Inf, 0, 0, 0, 0, 0, 0, 0, 0, 0, 0, 0, Inf, 0, 0, 0, 0, 
    0, 0, 0, 0, 0, 0, 0, 0, 0, 0, 0, 0, 0, 0, 0, 0, 0, 0, 0, 0, 0, 
    0, 0, 0, 0, 0, 0, 0, 0, 0, 0, 10.224286258802, 0, 0, 0), OR_FLAT = c(0.736497716941971, 
    1.48579959391979, 0.740983991878106, 0.17910639627145, Inf, Inf, 
    0.740983991878106, 2.25245972457242, 2.99310129309179, 6.87555181523643, 
    Inf, Inf, Inf, Inf, 3.75630269639191, 4.52604258163049, 0, 0.366276340749958, 
    1.48579959391979, 2.23635939347665, 12.607174895449, 0.366276340749958, 
    Inf, Inf, Inf, 0, 0.740983991878106, 0.740983991878106, Inf, 
    0.490884059076007, 0.739876807554621, Inf, 0.368975159021719, 
    Inf, 0.0332137943491133, Inf, Inf, Inf, 0.740983991878106, 0, 
    0.740983991878106, 0.244770843420926, Inf, Inf, 0, 0, 0, 0.740983991878106, 
    0, Inf, Inf, 0.740983991878106, 0.739876807554621, 0.120398936434096, 
    Inf, 0, 0, 0, 0.739876807554621, 0.366276340749958, Inf, Inf, 
    Inf, 0.740983991878106, Inf, Inf, Inf, 1.24034090212541, 0.244770843420926, 
    Inf, Inf, 2.63856555821782, 0, Inf, Inf, Inf, Inf, Inf, Inf, 
    Inf, 2.23635939347665, 0.368975159021719, 0.740983991878106, 
    0.740983991878106, Inf, Inf, 0, 0, Inf, 1.49857526552069, Inf, 
    Inf, 0.368975159021719, 0, 1.11640594492916, 0.45272092367131
    ), P_VALUE_FLAT = c(0.749656874432765, 1, 1, 0.021300819113274, 
    1, 1, 1, 0.475537291951231, 0.399437774093686, 0.0489505394162812, 
    1, 1, 1, 0.264732063379028, 0.246286083618708, 0.246671528154186, 
    0.425790754257908, 0.408505703274138, 1, 0.639662664456211, 0.00167431136545126, 
    0.408505703274138, 0.509821375586019, 1, 0.1397551963533, 0.000983641592599334, 
    1, 1, 1, 0.654713609675485, 1, 0.264732063379028, 0.577535537638317, 
    1, 1.29809516752348e-12, 0.264732063379028, 0.0748345519182037, 
    0.264732063379028, 1, 0.180701442050917, 1, 0.31660160500316, 
    1, 1, 0.180701442050917, 0.425790754257908, 0.425790754257908, 
    1, 0.425790754257908, 0.509821375586019, 0.00318027223305501, 
    1, 1, 0.0452937029364591, 1, 0.425790754257908, 0.180701442050917, 
    0.180701442050917, 1, 0.408505703274138, 1, 1, 0.509821375586019, 
    1, 0.0748345519182037, 0.00318027223305501, 0.1397551963533, 
    1, 0.31660160500316, 1, 1, 0.311893258144351, 0.425790754257908, 
    0.264732063379028, 0.509821375586019, 1, 0.509821375586019, 1, 
    0.264732063379028, 0.509821375586019, 0.639662664456211, 0.577535537638317, 
    1, 1, 1, 1, 3.11430123832846e-07, 0.180701442050917, 0.0221713350851793, 
    0.568863118160542, 0.264732063379028, 0.0221713350851793, 0.577535537638317, 
    0.425790754257908, 1, 0.253408749054281), BH_P_VALUE_FLAT = c(1, 
    1, 1, 0.259721353854958, 1, 1, 1, 1, 1, 0.445993803570562, 1, 
    1, 1, 0.943827356394795, 0.943827356394795, 0.943827356394795, 
    NA, 1, 1, 1, 0.0651955807776277, 1, 1, 1, 0.881532776997739, 
    NA, 1, 1, 1, 1, 1, 0.943827356394795, 1, 1, 1.06443803736926e-10, 
    0.943827356394795, 0.557857568844791, 0.943827356394795, 1, NA, 
    1, 0.998512754240734, 1, 1, NA, NA, NA, 1, NA, 1, 0.0651955807776277, 
    1, 1, 0.445993803570562, 1, NA, NA, NA, 1, 1, 1, 1, 1, 1, 0.557857568844791, 
    0.0651955807776277, 0.881532776997739, 1, 0.998512754240734, 
    1, 1, 0.998512754240734, NA, 0.943827356394795, 1, 1, 1, 1, 0.943827356394795, 
    1, 1, 1, 1, 1, 1, 1, NA, NA, 0.259721353854958, 1, 0.943827356394795, 
    0.259721353854958, 1, NA, 1, 0.943827356394795), ORA_SCORE_FLAT = c(0, 
    0, 0, 0, 0, 0, 0, 0, 0, 0, 0, 0, 0, 0, 0, 0, 0, 0, 0, 0, 0, 0, 
    0, 0, 0, 0, 0, 0, 0, 0, 0, 0, 0, 0, 0, 0, 0, 0, 0, 0, 0, 0, 0, 
    0, 0, 0, 0, 0, 0, 0, 0, 0, 0, 0, 0, 0, 0, 0, 0, 0, 0, 0, 0, 0, 
    0, 0, 0, 0, 0, 0, 0, 0, 0, 0, 0, 0, 0, 0, 0, 0, 0, 0, 0, 0, 0, 
    0, 0, 0, 0, 0, 0, 0, 0, 0, 0, 0), OR_DIFF = c(1.84113003798621, 
    0.907099715492985, 0, 7.58558223808921, 0, 0, 1.81777673689473, 
    0.254824868266956, 0, 0.19673677822551, 0, 0, 0, 0, 0.359353120501614, 
    0.298387863923724, 0, 3.6917763478057, 0.907099715492985, 0.602979582059441, 
    0.1076777289386, 3.6917763478057, 0, 0, 0, 5.61130142299705, 
    1.81777673689473, 1.81777673689473, 0, 2.75147426819685, 0, 0, 
    3.6544359390362, 0, 42.685988129623, 0, 0, 0, 1.81777673689473, 
    0, 0, 1.82345132230325, 0, 0, Inf, Inf, Inf, 1.81777673689473, 
    Inf, 0, 0, 0, 0, 11.2537668354922, 0, Inf, Inf, 0, 0, 0.90645408435911, 
    0, 0, 0, 1.81777673689473, 0, 0, 0, 0.254824868266956, 5.51488056068249, 
    0, 0, 0.512646451389201, Inf, 0, 0, 0, 0, 0, 0, 0, 0.602979582059441, 
    3.6544359390362, 1.81777673689473, 1.81777673689473, 0, 0, 4.63822523569783, 
    Inf, 0, 0.905135482546975, 0, 0, 3.6544359390362, Inf, 0.904462122450152, 
    3.00582287579168), P_VALUE_DIFF = c(0.336138039700643, 1, 0.54079876565189, 
    0.00487183296601452, 1, 1, 1, 0.268932937795107, 0.165815631361747, 
    0.10504656865645, 1, 1, 1, 0.555394403907453, 0.429121185187073, 
    0.429441600119844, 1, 0.191917265305332, 1, 1, 0.00812007431447243, 
    0.191917265305332, 0.54079876565189, 1, 0.301852977377554, 0.0261197484316528, 
    1, 1, 1, 0.352165714996432, 0.301852977377554, 0.555394403907453, 
    0.288428029998002, 1, 1.02621649383938e-15, 0.555394403907453, 
    0.165815631361747, 0.555394403907453, 1, 0.54079876565189, 0.54079876565189, 
    0.617871660874707, 1, 1, 0.125630526378257, 0.355231143552312, 
    0.355231143552312, 1, 0.355231143552312, 0.54079876565189, 0.0094497127432994, 
    0.54079876565189, 0.301852977377554, 0.00925305468715926, 1, 
    0.355231143552312, 0.125630526378257, 0.54079876565189, 0.301852977377554, 
    1, 1, 1, 0.54079876565189, 1, 0.165815631361747, 0.0094497127432994, 
    0.301852977377554, 0.268932937795107, 0.130418688249425, 1, 1, 
    0.501029150966674, 0.355231143552312, 0.555394403907453, 0.54079876565189, 
    1, 0.54079876565189, 1, 0.555394403907453, 0.54079876565189, 
    1, 0.288428029998002, 1, 1, 1, 1, 0.00337237155815258, 0.125630526378257, 
    0.0542762013268697, 1, 0.555394403907453, 0.0542762013268697, 
    0.288428029998002, 0.355231143552312, 1, 0.0730322682856565), 
        BH_P_VALUE_DIFF = c(0.605208614940975, 1, NA, 0.0747014388122226, 
        NA, NA, 1, 0.605208614940975, NA, 0.499938304956131, NA, 
        NA, NA, NA, 0.681183227776305, 0.681183227776305, NA, 0.605208614940975, 
        1, 1, 0.0851281031218652, 0.605208614940975, NA, NA, NA, 
        0.200251404642672, 1, 1, NA, 0.605208614940975, NA, NA, 0.605208614940975, 
        NA, 4.72059587166116e-14, NA, NA, NA, 1, NA, NA, 0.916841819362468, 
        NA, NA, 0.499938304956131, 0.605208614940975, 0.605208614940975, 
        1, 0.605208614940975, NA, NA, NA, NA, 0.0851281031218652, 
        NA, 0.605208614940975, 0.499938304956131, NA, NA, 1, NA, 
        NA, NA, 1, NA, NA, NA, 0.605208614940975, 0.499938304956131, 
        NA, NA, 0.7682446981489, 0.605208614940975, NA, NA, NA, NA, 
        NA, NA, NA, 1, 0.605208614940975, 1, 1, NA, NA, 0.0747014388122226, 
        0.499938304956131, NA, 1, NA, NA, 0.605208614940975, 0.605208614940975, 
        1, 0.4799263344486), ORA_SCORE_DIFF = c(0, 0, 0, 0, 0, 0, 
        0, 0, 0, 0, 0, 0, 0, 0, 0, 0, 0, 0, 0, 0, 0, 0, 0, 0, 0, 
        0, 0, 0, 0, 0, 0, 0, 0, 0, 72.1695110943121, 0, 0, 0, 0, 
        0, 0, 0, 0, 0, 0, 0, 0, 0, 0, 0, 0, 0, 0, 0, 0, 0, 0, 0, 
        0, 0, 0, 0, 0, 0, 0, 0, 0, 0, 0, 0, 0, 0, 0, 0, 0, 0, 0, 
        0, 0, 0, 0, 0, 0, 0, 0, 0, 0, 0, 0, 0, 0, 0, 0, 0, 0, 0)), 
        RECEPTOR_COMPLEX = list(VALUE = c("ABCA1", "ACKR3", "ADGRE5", 
        "ALCAM", "APLP2", "C1QBP", "C5AR1", "CAP1", "CCR1", "CCR5", 
        "CD163", "CD33", "CD36", "CD4", "CD40", "CD44", "CD47", "CD48", 
        "CD63", "CD68", "CD74", "CD74_CD44", "CD74_CXCR4", "CD81", 
        "CD82", "CD84", "CD9", "CD93", "CD99", "COLEC12", "CR1", 
        "CXCR4", "DYSF", "FPR2", "FPR2_FPR3", "FPR3", "GPNMB", "GPR84", 
        "HAVCR2", "HLA-DPB1", "HLA-F", "ICAM1", "ICAM1_ITGB2", "IDE", 
        "IL10RA_IL10RB", "IL1R1", "IL1R1_IL1RAP", "IL1R2", "IL1RL2", 
        "IL2RG", "ITGA4", "ITGA5_ITGB1", "ITGA9", "ITGAM", "ITGAM_ITGB2", 
        "ITGAV", "ITGAV_ITGB1", "ITGAV_ITGB5", "ITGB1", "ITGB1_ITGA4", 
        "ITGB1_ITGA5", "ITGB1_ITGA9", "ITGB1_ITGAV", "ITGB2", "ITGB5", 
        "ITGB5_ITGAV", "LAMP1", "LDLR", "LGALS1", "LILRA1", "LILRB1", 
        "LILRB2", "LILRB3", "LILRB4", "LRP1", "NOTCH2", "NRP1", "PECAM1", 
        "PLAUR", "PTGER2", "PTGER4", "PTPRC", "PTPRJ", "RACK1", "RHBDF2", 
        "RIPK1", "RXRA", "S1PR1", "SCARB1", "SDC2", "SDC3", "SDC4", 
        "SELL", "SIGIRR", "SIRPA", "SORL1", "SORT1", "ST14", "STX4", 
        "TFRC", "TGFBR1", "THBD", "TLR1", "TLR2", "TLR4", "TLR6", 
        "TNFRSF14", "TNFRSF1A", "TNFRSF1B", "TREM2"), OR_UP = c(2.16607893820834, 
        2.16607893820834, 0, 0, 0, 0, 8.8394242943706, 0, 2.20334505093627, 
        1.08118424049327, 0, 0, 5.25006623198082, 0, 0, 2.17505482739008, 
        0, 0, 0, 0, 0, 0, 0, 0, 0, 0, 0, 4.3575707589383, 0, 0, 0, 
        0, 0, 0, 0, 0.428639610394131, 6.58127239092268, 0, 0, 0, 
        0, 0, 0, 0, 0, 0, 0, 0, Inf, 0, 0, 0, 8.8394242943706, 2.16607893820834, 
        0, 8.2565803033854, Inf, Inf, 0.599759459749686, Inf, Inf, 
        Inf, Inf, 0, 4.3575707589383, Inf, 0, 0, 0, 0, 0, 0, 0, 0, 
        0.585135692734911, 0, 4.41077749188877, 0, 8.8394242943706, 
        0, 0, 0, 2.17517723818149, 0, 0, 0, 4.3575707589383, 0, 0, 
        2.99645297522681, 0, 0, 0, 0, 0, 0, 0, 2.16607893820834, 
        Inf, 0, 0, 0, 1.63373643408325, 0, 0.472958555925789, 2.17517723818149, 
        0, 0, 0, 1.08118424049327), P_VALUE_UP = c(0.533084089964987, 
        0.533084089964987, 1, 1, 0.312519541351439, 1, 0.0364685406796147, 
        1, 0.299424370919394, 1, 0.312519541351439, 0.554774560113313, 
        0.0134594180374191, 0.0346537596104178, 1, 0.0489907390794762, 
        0.312519541351439, 1, 0.554774560113313, 1, 0.554774560113313, 
        1, 1, 1, 1, 1, 1, 0.236267130040529, 1, 1, 1, 0.331743576640664, 
        1, 1, 1, 0.669624312718102, 0.095497321841062, 1, 1, 1, 1, 
        1, 1, 1, 1, 1, 1, 0.183039203099838, 0.0995193163610468, 
        1, 0.554774560113313, 0.554774560113313, 0.0364685406796147, 
        0.533084089964987, 1, 8.03881272961531e-06, 0.00969477208138679, 
        0.0995193163610468, 0.391763029129992, 0.0995193163610468, 
        0.00969477208138679, 0.0995193163610468, 0.00969477208138679, 
        0.0626533388351503, 0.236267130040529, 0.00969477208138679, 
        1, 0.312519541351439, 1, 0.331743576640664, 1, 0.312519541351439, 
        1, 1, 0.361426596257147, 1, 0.0826302106765594, 1, 0.0364685406796147, 
        1, 1, 0.312519541351439, 0.594059157750374, 1, 1, 1, 0.236267130040529, 
        1, 1, 0.0444638281691073, 1, 0.554774560113313, 1, 1, 1, 
        0.554774560113313, 1, 0.533084089964987, 0.316301703163017, 
        1, 1, 1, 0.683655082647111, 0.0603423971890772, 0.514203544520867, 
        0.594059157750374, 1, 1, 1, 1), BH_P_VALUE_UP = c(0.643377349957743, 
        0.643377349957743, NA, NA, NA, NA, 0.141822102642946, NA, 
        0.49904061819899, 1, NA, NA, 0.0785132718849445, NA, NA, 
        0.155879624343788, NA, NA, NA, NA, NA, NA, NA, NA, NA, NA, 
        NA, 0.413467477570926, NA, NA, NA, NA, NA, NA, NA, 0.725088724019663, 
        0.204892710155096, NA, NA, NA, NA, NA, NA, NA, NA, NA, NA, 
        NA, 0.204892710155096, NA, NA, NA, 0.141822102642946, 0.643377349957743, 
        NA, 0.000281358445536536, 0.0678634045697075, 0.204892710155096, 
        0.571321084147905, 0.204892710155096, 0.0678634045697075, 
        0.204892710155096, 0.0678634045697075, NA, 0.413467477570926, 
        0.0678634045697075, NA, NA, NA, NA, NA, NA, NA, NA, 0.549996994304354, 
        NA, 0.204892710155096, NA, 0.141822102642946, NA, NA, NA, 
        0.670711952298809, NA, NA, NA, 0.413467477570926, NA, NA, 
        0.155623398591875, NA, NA, NA, NA, NA, NA, NA, 0.643377349957743, 
        0.503207255032072, NA, NA, NA, 0.725088724019663, NA, 0.643377349957743, 
        0.670711952298809, NA, NA, NA, 1), ORA_SCORE_UP = c(0, 0, 
        0, 0, 0, 0, 0, 0, 0, 0, 0, 0, 0, 0, 0, 0, 0, 0, 0, 0, 0, 
        0, 0, 0, 0, 0, 0, 0, 0, 0, 0, 0, 0, 0, 0, 0, 0, 0, 0, 0, 
        0, 0, 0, 0, 0, 0, 0, 0, 0, 0, 0, 0, 0, 0, 0, 10.8139363589239, 
        0, 0, 0, 0, 0, 0, 0, 0, 0, 0, 0, 0, 0, 0, 0, 0, 0, 0, 0, 
        0, 0, 0, 0, 0, 0, 0, 0, 0, 0, 0, 0, 0, 0, 0, 0, 0, 0, 0, 
        0, 0, 0, 0, 0, 0, 0, 0, 0, 0, 0, 0, 0, 0, 0, 0), OR_DOWN = c(0, 
        0, 0, 0, 0, 25.4651388322901, 0, 0, 0, 0, 0, 0, 0, 95.4758524506182, 
        Inf, 0, 0, Inf, 0, 0, 0, 0, 0, 0, 0, 0, 0, 0, 0, 0, 0, 0, 
        0, 0, 0, 0, 0, 0, 0, Inf, 0, 0, 0, 0, 0, 0, 0, 0, 0, 0, 0, 
        0, 0, 0, 0, 0, 0, 0, 0, 0, 0, 0, 0, 7.82118432208892, 0, 
        0, 0, 0, 0, 18.2085733195894, 0, 0, 0, 0, 0, 0, 0, 0, 0, 
        0, 0, 0, 0, 0, 0, 0, 0, 0, 0, 0, 0, 0, 0, 0, 0, 0, 0, 0, 
        0, 0, 0, 0, 0, 0, 0, 0, 0, 0, 0, 0), P_VALUE_DOWN = c(1, 
        1, 1, 1, 1, 0.0764346329594682, 1, 1, 1, 1, 1, 1, 1, 3.46542906774398e-09, 
        0.0389294403892944, 0.628672023516406, 1, 0.00142424781912053, 
        1, 1, 1, 1, 1, 1, 1, 1, 1, 1, 1, 1, 1, 1, 1, 1, 1, 1, 1, 
        1, 1, 0.0389294403892944, 1, 1, 1, 1, 1, 1, 1, 1, 1, 1, 1, 
        1, 1, 1, 1, 1, 1, 1, 0.613514632358469, 1, 1, 1, 1, 0.0436472295486956, 
        1, 1, 1, 1, 1, 0.0132905602846828, 1, 1, 1, 1, 1, 1, 1, 1, 
        1, 1, 1, 1, 1, 1, 1, 1, 1, 1, 1, 1, 1, 1, 1, 1, 1, 1, 1, 
        1, 1, 1, 1, 1, 1, 1, 1, 1, 1, 1, 1, 1), BH_P_VALUE_DOWN = c(NA, 
        NA, NA, NA, NA, 0.0764346329594682, NA, NA, NA, NA, NA, NA, 
        NA, 2.42580034742079e-08, 0.0509217678068116, NA, NA, 0.00498486736692184, 
        NA, NA, NA, NA, NA, NA, NA, NA, NA, NA, NA, NA, NA, NA, NA, 
        NA, NA, NA, NA, NA, NA, 0.0509217678068116, NA, NA, NA, NA, 
        NA, NA, NA, NA, NA, NA, NA, NA, NA, NA, NA, NA, NA, NA, NA, 
        NA, NA, NA, NA, 0.0509217678068116, NA, NA, NA, NA, NA, 0.0310113073309265, 
        NA, NA, NA, NA, NA, NA, NA, NA, NA, NA, NA, NA, NA, NA, NA, 
        NA, NA, NA, NA, NA, NA, NA, NA, NA, NA, NA, NA, NA, NA, NA, 
        NA, NA, NA, NA, NA, NA, NA, NA, NA, NA), ORA_SCORE_DOWN = c(0, 
        0, 0, 0, 0, 0, 0, 0, 0, 0, 0, 0, 0, 50.0852956096976, 0, 
        0, 0, Inf, 0, 0, 0, 0, 0, 0, 0, 0, 0, 0, 0, 0, 0, 0, 0, 0, 
        0, 0, 0, 0, 0, 0, 0, 0, 0, 0, 0, 0, 0, 0, 0, 0, 0, 0, 0, 
        0, 0, 0, 0, 0, 0, 0, 0, 0, 0, 0, 0, 0, 0, 0, 0, 6.31532057107302, 
        0, 0, 0, 0, 0, 0, 0, 0, 0, 0, 0, 0, 0, 0, 0, 0, 0, 0, 0, 
        0, 0, 0, 0, 0, 0, 0, 0, 0, 0, 0, 0, 0, 0, 0, 0, 0, 0, 0, 
        0, 0), OR_FLAT = c(0.740983991878106, 0, Inf, Inf, Inf, 0.740983991878106, 
        0.182592152920777, Inf, 0.486492193069863, 1.48579959391979, 
        Inf, Inf, 0.0788775296754002, 0.309884358393362, 0, 0.771906112265026, 
        Inf, 0, Inf, Inf, Inf, Inf, Inf, Inf, Inf, Inf, Inf, 0.368975159021719, 
        Inf, Inf, Inf, Inf, 0.740983991878106, Inf, Inf, 3.75630269639191, 
        0.244770843420926, Inf, Inf, 0, Inf, Inf, Inf, Inf, Inf, 
        Inf, Inf, 0, 0, 0, Inf, 0.368975159021719, 0.182592152920777, 
        0.740983991878106, Inf, 0.20192745426094, 0, 0, 2.74502156381546, 
        0, 0, 0, 0, 0.925500804680895, 0.368975159021719, 0, Inf, 
        2.23635939347665, Inf, 0, 0.740983991878106, Inf, Inf, Inf, 
        2.80101507981787, Inf, 0.366276340749958, Inf, 0.182592152920777, 
        Inf, 0, Inf, 0.739876807554621, Inf, 0, Inf, 0.368975159021719, 
        0, Inf, 0.545397906285664, Inf, Inf, 0, Inf, Inf, Inf, Inf, 
        0.740983991878106, 0, Inf, Inf, Inf, 0.98853156016269, 2.25245972457242, 
        3.42083694325977, 0.739876807554621, 0.740983991878106, Inf, 
        Inf, 1.48579959391979), P_VALUE_FLAT = c(1, 0.180701442050917, 
        1, 1, 0.1397551963533, 1, 0.168254644939628, 1, 0.335982060599043, 
        1, 0.1397551963533, 0.264732063379028, 0.00256127141405435, 
        0.105233051341681, 0.425790754257908, 0.470618888613888, 
        0.1397551963533, 0.180701442050917, 0.264732063379028, 0.509821375586019, 
        0.264732063379028, 1, 1, 0.509821375586019, 1, 1, 1, 0.577535537638317, 
        0.509821375586019, 0.509821375586019, 0.509821375586019, 
        0.0748345519182037, 1, 0.509821375586019, 1, 0.246286083618708, 
        0.31660160500316, 1, 0.509821375586019, 0.425790754257908, 
        0.509821375586019, 0.509821375586019, 0.509821375586019, 
        1, 1, 1, 0.509821375586019, 0.00566861923714789, 0.180701442050917, 
        0.425790754257908, 0.264732063379028, 0.577535537638317, 
        0.168254644939628, 1, 0.509821375586019, 0.00130815653920515, 
        0.0322220151353558, 0.180701442050917, 0.0277655271102149, 
        0.180701442050917, 0.0322220151353558, 0.180701442050917, 
        0.0322220151353558, 1, 0.577535537638317, 0.0322220151353558, 
        1, 0.639662664456211, 1, 0.0135379965310708, 1, 0.1397551963533, 
        0.509821375586019, 1, 0.0493312294057447, 1, 0.408505703274138, 
        1, 0.168254644939628, 1, 0.425790754257908, 0.1397551963533, 
        1, 1, 0.425790754257908, 0.509821375586019, 0.577535537638317, 
        0.180701442050917, 1, 0.283205942048912, 1, 0.264732063379028, 
        0.425790754257908, 1, 0.509821375586019, 0.264732063379028, 
        0.509821375586019, 1, 0.425790754257908, 1, 1, 0.509821375586019, 
        1, 0.475537291951231, 0.126519599268455, 1, 1, 1, 1, 1), 
            BH_P_VALUE_FLAT = c(1, NA, 1, 1, 1, 1, 1, 1, 1, 1, 1, 
            1, 0.115257213632446, 1, NA, 1, 1, NA, 1, 1, 1, 1, 1, 
            1, 1, 1, 1, 1, 1, 1, 1, 1, 1, 1, 1, 1, 1, 1, 1, NA, 1, 
            1, 1, 1, 1, 1, 1, NA, NA, NA, 1, 1, 1, 1, 1, 0.115257213632446, 
            NA, NA, 0.832965813306448, NA, NA, NA, NA, 1, 1, NA, 
            1, 1, 1, NA, 1, 1, 1, 1, 1, 1, 1, 1, 1, 1, NA, 1, 1, 
            1, NA, 1, 1, NA, 1, 1, 1, 1, NA, 1, 1, 1, 1, 1, NA, 1, 
            1, 1, 1, 1, 1, 1, 1, 1, 1, 1), ORA_SCORE_FLAT = c(0, 
            0, 0, 0, 0, 0, 0, 0, 0, 0, 0, 0, 0, 0, 0, 0, 0, 0, 0, 
            0, 0, 0, 0, 0, 0, 0, 0, 0, 0, 0, 0, 0, 0, 0, 0, 0, 0, 
            0, 0, 0, 0, 0, 0, 0, 0, 0, 0, 0, 0, 0, 0, 0, 0, 0, 0, 
            0, 0, 0, 0, 0, 0, 0, 0, 0, 0, 0, 0, 0, 0, 0, 0, 0, 0, 
            0, 0, 0, 0, 0, 0, 0, 0, 0, 0, 0, 0, 0, 0, 0, 0, 0, 0, 
            0, 0, 0, 0, 0, 0, 0, 0, 0, 0, 0, 0, 0, 0, 0, 0, 0, 0, 
            0), OR_DIFF = c(1.81777673689473, 1.81777673689473, 0, 
            0, 0, 1.81777673689473, 7.40079004477984, 0, 1.84113003798621, 
            0.907099715492985, 0, 0, 4.38127420287268, 4.38127420287268, 
            Inf, 1.7928435459652, 0, Inf, 0, 0, 0, 0, 0, 0, 0, 0, 
            0, 3.6544359390362, 0, 0, 0, 0, 0, 0, 0, 0.359353120501614, 
            5.51488056068249, 0, 0, Inf, 0, 0, 0, 0, 0, 0, 0, 0, 
            Inf, 0, 0, 0, 7.40079004477984, 1.81777673689473, 0, 
            6.81917014206482, Inf, Inf, 0.49871814880433, Inf, Inf, 
            Inf, Inf, 0.512646451389201, 3.6544359390362, Inf, 0, 
            0, 0, 1.21236290371969, 0, 0, 0, 0, 0.487363746640218, 
            0, 3.6917763478057, 0, 7.40079004477984, 0, 0, 0, 1.82345132230325, 
            0, 0, 0, 3.6544359390362, 0, 0, 2.49644375944595, 0, 
            0, 0, 0, 0, 0, 0, 1.81777673689473, Inf, 0, 0, 0, 1.36774865886972, 
            0, 0.395813499015953, 1.82345132230325, 0, 0, 0, 0.907099715492985
            ), P_VALUE_DIFF = c(1, 1, 1, 1, 0.301852977377554, 1, 
            0.0558786547955515, 1, 0.336138039700643, 1, 0.301852977377554, 
            0.555394403907453, 0.0384534943137188, 0.0384534943137188, 
            0.355231143552312, 0.128787232889015, 0.301852977377554, 
            0.125630526378257, 0.555394403907453, 0.54079876565189, 
            0.555394403907453, 1, 1, 0.54079876565189, 1, 1, 1, 0.288428029998002, 
            0.54079876565189, 0.54079876565189, 0.54079876565189, 
            0.165815631361747, 0.54079876565189, 0.54079876565189, 
            1, 0.429121185187073, 0.130418688249425, 1, 0.54079876565189, 
            0.355231143552312, 0.54079876565189, 0.54079876565189, 
            0.54079876565189, 1, 1, 1, 0.54079876565189, 0.093463834419519, 
            0.125630526378257, 1, 0.555394403907453, 0.555394403907453, 
            0.0558786547955515, 1, 0.54079876565189, 5.00183753081721e-05, 
            0.0155028033413698, 0.125630526378257, 0.150724641208017, 
            0.125630526378257, 0.0155028033413698, 0.125630526378257, 
            0.0155028033413698, 0.501029150966674, 0.288428029998002, 
            0.0155028033413698, 1, 0.301852977377554, 1, 1, 0.54079876565189, 
            0.301852977377554, 0.54079876565189, 1, 0.183297150695061, 
            1, 0.191917265305332, 1, 0.0558786547955515, 1, 1, 0.301852977377554, 
            0.617871660874707, 1, 1, 0.54079876565189, 0.288428029998002, 
            0.54079876565189, 1, 0.0952522836244712, 1, 0.555394403907453, 
            1, 1, 0.54079876565189, 0.555394403907453, 0.54079876565189, 
            1, 0.355231143552312, 1, 1, 0.54079876565189, 0.702762989283991, 
            0.0548721539589927, 0.341176352681126, 0.617871660874707, 
            0.54079876565189, 1, 1, 1), BH_P_VALUE_DIFF = c(1, 1, 
            NA, NA, NA, 1, 0.234690350141316, NA, 0.514472690661968, 
            1, NA, NA, 0.230720965882313, 0.230720965882313, 0.514472690661968, 
            0.304310272581993, NA, 0.304310272581993, NA, NA, NA, 
            NA, NA, NA, NA, NA, NA, 0.504749052496503, NA, NA, NA, 
            NA, NA, NA, NA, 0.600769659261902, 0.304310272581993, 
            NA, NA, 0.514472690661968, NA, NA, NA, NA, NA, NA, NA, 
            NA, 0.304310272581993, NA, NA, NA, 0.234690350141316, 
            1, NA, 0.00210077176294323, 0.130223548067506, 0.304310272581993, 
            0.333180785828247, 0.304310272581993, 0.130223548067506, 
            0.304310272581993, 0.130223548067506, 0.678813688406461, 
            0.504749052496503, 0.130223548067506, NA, NA, NA, 1, 
            NA, NA, NA, NA, 0.383834530610663, NA, 0.383834530610663, 
            NA, 0.234690350141316, NA, NA, NA, 0.786382113840536, 
            NA, NA, NA, 0.504749052496503, NA, NA, 0.304310272581993, 
            NA, NA, NA, NA, NA, NA, NA, 1, 0.514472690661968, NA, 
            NA, NA, 0.868118986762577, NA, 0.514472690661968, 0.786382113840536, 
            NA, NA, NA, 1), ORA_SCORE_DIFF = c(0, 0, 0, 0, 0, 0, 
            0, 0, 0, 0, 0, 0, 0, 0, 0, 0, 0, 0, 0, 0, 0, 0, 0, 0, 
            0, 0, 0, 0, 0, 0, 0, 0, 0, 0, 0, 0, 0, 0, 0, 0, 0, 0, 
            0, 0, 0, 0, 0, 0, 0, 0, 0, 0, 0, 0, 0, 7.41592925315635, 
            0, 0, 0, 0, 0, 0, 0, 0, 0, 0, 0, 0, 0, 0, 0, 0, 0, 0, 
            0, 0, 0, 0, 0, 0, 0, 0, 0, 0, 0, 0, 0, 0, 0, 0, 0, 0, 
            0, 0, 0, 0, 0, 0, 0, 0, 0, 0, 0, 0, 0, 0, 0, 0, 0, 0)), 
        ER_CELLTYPES = list(VALUE = c("Macrophages_Macrophages", 
        "Macrophages_Neutrophils", "Neutrophils_Macrophages", "Neutrophils_Neutrophils"
        ), OR_UP = c(0.56667983205427, 1.08946440452501, 1.48734894623548, 
        1.36312656423389), P_VALUE_UP = c(0.0155998130177571, 0.717744297070519, 
        0.12150243356253, 0.30614678269615), BH_P_VALUE_UP = c(0.0623992520710283, 
        0.717744297070519, 0.24300486712506, 0.408195710261533), 
            ORA_SCORE_UP = c(0, 0, 0, 0), OR_DOWN = c(2.23645541196859, 
            0.957642440756239, 0.514001550216299, 0.351952474501906
            ), P_VALUE_DOWN = c(0.119799221869889, 1, 0.539653325622406, 
            0.484953981809312), BH_P_VALUE_DOWN = c(0.479196887479556, 
            1, 0.719537767496542, 0.719537767496542), ORA_SCORE_DOWN = c(0, 
            0, 0, 0), OR_FLAT = c(2.11683815931088, 0.862441671155163, 
            0.813170305392624, 0.447266137148375), P_VALUE_FLAT = c(0.000443240913636735, 
            0.56885399879507, 0.39740697752665, 0.00376839857237211
            ), BH_P_VALUE_FLAT = c(0.00177296365454694, 0.56885399879507, 
            0.529875970035533, 0.00753679714474421), ORA_SCORE_FLAT = c(2.97666184316847, 
            0, 0, 0), OR_DIFF = c(0.679890849864987, 1.07694083208924, 
            1.33953982095852, 1.1967406204669), P_VALUE_DIFF = c(0.0880210161275396, 
            0.813862414756535, 0.258707925601825, 0.570181408202608
            ), BH_P_VALUE_DIFF = c(0.352084064510159, 0.813862414756535, 
            0.517415851203649, 0.760241877603478), ORA_SCORE_DIFF = c(0, 
            0, 0, 0)), EMITTER_CELLTYPE = list(VALUE = c("Macrophages", 
        "Neutrophils"), OR_UP = c(0.624773084439603, 1.60058111481701
        ), P_VALUE_UP = c(0.0366457137823768, 0.0366457137823768), 
            BH_P_VALUE_UP = c(0.0366457137823768, 0.0366457137823768
            ), ORA_SCORE_UP = c(0, 0.974447824098968), OR_DOWN = c(2.61942719495425, 
            0.381762853316282), P_VALUE_DOWN = c(0.185553663629829, 
            0.185553663629829), BH_P_VALUE_DOWN = c(0.185553663629829, 
            0.185553663629829), ORA_SCORE_DOWN = c(0, 0), OR_FLAT = c(1.8347158793337, 
            0.545043519415748), P_VALUE_FLAT = c(0.00379184925311596, 
            0.00379184925311596), BH_P_VALUE_FLAT = c(0.00379184925311596, 
            0.00379184925311596), ORA_SCORE_FLAT = c(2.11985309398501, 
            0), OR_DIFF = c(0.729343843293809, 1.37109541568744), 
            P_VALUE_DIFF = c(0.136975131981364, 0.136975131981364
            ), BH_P_VALUE_DIFF = c(0.136975131981364, 0.136975131981364
            ), ORA_SCORE_DIFF = c(0, 0)), RECEIVER_CELLTYPE = list(
            VALUE = c("Macrophages", "Neutrophils"), OR_UP = c(0.786218314376418, 
            1.27191135301032), P_VALUE_UP = c(0.282198739569921, 
            0.282198739569921), BH_P_VALUE_UP = c(0.282198739569921, 
            0.282198739569921), ORA_SCORE_UP = c(0, 0), OR_DOWN = c(1.57659076760718, 
            0.634280005024841), P_VALUE_DOWN = c(0.450079363264948, 
            0.450079363264948), BH_P_VALUE_DOWN = c(0.450079363264948, 
            0.450079363264948), ORA_SCORE_DOWN = c(0, 0), OR_FLAT = c(1.74613919672484, 
            0.572692029292771), P_VALUE_FLAT = c(0.00633692548421328, 
            0.00633692548421329), BH_P_VALUE_FLAT = c(0.00633692548421329, 
            0.00633692548421329), ORA_SCORE_FLAT = c(1.76766014414418, 
            0), OR_DIFF = c(0.854500002790786, 1.17027501080633), 
            P_VALUE_DIFF = c(0.465260446867353, 0.465260446867353
            ), BH_P_VALUE_DIFF = c(0.465260446867353, 0.465260446867353
            ), ORA_SCORE_DIFF = c(0, 0)), GO_TERMS = list(VALUE = c("negative regulation of transcription by RNA polymerase II", 
        "Golgi membrane", "SNARE binding", "MAPK cascade", "lytic vacuole", 
        "cell morphogenesis", "cell morphogenesis involved in differentiation", 
        "prostaglandin biosynthetic process", "retinoid metabolic process", 
        "angiogenesis", "lipopolysaccharide binding", "amyloid-beta binding", 
        "regulation of cell growth", "blood vessel development", 
        "branching involved in blood vessel morphogenesis", "vasculogenesis", 
        "virus receptor activity", "response to hypoxia", "ameboidal-type cell migration", 
        "cellular glucose homeostasis", "in utero embryonic development", 
        "neural crest cell migration", "morphogenesis of a branching structure", 
        "neuron migration", "myeloid dendritic cell activation", 
        "microglial cell activation", "cell activation", "phosphatidylserine binding", 
        "cytokine production", "regulation of cytokine production", 
        "negative regulation of cytokine production", "positive regulation of cytokine production", 
        "opsonin binding", "complement binding", "complement component C3b binding", 
        "endothelial cell development", "endothelial cell morphogenesis", 
        "tissue homeostasis", "regulation of leukocyte mediated cytotoxicity", 
        "negative regulation of leukocyte mediated cytotoxicity", 
        "positive regulation of leukocyte mediated cytotoxicity", 
        "regulation of T cell mediated cytotoxicity", "positive regulation of T cell mediated cytotoxicity", 
        "regulation of protein phosphorylation", "negative regulation of protein phosphorylation", 
        "positive regulation of protein phosphorylation", "regulation of endothelial cell proliferation", 
        "positive regulation of endothelial cell proliferation", 
        "heart looping", "regulation of cell-matrix adhesion", "negative regulation of cell-matrix adhesion", 
        "positive regulation of cell-matrix adhesion", "regulation of cytokine-mediated signaling pathway", 
        "negative regulation of cytokine-mediated signaling pathway", 
        "fibronectin binding", "retinoic acid binding", "morphogenesis of an epithelium", 
        "protease binding", "sprouting angiogenesis", "cell migration involved in sprouting angiogenesis", 
        "epithelial cell development", "pattern recognition receptor signaling pathway", 
        "toll-like receptor signaling pathway", "response to molecule of bacterial origin", 
        "adaptive immune response", "immune effector process", "activation of immune response", 
        "cell activation involved in immune response", "astrocyte activation involved in immune response", 
        "myeloid leukocyte activation", "myeloid cell activation involved in immune response", 
        "macrophage activation involved in immune response", "neutrophil activation involved in immune response", 
        "lymphocyte activation involved in immune response", "B cell activation involved in immune response", 
        "mature B cell differentiation involved in immune response", 
        "plasma cell differentiation", "mature B cell differentiation", 
        "leukocyte activation involved in immune response", "immune system process", 
        "dendritic cell chemotaxis", "antigen processing and presentation of peptide antigen via MHC class Ib", 
        "immune response-activating cell surface receptor signaling pathway", 
        "antigen processing and presentation of peptide antigen via MHC class I", 
        "antigen processing and presentation via MHC class Ib", "antigen processing and presentation of exogenous peptide antigen via MHC class Ib", 
        "antigen processing and presentation of exogenous peptide antigen", 
        "antigen processing and presentation of exogenous peptide antigen via MHC class I, TAP-dependent", 
        "antigen processing and presentation of exogenous peptide antigen via MHC class I, TAP-independent", 
        "antigen processing and presentation of endogenous peptide antigen", 
        "tolerance induction", "natural killer cell tolerance induction", 
        "leukocyte differentiation", "leukocyte migration involved in inflammatory response", 
        "acute inflammatory response", "production of molecular mediator involved in inflammatory response", 
        "myeloid leukocyte differentiation", "platelet degranulation", 
        "regulation of tolerance induction", "regulation of T cell tolerance induction", 
        "regulation of immune system process", "negative regulation of immune system process", 
        "positive regulation of immune system process", "regulation of leukocyte migration", 
        "positive regulation of leukocyte migration", "regulation of leukocyte chemotaxis", 
        "positive regulation of leukocyte chemotaxis", "regulation of cellular extravasation", 
        "positive regulation of cellular extravasation", "regulation of leukocyte activation", 
        "negative regulation of leukocyte activation", "positive regulation of leukocyte activation", 
        "regulation of immune effector process", "negative regulation of immune effector process", 
        "positive regulation of immune effector process", "regulation of production of molecular mediator of immune response", 
        "negative regulation of production of molecular mediator of immune response", 
        "positive regulation of production of molecular mediator of immune response", 
        "regulation of leukocyte mediated immunity", "negative regulation of leukocyte mediated immunity", 
        "positive regulation of leukocyte mediated immunity", "regulation of lymphocyte mediated immunity", 
        "negative regulation of lymphocyte mediated immunity", "positive regulation of lymphocyte mediated immunity", 
        "regulation of T cell mediated immunity", "negative regulation of T cell mediated immunity", 
        "positive regulation of T cell mediated immunity", "regulation of natural killer cell mediated immunity", 
        "negative regulation of natural killer cell mediated immunity", 
        "regulation of cytokine production involved in immune response", 
        "negative regulation of cytokine production involved in immune response", 
        "positive regulation of cytokine production involved in immune response", 
        "regulation of T cell cytokine production", "positive regulation of T cell cytokine production", 
        "MyD88-dependent toll-like receptor signaling pathway", "MyD88-independent toll-like receptor signaling pathway", 
        "immune response-activating signal transduction", "regulation of myeloid leukocyte differentiation", 
        "immune response-regulating signaling pathway", "immune response-regulating cell surface receptor signaling pathway", 
        "regulation of peptide secretion", "regulation of adaptive immune response", 
        "negative regulation of adaptive immune response", "positive regulation of adaptive immune response", 
        "regulation of adaptive immune response based on somatic recombination of immune receptors built from immunoglobulin superfamily domains", 
        "negative regulation of adaptive immune response based on somatic recombination of immune receptors built from immunoglobulin superfamily domains", 
        "positive regulation of adaptive immune response based on somatic recombination of immune receptors built from immunoglobulin superfamily domains", 
        "regulation of T-helper 1 type immune response", "positive regulation of T-helper 1 type immune response", 
        "regulation of response to biotic stimulus", "negative regulation of response to biotic stimulus", 
        "positive regulation of response to biotic stimulus", "regulation of response to tumor cell", 
        "regulation of immune response to tumor cell", "regulation of myeloid leukocyte mediated immunity", 
        "negative regulation of myeloid leukocyte mediated immunity", 
        "positive regulation of myeloid leukocyte mediated immunity", 
        "regulation of B cell apoptotic process", "negative regulation of B cell apoptotic process", 
        "regulation of mature B cell apoptotic process", "negative regulation of mature B cell apoptotic process", 
        "regulation of humoral immune response", "negative regulation of humoral immune response", 
        "developmental process involved in reproduction", "system process", 
        "embryonic heart tube morphogenesis", "endothelium development", 
        "epithelial cell morphogenesis", "molecular_function", "nucleic acid binding", 
        "DNA binding", "RNA binding", "antigen binding", "catalytic activity", 
        "endopeptidase activity", "serine-type endopeptidase activity", 
        "enzyme inhibitor activity", "endopeptidase inhibitor activity", 
        "serine-type endopeptidase inhibitor activity", "transmembrane signaling receptor activity", 
        "protein kinase C binding", "signaling receptor binding", 
        "cytokine receptor binding", "interleukin-1 receptor binding", 
        "integrin binding", "transporter activity", "lipid transporter activity", 
        "binding", "retinoid binding", "calcium ion binding", "protein binding", 
        "collagen binding", "galactose binding", "glycosaminoglycan binding", 
        "hyaluronic acid binding", "phospholipid binding", "calcium-dependent phospholipid binding", 
        "phospholipid transporter activity", "cellular_component", 
        "extracellular region", "collagen trimer", "extracellular space", 
        "intracellular anatomical structure", "nucleus", "nucleoplasm", 
        "cytoplasm", "lysosome", "lysosomal membrane", "endosome", 
        "early endosome", "vacuole", "vacuolar membrane", "vacuolar lumen", 
        "endoplasmic reticulum", "endoplasmic reticulum lumen", "endoplasmic reticulum membrane", 
        "Golgi apparatus", "cytosol", "plasma membrane", "integral component of plasma membrane", 
        "clathrin-coated pit", "cell-cell junction", "focal adhesion", 
        "aminoglycan metabolic process", "aminoglycan catabolic process", 
        "glycosaminoglycan catabolic process", "alcohol metabolic process", 
        "organic acid metabolic process", "nucleobase-containing compound metabolic process", 
        "regulation of transcription, DNA-templated", "regulation of transcription by RNA polymerase II", 
        "cellular protein modification process", "negative regulation of protein kinase activity", 
        "proteolysis", "lipid metabolic process", "fatty acid metabolic process", 
        "fatty acid biosynthetic process", "unsaturated fatty acid biosynthetic process", 
        "icosanoid metabolic process", "prostanoid metabolic process", 
        "prostaglandin metabolic process", "isoprenoid metabolic process", 
        "terpenoid metabolic process", "cellular aromatic compound metabolic process", 
        "nitrogen compound metabolic process", "transport", "ion transport", 
        "cation transport", "calcium ion transport", "anion transport", 
        "lipid transport", "cellular ion homeostasis", "cellular calcium ion homeostasis", 
        "cellular metal ion homeostasis", "intracellular protein transport", 
        "exocytosis", "endocytosis", "receptor-mediated endocytosis", 
        "phagocytosis", "phagocytosis, engulfment", "autophagy", 
        "apoptotic process", "movement of cell or subcellular component", 
        "chemotaxis", "response to stress", "defense response", "acute-phase response", 
        "inflammatory response", "immune response", "complement activation", 
        "complement activation, classical pathway", "humoral immune response", 
        "response to oxidative stress", "organelle organization", 
        "vacuolar transport", "lysosomal transport", "cell-cell junction assembly", 
        "cell-substrate junction assembly", "cell communication", 
        "cell adhesion", "homophilic cell adhesion via plasma membrane adhesion molecules", 
        "leukocyte cell-cell adhesion", "cell-matrix adhesion", "calcium-independent cell-matrix adhesion", 
        "negative regulation of cell adhesion", "signal transduction", 
        "cell surface receptor signaling pathway", "enzyme linked receptor protein signaling pathway", 
        "transmembrane receptor protein tyrosine kinase signaling pathway", 
        "transmembrane receptor protein serine/threonine kinase signaling pathway", 
        "transforming growth factor beta receptor signaling pathway", 
        "G protein-coupled receptor signaling pathway", "positive regulation of cytosolic calcium ion concentration", 
        "Notch signaling pathway", "integrin-mediated signaling pathway", 
        "I-kappaB kinase/NF-kappaB signaling", "small GTPase mediated signal transduction", 
        "Ras protein signal transduction", "Rho protein signal transduction", 
        "cell-cell signaling", "multicellular organism development", 
        "pattern specification process", "nervous system development", 
        "axonogenesis", "axon guidance", "female pregnancy", "aging", 
        "blood coagulation", "hemostasis", "sensory perception", 
        "behavior", "learning or memory", "memory", "long-term memory", 
        "high-density lipoprotein particle binding", "cell recognition", 
        "motor neuron axon guidance", "protein localization", "biological_process", 
        "metabolic process", "heparin binding", "steroid metabolic process", 
        "cholesterol metabolic process", "cell death", "peptidase activity", 
        "serine-type peptidase activity", "cell population proliferation", 
        "positive regulation of cell population proliferation", "negative regulation of cell population proliferation", 
        "lipid binding", "integrin complex", "germ cell migration", 
        "regulation of cell shape", "phosphatidylcholine transporter activity", 
        "lipid biosynthetic process", "catabolic process", "macromolecule catabolic process", 
        "biosynthetic process", "macromolecule biosynthetic process", 
        "response to radiation", "response to external stimulus", 
        "response to biotic stimulus", "response to wounding", "response to mechanical stimulus", 
        "response to virus", "response to bacterium", "response to fungus", 
        "response to abiotic stimulus", "anatomical structure morphogenesis", 
        "response to endogenous stimulus", "response to hormone", 
        "response to carbohydrate", "response to hexose", "response to glucose", 
        "embryo development", "embryo development ending in birth or egg hatching", 
        "animal organ morphogenesis", "tissue development", "regulation of biosynthetic process", 
        "negative regulation of biosynthetic process", "positive regulation of biosynthetic process", 
        "negative regulation of metabolic process", "positive regulation of metabolic process", 
        "regulation of catabolic process", "negative regulation of catabolic process", 
        "positive regulation of catabolic process", "external side of plasma membrane", 
        "regulation of signal transduction", "positive regulation of signal transduction", 
        "negative regulation of signal transduction", "cell surface", 
        "cellular process", "response to extracellular stimulus", 
        "endosome membrane", "response to organic substance", "response to inorganic substance", 
        "response to organonitrogen compound", "membrane invagination", 
        "negative regulation of peptidase activity", "gene expression", 
        "regulation of gene expression", "regulation of signaling receptor activity", 
        "regulation of autophagy", "negative regulation of autophagy", 
        "regulation of macromolecule biosynthetic process", "positive regulation of macromolecule biosynthetic process", 
        "negative regulation of macromolecule biosynthetic process", 
        "positive regulation of phosphorus metabolic process", "negative regulation of phosphorus metabolic process", 
        "regulation of cell cycle process", "regulation of endothelial cell migration", 
        "positive regulation of endothelial cell migration", "positive regulation of macromolecule metabolic process", 
        "negative regulation of macromolecule metabolic process", 
        "positive regulation of gene expression", "negative regulation of gene expression", 
        "epithelial cell migration", "regulation of epithelial cell migration", 
        "positive regulation of epithelial cell migration", "positive regulation of organelle organization", 
        "regulation of cell communication", "positive regulation of cell communication", 
        "negative regulation of cell communication", "regulation of collagen metabolic process", 
        "positive regulation of cell development", "negative regulation of cell development", 
        "regulation of fibroblast migration", "positive regulation of fibroblast migration", 
        "regulation of cell-substrate adhesion", "positive regulation of cell-substrate adhesion", 
        "negative regulation of cell-substrate adhesion", "regulation of cholesterol efflux", 
        "positive regulation of cholesterol efflux", "regulation of isomerase activity", 
        "positive regulation of isomerase activity", "regulation of macrophage cytokine production", 
        "regulation of cell death", "positive regulation of cell death", 
        "negative regulation of cell cycle process", "negative regulation of endopeptidase activity", 
        "regulation of metal ion transport", "regulation of neuron projection development", 
        "negative regulation of neuron projection development", "programmed cell death", 
        "vesicle membrane", "ER to Golgi transport vesicle membrane", 
        "astrocyte development", "regulation of gliogenesis", "positive regulation of gliogenesis", 
        "response to organic cyclic compound", "release of sequestered calcium ion into cytosol by sarcoplasmic reticulum", 
        "regulation of smooth muscle cell migration", "protein transport", 
        "sterol transporter activity", "organophosphate ester transport", 
        "peptide transport", "organic acid transport", "organic hydroxy compound transport", 
        "phospholipid transport", "sterol transport", "membrane", 
        "integral component of membrane", "viral process", "lipid catabolic process", 
        "cellular component organization", "cell growth", "organic acid biosynthetic process", 
        "RNA metabolic process", "mRNA metabolic process", "diterpenoid metabolic process", 
        "sterol metabolic process", "vesicle-mediated transport", 
        "apical plasma membrane", "cell migration", "protein deubiquitination", 
        "hydrolase activity", "regulation of transforming growth factor beta receptor signaling pathway", 
        "regulation of exocytosis", "serine hydrolase activity", 
        "regulation of lipid metabolic process", "regulation of steroid metabolic process", 
        "regulation of nucleobase-containing compound metabolic process", 
        "regulation of phosphate metabolic process", "cytokine-mediated signaling pathway", 
        "regulation of metabolic process", "protein metabolic process", 
        "calcium-mediated signaling", "cellular homeostasis", "carboxylic acid metabolic process", 
        "growth factor binding", "isoprenoid binding", "antigen processing and presentation", 
        "antigen processing and presentation of endogenous antigen", 
        "antigen processing and presentation of exogenous antigen", 
        "enzyme binding", "kinase binding", "protein kinase binding", 
        "protein domain specific binding", "second-messenger-mediated signaling", 
        "cytokine binding", "chemokine binding", "interleukin-1 binding", 
        "glial cell development", "regulation of cell-cell adhesion", 
        "negative regulation of cell-cell adhesion", "positive regulation of cell-cell adhesion", 
        "cellular component disassembly", "cellular process involved in reproduction in multicellular organism", 
        "reproductive process", "digestive system process", "regulation of anatomical structure morphogenesis", 
        "regulation of cell morphogenesis", "cellular component assembly", 
        "biological adhesion", "extracellular matrix disassembly", 
        "regulation of signaling", "signaling", "positive regulation of signaling", 
        "negative regulation of signaling", "metal ion transport", 
        "cellular cation homeostasis", "cell projection organization", 
        "cell junction", "cell-substrate junction", "lymphocyte differentiation", 
        "myeloid cell differentiation", "regulation of endocytosis", 
        "natural killer cell activation", "regulation of Wnt signaling pathway", 
        "coated vesicle", "secretory granule", "cell differentiation", 
        "regulation of cell adhesion", "regulation of proteolysis", 
        "protein catabolic process", "low-density lipoprotein particle binding", 
        "integral component of endoplasmic reticulum membrane", "B cell differentiation", 
        "regulation of blood coagulation", "positive regulation of blood coagulation", 
        "negative regulation of blood coagulation", "extracellular matrix organization", 
        "glycosaminoglycan metabolic process", "enzyme regulator activity", 
        "carbohydrate binding", "regulation of ossification", "negative regulation of ossification", 
        "cholesterol transport", "positive regulation of cell growth", 
        "negative regulation of cell growth", "external encapsulating structure", 
        "embryonic limb morphogenesis", "regulation of cell migration", 
        "positive regulation of cell migration", "negative regulation of cell migration", 
        "ICAM-3 receptor activity", "lactose binding", "peptidase inhibitor activity", 
        "axon", "growth cone", "site of polarized growth", "regulation of complement activation", 
        "smooth muscle contractile fiber", "regulation of bone mineralization", 
        "negative regulation of bone mineralization", "negative regulation of transforming growth factor beta receptor signaling pathway", 
        "regulation of axon extension", "negative regulation of axon extension", 
        "neutrophil chemotaxis", "leukocyte chemotaxis", "transport vesicle membrane", 
        "cytoplasmic vesicle membrane", "coated vesicle membrane", 
        "clathrin-coated vesicle membrane", "endocytic vesicle membrane", 
        "secretory granule membrane", "clathrin-coated endocytic vesicle membrane", 
        "phagocytic vesicle membrane", "epithelial cell differentiation", 
        "regulation of B cell proliferation", "positive regulation of B cell proliferation", 
        "extracellular matrix", "heat shock protein binding", "organelle membrane", 
        "platelet alpha granule membrane", "phosphatidylcholine binding", 
        "intrinsic component of membrane", "intrinsic component of plasma membrane", 
        "intrinsic component of endoplasmic reticulum membrane", 
        "cell projection membrane", "leading edge membrane", "retinal ganglion cell axon guidance", 
        "lymphocyte costimulation", "T cell costimulation", "intrinsic component of organelle membrane", 
        "integral component of organelle membrane", "regulation of cellular metabolic process", 
        "negative regulation of cellular metabolic process", "positive regulation of cellular metabolic process", 
        "regulation of cellular biosynthetic process", "negative regulation of cellular biosynthetic process", 
        "positive regulation of cellular biosynthetic process", "regulation of cellular catabolic process", 
        "negative regulation of cellular catabolic process", "positive regulation of cellular catabolic process", 
        "positive regulation of protein-containing complex assembly", 
        "regulation of cell killing", "negative regulation of cell killing", 
        "positive regulation of cell killing", "regulation of cell projection organization", 
        "negative regulation of cell projection organization", "positive regulation of cell projection organization", 
        "regulation of defense response", "negative regulation of defense response", 
        "positive regulation of defense response", "regulation of protein modification process", 
        "negative regulation of protein modification process", "positive regulation of protein modification process", 
        "carboxylic acid binding", "cytoplasmic vesicle", "cell-substrate adhesion", 
        "receptor internalization", "lipopolysaccharide-mediated signaling pathway", 
        "response to nutrient levels", "early endosome membrane", 
        "response to corticosteroid", "membrane-enclosed lumen", 
        "vesicle", "vesicle lumen", "negative regulation of protein binding", 
        "positive regulation of protein binding", "regulation of response to external stimulus", 
        "negative regulation of response to external stimulus", "positive regulation of response to external stimulus", 
        "activation of protein kinase activity", "regulation of cellular protein metabolic process", 
        "negative regulation of cellular protein metabolic process", 
        "positive regulation of cellular protein metabolic process", 
        "regulation of lipid transport", "positive regulation of lipid transport", 
        "regulation of sterol transport", "positive regulation of sterol transport", 
        "regulation of cholesterol transport", "positive regulation of cholesterol transport", 
        "regulation of intracellular transport", "positive regulation of intracellular transport", 
        "regulation of type I interferon production", "positive regulation of type I interferon production", 
        "regulation of Cdc42 protein signal transduction", "response to bacterial lipoprotein", 
        "response to lipopolysaccharide", "multicellular organismal process", 
        "developmental process", "ruffle membrane", "trans-Golgi network membrane", 
        "interleukin-1 beta production", "interleukin-1 production", 
        "regulation of chemokine production", "regulation of granulocyte macrophage colony-stimulating factor production", 
        "regulation of interferon-alpha production", "regulation of interferon-beta production", 
        "regulation of interferon-gamma production", "regulation of interleukin-1 production", 
        "regulation of interleukin-10 production", "regulation of interleukin-12 production", 
        "regulation of interleukin-18 production", "regulation of interleukin-4 production", 
        "regulation of interleukin-6 production", "regulation of interleukin-8 production", 
        "regulation of tumor necrosis factor production", "negative regulation of granulocyte macrophage colony-stimulating factor production", 
        "negative regulation of interferon-gamma production", "negative regulation of interleukin-18 production", 
        "negative regulation of tumor necrosis factor production", 
        "positive regulation of chemokine production", "positive regulation of interferon-beta production", 
        "positive regulation of interferon-gamma production", "positive regulation of interleukin-1 production", 
        "positive regulation of interleukin-10 production", "positive regulation of interleukin-12 production", 
        "positive regulation of interleukin-4 production", "positive regulation of interleukin-6 production", 
        "positive regulation of interleukin-8 production", "positive regulation of tumor necrosis factor production", 
        "monocarboxylic acid metabolic process", "regulation of stress-activated MAPK cascade", 
        "regulation of localization", "regulation of protein localization", 
        "regulation of superoxide anion generation", "positive regulation of superoxide anion generation", 
        "secretion by cell", "regulation of mononuclear cell proliferation", 
        "negative regulation of mononuclear cell proliferation", 
        "positive regulation of mononuclear cell proliferation", 
        "cellular component morphogenesis", "cell part morphogenesis", 
        "protein-containing complex", "protein-lipid complex", "regulation of mast cell activation", 
        "negative regulation of mast cell activation", "regulation of mast cell activation involved in immune response", 
        "negative regulation of mast cell activation involved in immune response", 
        "macromolecule localization", "regulation of organelle organization", 
        "regulation of peptidyl-serine phosphorylation", "positive regulation of peptidyl-serine phosphorylation", 
        "regulation of intracellular protein transport", "tumor necrosis factor-mediated signaling pathway", 
        "amide binding", "regulation of cellular amine metabolic process", 
        "negative regulation of cellular amine metabolic process", 
        "monocarboxylic acid binding", "cholesterol efflux", "carbohydrate homeostasis", 
        "cellular response to stress", "unsaturated fatty acid metabolic process", 
        "cell adhesion mediated by integrin", "cell-cell adhesion mediated by integrin", 
        "negative regulation of kinase activity", "positive regulation of kinase activity", 
        "phospholipid efflux", "response to lipid", "response to cytokine", 
        "regulation of tissue remodeling", "homotypic cell-cell adhesion", 
        "regulation of homotypic cell-cell adhesion", "positive regulation of homotypic cell-cell adhesion", 
        "heterotypic cell-cell adhesion", "regulation of erythrocyte aggregation", 
        "positive regulation of erythrocyte aggregation", "regulation of toll-like receptor signaling pathway", 
        "negative regulation of toll-like receptor signaling pathway", 
        "positive regulation of toll-like receptor signaling pathway", 
        "regulation of MyD88-independent toll-like receptor signaling pathway", 
        "negative regulation of MyD88-independent toll-like receptor signaling pathway", 
        "toll-like receptor 4 signaling pathway", "ion transmembrane transport", 
        "regulation of cellular amide metabolic process", "negative regulation of cellular amide metabolic process", 
        "response to monosaccharide", "cell junction assembly", "cell junction organization", 
        "response to interferon-gamma", "plasma lipoprotein particle", 
        "low-density lipoprotein particle", "plasma lipoprotein particle assembly", 
        "high-density lipoprotein particle assembly", "plasma lipoprotein particle clearance", 
        "chylomicron remnant clearance", "high-density lipoprotein particle clearance", 
        "substrate adhesion-dependent cell spreading", "response to tumor necrosis factor", 
        "cellular protein localization", "cellular nitrogen compound metabolic process", 
        "cellular macromolecule biosynthetic process", "integrin alphaL-beta2 complex", 
        "integrin alphaM-beta2 complex", "integrin alphaX-beta2 complex", 
        "regulation of transmembrane transport", "regulation of ion transmembrane transport", 
        "secretory granule lumen", "regulation of Rho protein signal transduction", 
        "appendage morphogenesis", "limb morphogenesis", "embryonic appendage morphogenesis", 
        "tube morphogenesis", "Toll-like receptor binding", "autocrine signaling", 
        "intracellular signal transduction", "azurophil granule lumen", 
        "specific granule membrane", "maintenance of blood-brain barrier", 
        "TRIF-dependent toll-like receptor signaling pathway", "monocyte extravasation", 
        "response to hepatocyte growth factor", "cellular response to hepatocyte growth factor stimulus", 
        "endothelial cell chemotaxis", "response to isolation stress", 
        "cellular response to vascular endothelial growth factor stimulus", 
        "endodermal cell differentiation", "small molecule binding", 
        "protein modification process", "granulocyte activation", 
        "response to decreased oxygen levels", "response to sterol", 
        "dendritic cell migration", "signaling receptor activity", 
        "cargo receptor activity", "vascular endothelial growth factor signaling pathway", 
        "toll-like receptor TLR1:TLR2 signaling pathway", "toll-like receptor TLR6:TLR2 signaling pathway", 
        "pattern recognition receptor activity", "neuropilin signaling pathway", 
        "VEGF-activated neuropilin signaling pathway", "growth", 
        "regulation of growth", "locomotion", "regulation of locomotion", 
        "negative regulation of locomotion", "positive regulation of locomotion", 
        "regulation of dopamine metabolic process", "regulation of epidermal growth factor receptor signaling pathway", 
        "wound healing", "regulation of catecholamine metabolic process", 
        "positive regulation of T cell proliferation", "T cell activation", 
        "B cell activation", "macrophage activation", "neutrophil activation", 
        "regulation of cell population proliferation", "regulation of T cell proliferation", 
        "negative regulation of T cell proliferation", "lipoprotein metabolic process", 
        "lipoprotein biosynthetic process", "lipoprotein catabolic process", 
        "regulation of protein catabolic process", "response to chemical", 
        "regulation of natural killer cell mediated cytotoxicity", 
        "peptide binding", "regulation of phosphorylation", "negative regulation of phosphorylation", 
        "positive regulation of phosphorylation", "taxis", "sarcolemma", 
        "response to drug", "regulation of tyrosine phosphorylation of STAT protein", 
        "positive regulation of tyrosine phosphorylation of STAT protein", 
        "antigen processing and presentation of exogenous peptide antigen via MHC class I", 
        "homeostatic process", "glucose homeostasis", "MHC protein complex", 
        "MHC class I protein complex", "cholesterol homeostasis", 
        "fibrinolysis", "defense response to bacterium", "identical protein binding", 
        "protein homodimerization activity", "amide transport", "regulation of apoptotic process", 
        "cell projection", "neuron projection", "chordate embryonic development", 
        "myeloid dendritic cell differentiation", "neuronal cell body", 
        "regulation of macrophage activation", "extracellular structure organization", 
        "positive regulation of apoptotic process", "negative regulation of apoptotic process", 
        "regulation of programmed cell death", "positive regulation of programmed cell death", 
        "negative regulation of programmed cell death", "positive regulation of catalytic activity", 
        "negative regulation of catalytic activity", "receptor metabolic process", 
        "receptor clustering", "regulation of I-kappaB kinase/NF-kappaB signaling", 
        "positive regulation of I-kappaB kinase/NF-kappaB signaling", 
        "negative regulation of cysteine-type endopeptidase activity involved in apoptotic process", 
        "ion binding", "anion binding", "cation binding", "macromolecule metabolic process", 
        "organic acid binding", "response to external biotic stimulus", 
        "organelle", "membrane-bounded organelle", "non-membrane-bounded organelle", 
        "intracellular organelle", "extracellular organelle", "intracellular membrane-bounded organelle", 
        "intracellular non-membrane-bounded organelle", "organelle lumen", 
        "receptor complex", "laminin binding", "regulation of protein-containing complex assembly", 
        "regulation of ion transport", "positive regulation of ion transport", 
        "negative regulation of ion transport", "regulation of cysteine-type endopeptidase activity involved in apoptotic process", 
        "contractile fiber", "leukocyte degranulation", "regulation of leukocyte degranulation", 
        "negative regulation of leukocyte degranulation", "positive regulation of leukocyte degranulation", 
        "regulation of mast cell degranulation", "negative regulation of mast cell degranulation", 
        "neutrophil degranulation", "regulation of neutrophil degranulation", 
        "positive regulation of neutrophil degranulation", "regulation of protein binding", 
        "proteoglycan binding", "regulation of MAP kinase activity", 
        "positive regulation of MAP kinase activity", "negative regulation of MAP kinase activity", 
        "regulation of MAPK cascade", "negative regulation of MAPK cascade", 
        "positive regulation of MAPK cascade", "macromolecule modification", 
        "response to peptide hormone", "oxoacid metabolic process", 
        "regulation of DNA damage response, signal transduction by p53 class mediator", 
        "negative regulation of DNA damage response, signal transduction by p53 class mediator", 
        "blood vessel endothelial cell migration", "regulation of blood vessel endothelial cell migration", 
        "positive regulation of blood vessel endothelial cell migration", 
        "endothelial cell migration", "regulation of kinase activity", 
        "post-translational protein modification", "reverse cholesterol transport", 
        "regulation of biological process involved in symbiotic interaction", 
        "protein-containing complex subunit organization", "regulation of system process", 
        "regulation of anion transport", "regulation of cellular component biogenesis", 
        "positive regulation of cellular component biogenesis", "negative regulation of molecular function", 
        "positive regulation of molecular function", "cellular metabolic process", 
        "primary metabolic process", "cellular lipid catabolic process", 
        "cellular catabolic process", "cellular biosynthetic process", 
        "cellular lipid metabolic process", "cellular macromolecule metabolic process", 
        "cellular protein metabolic process", "cellular nitrogen compound biosynthetic process", 
        "small molecule metabolic process", "small molecule biosynthetic process", 
        "cell-cell contact zone", "cell body", "wound healing, spreading of cells", 
        "cellular response to fibroblast growth factor stimulus", 
        "biological process involved in symbiotic interaction", "entry into host", 
        "biological process involved in interspecies interaction between organisms", 
        "multi-organism reproductive process", "multi-multicellular organism process", 
        "plasma membrane raft", "protein-containing complex binding", 
        "regulated exocytosis", "transcytosis", "innate immune response", 
        "regulation of innate immune response", "positive regulation of innate immune response", 
        "membrane raft", "cellular extravasation", "regulation of bone resorption", 
        "apical part of cell", "establishment of protein localization", 
        "synapse", "cell-cell junction organization", "external encapsulating structure organization", 
        "leukocyte activation", "regulation of nitric oxide biosynthetic process", 
        "positive regulation of nitric oxide biosynthetic process", 
        "myoblast differentiation", "regulation of T cell differentiation", 
        "positive regulation of T cell differentiation", "regulation of cell differentiation", 
        "negative regulation of cell differentiation", "positive regulation of cell differentiation", 
        "regulation of lymphocyte differentiation", "positive regulation of lymphocyte differentiation", 
        "regulation of myeloid cell differentiation", "regulation of osteoclast differentiation", 
        "regulation of glial cell differentiation", "positive regulation of glial cell differentiation", 
        "positive regulation of protein catabolic process", "regulation of angiogenesis", 
        "positive regulation of angiogenesis", "positive regulation of axon extension", 
        "positive regulation of cell adhesion", "negative regulation of cell cycle", 
        "positive regulation of endocytosis", "negative regulation of innate immune response", 
        "negative regulation of lipid metabolic process", "positive regulation of lipid metabolic process", 
        "regulation of protein kinase activity", "positive regulation of protein kinase activity", 
        "negative regulation of proteolysis", "positive regulation of proteolysis", 
        "negative regulation of transcription, DNA-templated", "positive regulation of transcription, DNA-templated", 
        "negative regulation of catecholamine metabolic process", 
        "negative regulation of complement activation", "negative regulation of exocytosis", 
        "positive regulation of exocytosis", "negative regulation of growth", 
        "positive regulation of growth", "negative regulation of nucleobase-containing compound metabolic process", 
        "positive regulation of nucleobase-containing compound metabolic process", 
        "negative regulation of phosphate metabolic process", "positive regulation of phosphate metabolic process", 
        "positive regulation of transcription by RNA polymerase II", 
        "negative regulation of natural killer cell mediated cytotoxicity", 
        "negative regulation of dopamine metabolic process", "carboxylic acid biosynthetic process", 
        "regulation of receptor signaling pathway via JAK-STAT", 
        "positive regulation of receptor signaling pathway via JAK-STAT", 
        "icosanoid biosynthetic process", "prostanoid biosynthetic process", 
        "heterocycle metabolic process", "regulation of Ras protein signal transduction", 
        "negative regulation of Ras protein signal transduction", 
        "regulation of viral entry into host cell", "positive regulation of viral entry into host cell", 
        "sphingolipid transporter activity", "regulation of alpha-beta T cell activation", 
        "positive regulation of alpha-beta T cell activation", "regulation of alpha-beta T cell proliferation", 
        "positive regulation of alpha-beta T cell proliferation", 
        "lymphocyte activation", "lipopolysaccharide receptor complex", 
        "viral entry into host cell", "regulation of bone remodeling", 
        "metal ion binding", "positive regulation of lipid biosynthetic process", 
        "regulation of lipid biosynthetic process", "secretion", 
        "intracellular transport", "transition metal ion binding", 
        "protein dimerization activity", "antigen processing and presentation of peptide antigen", 
        "platelet-derived growth factor receptor signaling pathway", 
        "vascular endothelial growth factor receptor signaling pathway", 
        "hepatocyte growth factor receptor signaling pathway", "monosaccharide binding", 
        "disaccharide binding", "astrocyte activation", "regulation of fibroblast proliferation", 
        "positive regulation of fibroblast proliferation", "cell development", 
        "perinuclear region of cytoplasm", "animal organ development", 
        "blood vessel morphogenesis", "positive regulation of biological process", 
        "negative regulation of biological process", "positive regulation of cellular process", 
        "negative regulation of cellular process", "positive regulation of viral process", 
        "hematopoietic or lymphoid organ development", "response to steroid hormone", 
        "regulation of response to stimulus", "positive regulation of response to stimulus", 
        "negative regulation of response to stimulus", "developmental cell growth", 
        "developmental growth", "embryonic morphogenesis", "multicellular organismal reproductive process", 
        "regulation of developmental growth", "positive regulation of developmental growth", 
        "negative regulation of developmental growth", "anatomical structure formation involved in morphogenesis", 
        "neuron development", "axon extension", "response to axon injury", 
        "tissue morphogenesis", "system development", "gland development", 
        "branching morphogenesis of an epithelial tube", "neuron projection morphogenesis", 
        "regulation of axon extension involved in axon guidance", 
        "positive regulation of axon extension involved in axon guidance", 
        "negative regulation of axon extension involved in axon guidance", 
        "artery morphogenesis", "axon extension involved in axon guidance", 
        "anatomical structure development", "cell projection morphogenesis", 
        "cellular developmental process", "cell motility", "chemical homeostasis", 
        "transforming growth factor beta binding", "regulation of lymphocyte proliferation", 
        "positive regulation of lymphocyte proliferation", "negative regulation of lymphocyte proliferation", 
        "epithelial cell proliferation", "regulation of epithelial cell proliferation", 
        "positive regulation of epithelial cell proliferation", "regulation of protein secretion", 
        "regulation of inflammatory response", "negative regulation of inflammatory response", 
        "positive regulation of inflammatory response", "regulation of peptidyl-tyrosine phosphorylation", 
        "positive regulation of peptidyl-tyrosine phosphorylation", 
        "regulation of phagocytosis", "negative regulation of phagocytosis", 
        "positive regulation of phagocytosis", "regulation of neurogenesis", 
        "negative regulation of neurogenesis", "positive regulation of neurogenesis", 
        "regulation of axonogenesis", "negative regulation of axonogenesis", 
        "positive regulation of axonogenesis", "regulation of immune response", 
        "negative regulation of immune response", "positive regulation of immune response", 
        "regulation of biological process", "regulation of catalytic activity", 
        "regulation of viral process", "regulation of developmental process", 
        "regulation of cellular process", "ion homeostasis", "regulation of synapse organization", 
        "coagulation", "regulation of coagulation", "negative regulation of coagulation", 
        "positive regulation of coagulation", "cell adhesion molecule binding", 
        "extracellular matrix binding", "antigen receptor-mediated signaling pathway", 
        "T cell receptor signaling pathway", "regulation of T cell activation", 
        "regulation of B cell activation", "regulation of cell activation", 
        "negative regulation of cell activation", "positive regulation of cell activation", 
        "negative regulation of T cell activation", "positive regulation of T cell activation", 
        "positive regulation of B cell activation", "nervous system process", 
        "regulation of body fluid levels", "cognition", "response to stimulus", 
        "leukocyte migration", "diapedesis", "positive chemotaxis", 
        "regulation of chemotaxis", "positive regulation of chemotaxis", 
        "negative regulation of chemotaxis", "quaternary ammonium group binding", 
        "regulation of secretion", "positive regulation of secretion", 
        "negative regulation of secretion", "regulation of transport", 
        "positive regulation of transport", "negative regulation of transport", 
        "regulation of small GTPase mediated signal transduction", 
        "negative regulation of small GTPase mediated signal transduction", 
        "regulation of DNA-binding transcription factor activity", 
        "positive regulation of DNA-binding transcription factor activity", 
        "positive regulation of NF-kappaB transcription factor activity", 
        "negative regulation of developmental process", "positive regulation of developmental process", 
        "regulation of binding", "positive regulation of binding", 
        "negative regulation of binding", "regulation of cellular component organization", 
        "negative regulation of cellular component organization", 
        "positive regulation of cellular component organization", 
        "regulation of nitrogen compound metabolic process", "negative regulation of nitrogen compound metabolic process", 
        "positive regulation of nitrogen compound metabolic process", 
        "regulation of phosphorus metabolic process", "localization", 
        "release of sequestered calcium ion into cytosol", "cartilage development", 
        "positive regulation of protein transport", "regulation of protein transport", 
        "establishment of localization", "maintenance of location", 
        "regulation of multicellular organismal process", "positive regulation of multicellular organismal process", 
        "negative regulation of multicellular organismal process", 
        "regulation of protein metabolic process", "positive regulation of protein metabolic process", 
        "negative regulation of protein metabolic process", "regulation of lymphocyte activation", 
        "negative regulation of lymphocyte activation", "positive regulation of lymphocyte activation", 
        "regulation of RNA metabolic process", "negative regulation of RNA metabolic process", 
        "positive regulation of RNA metabolic process", "protein complex oligomerization", 
        "regulation of cellular component movement", "negative regulation of cellular component movement", 
        "positive regulation of cellular component movement", "regulation of sequestering of calcium ion", 
        "negative regulation of sequestering of calcium ion", "regulation of hydrolase activity", 
        "regulation of transferase activity", "positive regulation of hydrolase activity", 
        "negative regulation of hydrolase activity", "positive regulation of transferase activity", 
        "negative regulation of transferase activity", "response to glucocorticoid", 
        "regulation of cytosolic calcium ion concentration", "cellular localization", 
        "establishment of localization in cell", "maintenance of location in cell", 
        "localization within membrane", "biological process involved in interaction with host", 
        "multi-organism process", "response to other organism", "cellular response to stimulus", 
        "regulation of cell cycle", "regulation of focal adhesion assembly", 
        "positive regulation of focal adhesion assembly", "negative regulation of focal adhesion assembly", 
        "regulation of protein kinase B signaling", "positive regulation of protein kinase B signaling", 
        "regulation of calcium ion transport", "positive regulation of calcium ion transport", 
        "regulation of nervous system development", "negative regulation of nervous system development", 
        "positive regulation of nervous system development", "movement in host environment", 
        "modulation by symbiont of entry into host", "regulation of peptidase activity", 
        "regulation of endopeptidase activity", "recycling endosome membrane", 
        "metal ion homeostasis", "calcium ion homeostasis", "cation homeostasis", 
        "cellular chemical homeostasis", "transmembrane transport", 
        "lipid homeostasis", "sterol homeostasis", "response to lipoprotein particle", 
        "molecular transducer activity", "maternal process involved in female pregnancy", 
        "cytoplasmic vesicle lumen", "anatomical structure homeostasis", 
        "regulation of macromolecule metabolic process", "regulation of cell development", 
        "cell chemotaxis", "interferon-gamma-mediated signaling pathway", 
        "regulation of cellular localization", "cytosolic calcium ion transport", 
        "calcium ion transport into cytosol", "epithelium development", 
        "negative regulation of cell death", "developmental growth involved in morphogenesis", 
        "epithelial tube morphogenesis", "regulation of vesicle-mediated transport", 
        "regulation of response to cytokine stimulus", "negative regulation of response to cytokine stimulus", 
        "positive regulation of macrophage cytokine production", 
        "coronary vasculature morphogenesis", "coronary artery morphogenesis", 
        "membrane organization", "establishment of endothelial barrier", 
        "regulation of wound healing", "negative regulation of wound healing", 
        "positive regulation of myeloid leukocyte cytokine production involved in immune response", 
        "peptidase regulator activity", "endopeptidase regulator activity", 
        "regulation of proteasomal protein catabolic process", "morphogenesis of a branching epithelium", 
        "regulation of extent of cell growth", "response to caloric restriction", 
        "process utilizing autophagic mechanism", "regulation of small molecule metabolic process", 
        "positive regulation of small molecule metabolic process", 
        "collagen-containing extracellular matrix", "cellular response to chemical stress", 
        "regulation of pattern recognition receptor signaling pathway", 
        "positive regulation of pattern recognition receptor signaling pathway", 
        "protein-containing complex assembly", "protein-lipid complex assembly", 
        "biological regulation", "regulation of biological quality", 
        "regulation of molecular function", "intracellular organelle lumen", 
        "extracellular exosome", "chemokine-mediated signaling pathway", 
        "anchoring junction", "regulation of biomineral tissue development", 
        "negative regulation of biomineral tissue development", "regulation of establishment of protein localization", 
        "protein trimerization", "regulation of lymphocyte apoptotic process", 
        "negative regulation of lymphocyte apoptotic process", "necrotic cell death", 
        "necroptotic process", "sarcoplasmic reticulum calcium ion transport", 
        "regulation of stress-activated protein kinase signaling cascade", 
        "lipoprotein particle receptor binding", "response to bacterial lipopeptide", 
        "regulation of ERK1 and ERK2 cascade", "positive regulation of ERK1 and ERK2 cascade", 
        "response to lipoteichoic acid", "response to oxygen levels", 
        "oligosaccharide binding", "interleukin-1-mediated signaling pathway", 
        "response to interleukin-1", "calcium ion transmembrane transport", 
        "protein modification by small protein removal", "protein modification by small protein conjugation or removal", 
        "regulation of leukocyte proliferation", "negative regulation of leukocyte proliferation", 
        "positive regulation of leukocyte proliferation", "response to interleukin-12", 
        "response to cholesterol", "cellular macromolecule localization", 
        "tertiary granule membrane", "bicellular tight junction assembly", 
        "response to growth factor", "growth factor receptor binding", 
        "cellular response to chemical stimulus", "cellular response to biotic stimulus", 
        "cellular response to molecule of bacterial origin", "cellular response to bacterial lipoprotein", 
        "cellular response to bacterial lipopeptide", "cellular response to lipopolysaccharide", 
        "cellular response to lipoteichoic acid", "cellular response to organic substance", 
        "cellular response to carbohydrate stimulus", "cellular response to monosaccharide stimulus", 
        "cellular response to hexose stimulus", "cellular response to glucose stimulus", 
        "cellular response to cytokine stimulus", "cellular response to interferon-gamma", 
        "cellular response to interleukin-1", "cellular response to interleukin-12", 
        "cellular response to growth factor stimulus", "cellular response to lipid", 
        "cellular response to lipoprotein particle stimulus", "cellular response to low-density lipoprotein particle stimulus", 
        "cellular response to organic cyclic compound", "cellular response to organonitrogen compound", 
        "cellular response to endogenous stimulus", "semaphorin-plexin signaling pathway", 
        "integral component of lumenal side of endoplasmic reticulum membrane", 
        "granulocyte chemotaxis", "regulation of transforming growth factor beta production", 
        "mononuclear cell migration", "regulation of mononuclear cell migration", 
        "positive regulation of mononuclear cell migration", "commissural neuron axon guidance", 
        "organic substance transport", "organic substance metabolic process", 
        "nitrogen compound transport", "lipopeptide binding", "response to diacyl bacterial lipopeptide", 
        "response to triacyl bacterial lipopeptide", "cellular response to diacyl bacterial lipopeptide", 
        "cellular response to triacyl bacterial lipopeptide", "response to fibroblast growth factor", 
        "lipoprotein particle binding", "protein-lipid complex binding", 
        "protein-lipid complex subunit organization", "plasma lipoprotein particle organization", 
        "triglyceride-rich lipoprotein particle clearance", "cellular component organization or biogenesis", 
        "regulation of protein serine/threonine kinase activity", 
        "negative regulation of protein serine/threonine kinase activity", 
        "positive regulation of protein serine/threonine kinase activity", 
        "cell periphery", "nephron epithelium development", "glomerular epithelium development", 
        "glomerular endothelium development", "kidney epithelium development", 
        "monocarboxylic acid biosynthetic process", "modified amino acid binding", 
        "cellular divalent inorganic cation homeostasis", "divalent inorganic cation homeostasis", 
        "protein localization to membrane", "neutrophil extravasation", 
        "lymphocyte migration", "T cell migration", "T cell extravasation", 
        "positive regulation by symbiont of entry into host", "regulation of primary metabolic process", 
        "regulation of response to stress", "regulation of cellular response to stress", 
        "regulation of nitric oxide metabolic process", "protein binding involved in heterotypic cell-cell adhesion", 
        "regulation of cell migration involved in sprouting angiogenesis", 
        "positive regulation of cell migration involved in sprouting angiogenesis", 
        "regulation of peptide transport", "regulation of transmembrane receptor protein serine/threonine kinase signaling pathway", 
        "negative regulation of transmembrane receptor protein serine/threonine kinase signaling pathway", 
        "regulation of cell-substrate junction assembly", "regulation of cholesterol metabolic process", 
        "regulation of triglyceride metabolic process", "negative regulation of triglyceride metabolic process", 
        "regulation of retinal ganglion cell axon guidance", "regulation of cellular response to growth factor stimulus", 
        "positive regulation of wound healing", "nucleic acid metabolic process", 
        "regulation of protein targeting to membrane", "positive regulation of protein targeting to membrane", 
        "positive regulation of intracellular protein transport", 
        "regulation of superoxide metabolic process", "endothelial cell-matrix adhesion", 
        "dendritic cell differentiation", "organic cyclic compound binding", 
        "apoptotic signaling pathway", "amyloid-beta clearance", 
        "programmed necrotic cell death", "response to alcohol", 
        "carbohydrate derivative binding", "supramolecular fiber organization", 
        "motor neuron migration", "neuron projection guidance", "myeloid leukocyte migration", 
        "granulocyte migration", "calcium ion transmembrane import into cytosol", 
        "intracellular vesicle", "defense response to other organism", 
        "side of membrane", "bounding membrane of organelle", "plasma membrane region", 
        "cell-cell adhesion", "cell adhesion mediator activity", 
        "cell-cell adhesion mediator activity", "protein complex involved in cell adhesion", 
        "cation transmembrane transport", "inorganic ion transmembrane transport", 
        "inorganic cation transmembrane transport", "cell-cell adhesion via plasma-membrane adhesion molecules", 
        "inorganic ion homeostasis", "molecular function regulator", 
        "membrane protein complex", "plasma membrane protein complex", 
        "plasma membrane signaling receptor complex", "lytic vacuole membrane", 
        "membrane microdomain", "plasma membrane invagination", "supramolecular complex", 
        "supramolecular polymer", "secretory vesicle", "supramolecular fiber", 
        "polymeric cytoskeletal fiber", "cytoplasmic region", "ficolin-1-rich granule membrane", 
        "regulation of biomineralization", "negative regulation of biomineralization", 
        "cellular anatomical entity", "intermembrane lipid transfer", 
        "lipid transfer activity", "sterol transfer activity", "cholesterol transfer activity", 
        "plasma membrane bounded cell projection", "regulation of plasma membrane bounded cell projection organization", 
        "plasma membrane bounded cell projection morphogenesis", 
        "regulation of cold-induced thermogenesis", "tight junction assembly", 
        "tight junction organization", "cellular response to oxidised low-density lipoprotein particle stimulus", 
        "catalytic activity, acting on a protein", "exogenous protein binding", 
        "export from cell", "immune receptor activity", "regulation of neuroinflammatory response", 
        "negative regulation of neuroinflammatory response", "amyloid-beta clearance by transcytosis", 
        "regulation of protein localization to cell-cell junction", 
        "positive regulation of protein localization to cell-cell junction", 
        "cell-substrate junction organization", "regulation of cell-substrate junction organization", 
        "positive regulation of cell-substrate junction organization", 
        "negative regulation of cell-substrate junction organization", 
        "regulation of hemostasis", "negative regulation of hemostasis", 
        "positive regulation of hemostasis", "regulation of amyloid-beta clearance", 
        "positive regulation of amyloid-beta clearance", "regulation of NLRP3 inflammasome complex assembly", 
        "positive regulation of NLRP3 inflammasome complex assembly", 
        "regulation of cellular response to oxidative stress", "carbohydrate derivative metabolic process", 
        "carbohydrate derivative catabolic process", "regulation of ERBB signaling pathway", 
        "regulation of neuron death", "negative regulation of neuron death", 
        "positive regulation of neuron death", "regulation of NIK/NF-kappaB signaling", 
        "positive regulation of NIK/NF-kappaB signaling", "regulation of vasculature development", 
        "organic cyclic compound metabolic process", "heterocyclic compound binding", 
        "organonitrogen compound metabolic process", "organonitrogen compound catabolic process", 
        "organonitrogen compound biosynthetic process", "organic substance catabolic process", 
        "organic substance biosynthetic process", "organic hydroxy compound metabolic process", 
        "response to peptide", "cellular response to peptide", "response to ketone", 
        "cellular response to ketone", "sulfur compound binding", 
        "response to nitrogen compound", "cellular response to nitrogen compound", 
        "response to oxygen-containing compound", "cellular response to oxygen-containing compound", 
        "regulation of signal transduction by p53 class mediator", 
        "negative regulation of signal transduction by p53 class mediator", 
        "regulation of cell junction assembly", "negative regulation of cell junction assembly", 
        "positive regulation of cell junction assembly", "regulation of amyloid-beta formation", 
        "regulation of leukocyte differentiation", "positive regulation of leukocyte differentiation", 
        "regulation of intrinsic apoptotic signaling pathway in response to DNA damage by p53 class mediator", 
        "negative regulation of intrinsic apoptotic signaling pathway in response to DNA damage by p53 class mediator", 
        "regulation of intrinsic apoptotic signaling pathway in response to DNA damage", 
        "negative regulation of intrinsic apoptotic signaling pathway in response to DNA damage", 
        "regulation of intrinsic apoptotic signaling pathway by p53 class mediator", 
        "negative regulation of intrinsic apoptotic signaling pathway by p53 class mediator", 
        "neuron projection extension involved in neuron projection guidance", 
        "positive regulation of retinal ganglion cell axon guidance", 
        "negative regulation of amyloid-beta formation", "regulation of intracellular signal transduction", 
        "negative regulation of intracellular signal transduction", 
        "positive regulation of intracellular signal transduction", 
        "regulation of neutrophil activation", "positive regulation of neutrophil activation", 
        "regulation of neutrophil migration", "positive regulation of neutrophil migration", 
        "secondary alcohol metabolic process", "regulation of axon guidance", 
        "positive regulation of axon guidance", "negative regulation of RNA biosynthetic process", 
        "positive regulation of RNA biosynthetic process", "regulation of response to oxidative stress", 
        "regulation of supramolecular fiber organization", "negative regulation of supramolecular fiber organization", 
        "regulation of amyloid precursor protein catabolic process", 
        "negative regulation of amyloid precursor protein catabolic process", 
        "regulation of response to wounding", "negative regulation of response to wounding", 
        "positive regulation of response to wounding", "regulation of leukocyte cell-cell adhesion", 
        "negative regulation of leukocyte cell-cell adhesion", "positive regulation of leukocyte cell-cell adhesion", 
        "regulation of proteolysis involved in cellular protein catabolic process", 
        "mononuclear cell differentiation", "regulation of regulated secretory pathway", 
        "negative regulation of regulated secretory pathway", "positive regulation of regulated secretory pathway", 
        "regulation of cellular protein catabolic process", "positive regulation of cellular protein catabolic process", 
        "regulation of reactive oxygen species biosynthetic process", 
        "positive regulation of reactive oxygen species biosynthetic process", 
        "regulation of nucleic acid-templated transcription", "negative regulation of nucleic acid-templated transcription", 
        "positive regulation of nucleic acid-templated transcription", 
        "mucopolysaccharide metabolic process", "release of sequestered calcium ion into cytosol by endoplasmic reticulum", 
        "regulation of secretion by cell", "negative regulation of secretion by cell", 
        "positive regulation of secretion by cell", "regulation of protein targeting", 
        "regulation of tumor necrosis factor superfamily cytokine production", 
        "negative regulation of tumor necrosis factor superfamily cytokine production", 
        "positive regulation of tumor necrosis factor superfamily cytokine production", 
        "extracellular vesicle", "regulation of hemopoiesis", "positive regulation of hemopoiesis", 
        "negative regulation of anion transport", "positive regulation of anion transport", 
        "regulation of cellular protein localization", "positive regulation of cellular protein localization", 
        "regulation of cellular response to transforming growth factor beta stimulus", 
        "regulation of viral life cycle", "positive regulation of viral life cycle", 
        "positive regulation of vasculature development", "regulation of epithelial cell apoptotic process", 
        "positive regulation of epithelial cell apoptotic process", 
        "regulation of cation transmembrane transport", "regulation of protein localization to cell periphery", 
        "positive regulation of nitric oxide metabolic process", 
        "response to amyloid-beta", "cellular response to amyloid-beta", 
        "regulation of receptor signaling pathway via STAT", "positive regulation of receptor signaling pathway via STAT", 
        "positive regulation of establishment of protein localization", 
        "regulation of leukocyte adhesion to vascular endothelial cell", 
        "positive regulation of leukocyte adhesion to vascular endothelial cell", 
        "regulation of protein localization to membrane", "positive regulation of protein localization to membrane", 
        "regulation of amyloid fibril formation", "negative regulation of amyloid fibril formation", 
        "regulation of lipid localization", "positive regulation of lipid localization", 
        "neuron projection extension", "neutrophil migration", "lipoprotein particle", 
        "regulation of multicellular organismal development", "regulation of leukocyte apoptotic process", 
        "negative regulation of leukocyte apoptotic process", "regulation of cellular macromolecule biosynthetic process", 
        "negative regulation of cellular macromolecule biosynthetic process", 
        "regulation of cysteine-type endopeptidase activity", "negative regulation of cysteine-type endopeptidase activity", 
        "regulation of cell motility", "negative regulation of cell motility", 
        "positive regulation of cell motility", "positive regulation of signaling receptor activity", 
        "regulation of chemokine (C-X-C motif) ligand 2 production", 
        "positive regulation of chemokine (C-X-C motif) ligand 2 production", 
        "regulation of endothelial cell apoptotic process", "positive regulation of endothelial cell apoptotic process", 
        "regulation of prostaglandin-E synthase activity", "positive regulation of prostaglandin-E synthase activity", 
        "regulation of reactive oxygen species metabolic process", 
        "positive regulation of reactive oxygen species metabolic process", 
        "regulation of neutrophil extravasation", "positive regulation of neutrophil extravasation", 
        "regulation of T-helper 1 cell cytokine production", "positive regulation of T-helper 1 cell cytokine production", 
        "regulation of interleukin-1-mediated signaling pathway", 
        "negative regulation of interleukin-1-mediated signaling pathway", 
        "regulation of response to DNA damage stimulus", "negative regulation of response to DNA damage stimulus", 
        "regulation of integrin-mediated signaling pathway", "regulation of RNA biosynthetic process", 
        "regulation of T cell activation via T cell receptor contact with antigen bound to MHC molecule on antigen presenting cell", 
        "regulation of dendritic cell differentiation", "regulation of apoptotic signaling pathway", 
        "negative regulation of apoptotic signaling pathway", "regulation of extrinsic apoptotic signaling pathway", 
        "negative regulation of extrinsic apoptotic signaling pathway", 
        "regulation of intrinsic apoptotic signaling pathway", "negative regulation of intrinsic apoptotic signaling pathway", 
        "regulation of store-operated calcium entry"), VALUE_BIS = c("GO:0000122", 
        "GO:0000139", "GO:0000149", "GO:0000165", "GO:0000323", "GO:0000902", 
        "GO:0000904", "GO:0001516", "GO:0001523", "GO:0001525", "GO:0001530", 
        "GO:0001540", "GO:0001558", "GO:0001568", "GO:0001569", "GO:0001570", 
        "GO:0001618", "GO:0001666", "GO:0001667", "GO:0001678", "GO:0001701", 
        "GO:0001755", "GO:0001763", "GO:0001764", "GO:0001773", "GO:0001774", 
        "GO:0001775", "GO:0001786", "GO:0001816", "GO:0001817", "GO:0001818", 
        "GO:0001819", "GO:0001846", "GO:0001848", "GO:0001851", "GO:0001885", 
        "GO:0001886", "GO:0001894", "GO:0001910", "GO:0001911", "GO:0001912", 
        "GO:0001914", "GO:0001916", "GO:0001932", "GO:0001933", "GO:0001934", 
        "GO:0001936", "GO:0001938", "GO:0001947", "GO:0001952", "GO:0001953", 
        "GO:0001954", "GO:0001959", "GO:0001960", "GO:0001968", "GO:0001972", 
        "GO:0002009", "GO:0002020", "GO:0002040", "GO:0002042", "GO:0002064", 
        "GO:0002221", "GO:0002224", "GO:0002237", "GO:0002250", "GO:0002252", 
        "GO:0002253", "GO:0002263", "GO:0002265", "GO:0002274", "GO:0002275", 
        "GO:0002281", "GO:0002283", "GO:0002285", "GO:0002312", "GO:0002313", 
        "GO:0002317", "GO:0002335", "GO:0002366", "GO:0002376", "GO:0002407", 
        "GO:0002428", "GO:0002429", "GO:0002474", "GO:0002475", "GO:0002477", 
        "GO:0002478", "GO:0002479", "GO:0002480", "GO:0002483", "GO:0002507", 
        "GO:0002519", "GO:0002521", "GO:0002523", "GO:0002526", "GO:0002532", 
        "GO:0002573", "GO:0002576", "GO:0002643", "GO:0002664", "GO:0002682", 
        "GO:0002683", "GO:0002684", "GO:0002685", "GO:0002687", "GO:0002688", 
        "GO:0002690", "GO:0002691", "GO:0002693", "GO:0002694", "GO:0002695", 
        "GO:0002696", "GO:0002697", "GO:0002698", "GO:0002699", "GO:0002700", 
        "GO:0002701", "GO:0002702", "GO:0002703", "GO:0002704", "GO:0002705", 
        "GO:0002706", "GO:0002707", "GO:0002708", "GO:0002709", "GO:0002710", 
        "GO:0002711", "GO:0002715", "GO:0002716", "GO:0002718", "GO:0002719", 
        "GO:0002720", "GO:0002724", "GO:0002726", "GO:0002755", "GO:0002756", 
        "GO:0002757", "GO:0002761", "GO:0002764", "GO:0002768", "GO:0002791", 
        "GO:0002819", "GO:0002820", "GO:0002821", "GO:0002822", "GO:0002823", 
        "GO:0002824", "GO:0002825", "GO:0002827", "GO:0002831", "GO:0002832", 
        "GO:0002833", "GO:0002834", "GO:0002837", "GO:0002886", "GO:0002887", 
        "GO:0002888", "GO:0002902", "GO:0002903", "GO:0002905", "GO:0002906", 
        "GO:0002920", "GO:0002921", "GO:0003006", "GO:0003008", "GO:0003143", 
        "GO:0003158", "GO:0003382", "GO:0003674", "GO:0003676", "GO:0003677", 
        "GO:0003723", "GO:0003823", "GO:0003824", "GO:0004175", "GO:0004252", 
        "GO:0004857", "GO:0004866", "GO:0004867", "GO:0004888", "GO:0005080", 
        "GO:0005102", "GO:0005126", "GO:0005149", "GO:0005178", "GO:0005215", 
        "GO:0005319", "GO:0005488", "GO:0005501", "GO:0005509", "GO:0005515", 
        "GO:0005518", "GO:0005534", "GO:0005539", "GO:0005540", "GO:0005543", 
        "GO:0005544", "GO:0005548", "GO:0005575", "GO:0005576", "GO:0005581", 
        "GO:0005615", "GO:0005622", "GO:0005634", "GO:0005654", "GO:0005737", 
        "GO:0005764", "GO:0005765", "GO:0005768", "GO:0005769", "GO:0005773", 
        "GO:0005774", "GO:0005775", "GO:0005783", "GO:0005788", "GO:0005789", 
        "GO:0005794", "GO:0005829", "GO:0005886", "GO:0005887", "GO:0005905", 
        "GO:0005911", "GO:0005925", "GO:0006022", "GO:0006026", "GO:0006027", 
        "GO:0006066", "GO:0006082", "GO:0006139", "GO:0006355", "GO:0006357", 
        "GO:0006464", "GO:0006469", "GO:0006508", "GO:0006629", "GO:0006631", 
        "GO:0006633", "GO:0006636", "GO:0006690", "GO:0006692", "GO:0006693", 
        "GO:0006720", "GO:0006721", "GO:0006725", "GO:0006807", "GO:0006810", 
        "GO:0006811", "GO:0006812", "GO:0006816", "GO:0006820", "GO:0006869", 
        "GO:0006873", "GO:0006874", "GO:0006875", "GO:0006886", "GO:0006887", 
        "GO:0006897", "GO:0006898", "GO:0006909", "GO:0006911", "GO:0006914", 
        "GO:0006915", "GO:0006928", "GO:0006935", "GO:0006950", "GO:0006952", 
        "GO:0006953", "GO:0006954", "GO:0006955", "GO:0006956", "GO:0006958", 
        "GO:0006959", "GO:0006979", "GO:0006996", "GO:0007034", "GO:0007041", 
        "GO:0007043", "GO:0007044", "GO:0007154", "GO:0007155", "GO:0007156", 
        "GO:0007159", "GO:0007160", "GO:0007161", "GO:0007162", "GO:0007165", 
        "GO:0007166", "GO:0007167", "GO:0007169", "GO:0007178", "GO:0007179", 
        "GO:0007186", "GO:0007204", "GO:0007219", "GO:0007229", "GO:0007249", 
        "GO:0007264", "GO:0007265", "GO:0007266", "GO:0007267", "GO:0007275", 
        "GO:0007389", "GO:0007399", "GO:0007409", "GO:0007411", "GO:0007565", 
        "GO:0007568", "GO:0007596", "GO:0007599", "GO:0007600", "GO:0007610", 
        "GO:0007611", "GO:0007613", "GO:0007616", "GO:0008035", "GO:0008037", 
        "GO:0008045", "GO:0008104", "GO:0008150", "GO:0008152", "GO:0008201", 
        "GO:0008202", "GO:0008203", "GO:0008219", "GO:0008233", "GO:0008236", 
        "GO:0008283", "GO:0008284", "GO:0008285", "GO:0008289", "GO:0008305", 
        "GO:0008354", "GO:0008360", "GO:0008525", "GO:0008610", "GO:0009056", 
        "GO:0009057", "GO:0009058", "GO:0009059", "GO:0009314", "GO:0009605", 
        "GO:0009607", "GO:0009611", "GO:0009612", "GO:0009615", "GO:0009617", 
        "GO:0009620", "GO:0009628", "GO:0009653", "GO:0009719", "GO:0009725", 
        "GO:0009743", "GO:0009746", "GO:0009749", "GO:0009790", "GO:0009792", 
        "GO:0009887", "GO:0009888", "GO:0009889", "GO:0009890", "GO:0009891", 
        "GO:0009892", "GO:0009893", "GO:0009894", "GO:0009895", "GO:0009896", 
        "GO:0009897", "GO:0009966", "GO:0009967", "GO:0009968", "GO:0009986", 
        "GO:0009987", "GO:0009991", "GO:0010008", "GO:0010033", "GO:0010035", 
        "GO:0010243", "GO:0010324", "GO:0010466", "GO:0010467", "GO:0010468", 
        "GO:0010469", "GO:0010506", "GO:0010507", "GO:0010556", "GO:0010557", 
        "GO:0010558", "GO:0010562", "GO:0010563", "GO:0010564", "GO:0010594", 
        "GO:0010595", "GO:0010604", "GO:0010605", "GO:0010628", "GO:0010629", 
        "GO:0010631", "GO:0010632", "GO:0010634", "GO:0010638", "GO:0010646", 
        "GO:0010647", "GO:0010648", "GO:0010712", "GO:0010720", "GO:0010721", 
        "GO:0010762", "GO:0010763", "GO:0010810", "GO:0010811", "GO:0010812", 
        "GO:0010874", "GO:0010875", "GO:0010911", "GO:0010912", "GO:0010935", 
        "GO:0010941", "GO:0010942", "GO:0010948", "GO:0010951", "GO:0010959", 
        "GO:0010975", "GO:0010977", "GO:0012501", "GO:0012506", "GO:0012507", 
        "GO:0014002", "GO:0014013", "GO:0014015", "GO:0014070", "GO:0014808", 
        "GO:0014910", "GO:0015031", "GO:0015248", "GO:0015748", "GO:0015833", 
        "GO:0015849", "GO:0015850", "GO:0015914", "GO:0015918", "GO:0016020", 
        "GO:0016021", "GO:0016032", "GO:0016042", "GO:0016043", "GO:0016049", 
        "GO:0016053", "GO:0016070", "GO:0016071", "GO:0016101", "GO:0016125", 
        "GO:0016192", "GO:0016324", "GO:0016477", "GO:0016579", "GO:0016787", 
        "GO:0017015", "GO:0017157", "GO:0017171", "GO:0019216", "GO:0019218", 
        "GO:0019219", "GO:0019220", "GO:0019221", "GO:0019222", "GO:0019538", 
        "GO:0019722", "GO:0019725", "GO:0019752", "GO:0019838", "GO:0019840", 
        "GO:0019882", "GO:0019883", "GO:0019884", "GO:0019899", "GO:0019900", 
        "GO:0019901", "GO:0019904", "GO:0019932", "GO:0019955", "GO:0019956", 
        "GO:0019966", "GO:0021782", "GO:0022407", "GO:0022408", "GO:0022409", 
        "GO:0022411", "GO:0022412", "GO:0022414", "GO:0022600", "GO:0022603", 
        "GO:0022604", "GO:0022607", "GO:0022610", "GO:0022617", "GO:0023051", 
        "GO:0023052", "GO:0023056", "GO:0023057", "GO:0030001", "GO:0030003", 
        "GO:0030030", "GO:0030054", "GO:0030055", "GO:0030098", "GO:0030099", 
        "GO:0030100", "GO:0030101", "GO:0030111", "GO:0030135", "GO:0030141", 
        "GO:0030154", "GO:0030155", "GO:0030162", "GO:0030163", "GO:0030169", 
        "GO:0030176", "GO:0030183", "GO:0030193", "GO:0030194", "GO:0030195", 
        "GO:0030198", "GO:0030203", "GO:0030234", "GO:0030246", "GO:0030278", 
        "GO:0030279", "GO:0030301", "GO:0030307", "GO:0030308", "GO:0030312", 
        "GO:0030326", "GO:0030334", "GO:0030335", "GO:0030336", "GO:0030369", 
        "GO:0030395", "GO:0030414", "GO:0030424", "GO:0030426", "GO:0030427", 
        "GO:0030449", "GO:0030485", "GO:0030500", "GO:0030502", "GO:0030512", 
        "GO:0030516", "GO:0030517", "GO:0030593", "GO:0030595", "GO:0030658", 
        "GO:0030659", "GO:0030662", "GO:0030665", "GO:0030666", "GO:0030667", 
        "GO:0030669", "GO:0030670", "GO:0030855", "GO:0030888", "GO:0030890", 
        "GO:0031012", "GO:0031072", "GO:0031090", "GO:0031092", "GO:0031210", 
        "GO:0031224", "GO:0031226", "GO:0031227", "GO:0031253", "GO:0031256", 
        "GO:0031290", "GO:0031294", "GO:0031295", "GO:0031300", "GO:0031301", 
        "GO:0031323", "GO:0031324", "GO:0031325", "GO:0031326", "GO:0031327", 
        "GO:0031328", "GO:0031329", "GO:0031330", "GO:0031331", "GO:0031334", 
        "GO:0031341", "GO:0031342", "GO:0031343", "GO:0031344", "GO:0031345", 
        "GO:0031346", "GO:0031347", "GO:0031348", "GO:0031349", "GO:0031399", 
        "GO:0031400", "GO:0031401", "GO:0031406", "GO:0031410", "GO:0031589", 
        "GO:0031623", "GO:0031663", "GO:0031667", "GO:0031901", "GO:0031960", 
        "GO:0031974", "GO:0031982", "GO:0031983", "GO:0032091", "GO:0032092", 
        "GO:0032101", "GO:0032102", "GO:0032103", "GO:0032147", "GO:0032268", 
        "GO:0032269", "GO:0032270", "GO:0032368", "GO:0032370", "GO:0032371", 
        "GO:0032373", "GO:0032374", "GO:0032376", "GO:0032386", "GO:0032388", 
        "GO:0032479", "GO:0032481", "GO:0032489", "GO:0032493", "GO:0032496", 
        "GO:0032501", "GO:0032502", "GO:0032587", "GO:0032588", "GO:0032611", 
        "GO:0032612", "GO:0032642", "GO:0032645", "GO:0032647", "GO:0032648", 
        "GO:0032649", "GO:0032652", "GO:0032653", "GO:0032655", "GO:0032661", 
        "GO:0032673", "GO:0032675", "GO:0032677", "GO:0032680", "GO:0032685", 
        "GO:0032689", "GO:0032701", "GO:0032720", "GO:0032722", "GO:0032728", 
        "GO:0032729", "GO:0032732", "GO:0032733", "GO:0032735", "GO:0032753", 
        "GO:0032755", "GO:0032757", "GO:0032760", "GO:0032787", "GO:0032872", 
        "GO:0032879", "GO:0032880", "GO:0032928", "GO:0032930", "GO:0032940", 
        "GO:0032944", "GO:0032945", "GO:0032946", "GO:0032989", "GO:0032990", 
        "GO:0032991", "GO:0032994", "GO:0033003", "GO:0033004", "GO:0033006", 
        "GO:0033007", "GO:0033036", "GO:0033043", "GO:0033135", "GO:0033138", 
        "GO:0033157", "GO:0033209", "GO:0033218", "GO:0033238", "GO:0033239", 
        "GO:0033293", "GO:0033344", "GO:0033500", "GO:0033554", "GO:0033559", 
        "GO:0033627", "GO:0033631", "GO:0033673", "GO:0033674", "GO:0033700", 
        "GO:0033993", "GO:0034097", "GO:0034103", "GO:0034109", "GO:0034110", 
        "GO:0034112", "GO:0034113", "GO:0034118", "GO:0034120", "GO:0034121", 
        "GO:0034122", "GO:0034123", "GO:0034127", "GO:0034128", "GO:0034142", 
        "GO:0034220", "GO:0034248", "GO:0034249", "GO:0034284", "GO:0034329", 
        "GO:0034330", "GO:0034341", "GO:0034358", "GO:0034362", "GO:0034377", 
        "GO:0034380", "GO:0034381", "GO:0034382", "GO:0034384", "GO:0034446", 
        "GO:0034612", "GO:0034613", "GO:0034641", "GO:0034645", "GO:0034687", 
        "GO:0034688", "GO:0034689", "GO:0034762", "GO:0034765", "GO:0034774", 
        "GO:0035023", "GO:0035107", "GO:0035108", "GO:0035113", "GO:0035239", 
        "GO:0035325", "GO:0035425", "GO:0035556", "GO:0035578", "GO:0035579", 
        "GO:0035633", "GO:0035666", "GO:0035696", "GO:0035728", "GO:0035729", 
        "GO:0035767", "GO:0035900", "GO:0035924", "GO:0035987", "GO:0036094", 
        "GO:0036211", "GO:0036230", "GO:0036293", "GO:0036314", "GO:0036336", 
        "GO:0038023", "GO:0038024", "GO:0038084", "GO:0038123", "GO:0038124", 
        "GO:0038187", "GO:0038189", "GO:0038190", "GO:0040007", "GO:0040008", 
        "GO:0040011", "GO:0040012", "GO:0040013", "GO:0040017", "GO:0042053", 
        "GO:0042058", "GO:0042060", "GO:0042069", "GO:0042102", "GO:0042110", 
        "GO:0042113", "GO:0042116", "GO:0042119", "GO:0042127", "GO:0042129", 
        "GO:0042130", "GO:0042157", "GO:0042158", "GO:0042159", "GO:0042176", 
        "GO:0042221", "GO:0042269", "GO:0042277", "GO:0042325", "GO:0042326", 
        "GO:0042327", "GO:0042330", "GO:0042383", "GO:0042493", "GO:0042509", 
        "GO:0042531", "GO:0042590", "GO:0042592", "GO:0042593", "GO:0042611", 
        "GO:0042612", "GO:0042632", "GO:0042730", "GO:0042742", "GO:0042802", 
        "GO:0042803", "GO:0042886", "GO:0042981", "GO:0042995", "GO:0043005", 
        "GO:0043009", "GO:0043011", "GO:0043025", "GO:0043030", "GO:0043062", 
        "GO:0043065", "GO:0043066", "GO:0043067", "GO:0043068", "GO:0043069", 
        "GO:0043085", "GO:0043086", "GO:0043112", "GO:0043113", "GO:0043122", 
        "GO:0043123", "GO:0043154", "GO:0043167", "GO:0043168", "GO:0043169", 
        "GO:0043170", "GO:0043177", "GO:0043207", "GO:0043226", "GO:0043227", 
        "GO:0043228", "GO:0043229", "GO:0043230", "GO:0043231", "GO:0043232", 
        "GO:0043233", "GO:0043235", "GO:0043236", "GO:0043254", "GO:0043269", 
        "GO:0043270", "GO:0043271", "GO:0043281", "GO:0043292", "GO:0043299", 
        "GO:0043300", "GO:0043301", "GO:0043302", "GO:0043304", "GO:0043305", 
        "GO:0043312", "GO:0043313", "GO:0043315", "GO:0043393", "GO:0043394", 
        "GO:0043405", "GO:0043406", "GO:0043407", "GO:0043408", "GO:0043409", 
        "GO:0043410", "GO:0043412", "GO:0043434", "GO:0043436", "GO:0043516", 
        "GO:0043518", "GO:0043534", "GO:0043535", "GO:0043536", "GO:0043542", 
        "GO:0043549", "GO:0043687", "GO:0043691", "GO:0043903", "GO:0043933", 
        "GO:0044057", "GO:0044070", "GO:0044087", "GO:0044089", "GO:0044092", 
        "GO:0044093", "GO:0044237", "GO:0044238", "GO:0044242", "GO:0044248", 
        "GO:0044249", "GO:0044255", "GO:0044260", "GO:0044267", "GO:0044271", 
        "GO:0044281", "GO:0044283", "GO:0044291", "GO:0044297", "GO:0044319", 
        "GO:0044344", "GO:0044403", "GO:0044409", "GO:0044419", "GO:0044703", 
        "GO:0044706", "GO:0044853", "GO:0044877", "GO:0045055", "GO:0045056", 
        "GO:0045087", "GO:0045088", "GO:0045089", "GO:0045121", "GO:0045123", 
        "GO:0045124", "GO:0045177", "GO:0045184", "GO:0045202", "GO:0045216", 
        "GO:0045229", "GO:0045321", "GO:0045428", "GO:0045429", "GO:0045445", 
        "GO:0045580", "GO:0045582", "GO:0045595", "GO:0045596", "GO:0045597", 
        "GO:0045619", "GO:0045621", "GO:0045637", "GO:0045670", "GO:0045685", 
        "GO:0045687", "GO:0045732", "GO:0045765", "GO:0045766", "GO:0045773", 
        "GO:0045785", "GO:0045786", "GO:0045807", "GO:0045824", "GO:0045833", 
        "GO:0045834", "GO:0045859", "GO:0045860", "GO:0045861", "GO:0045862", 
        "GO:0045892", "GO:0045893", "GO:0045914", "GO:0045916", "GO:0045920", 
        "GO:0045921", "GO:0045926", "GO:0045927", "GO:0045934", "GO:0045935", 
        "GO:0045936", "GO:0045937", "GO:0045944", "GO:0045953", "GO:0045963", 
        "GO:0046394", "GO:0046425", "GO:0046427", "GO:0046456", "GO:0046457", 
        "GO:0046483", "GO:0046578", "GO:0046580", "GO:0046596", "GO:0046598", 
        "GO:0046624", "GO:0046634", "GO:0046635", "GO:0046640", "GO:0046641", 
        "GO:0046649", "GO:0046696", "GO:0046718", "GO:0046850", "GO:0046872", 
        "GO:0046889", "GO:0046890", "GO:0046903", "GO:0046907", "GO:0046914", 
        "GO:0046983", "GO:0048002", "GO:0048008", "GO:0048010", "GO:0048012", 
        "GO:0048029", "GO:0048030", "GO:0048143", "GO:0048145", "GO:0048146", 
        "GO:0048468", "GO:0048471", "GO:0048513", "GO:0048514", "GO:0048518", 
        "GO:0048519", "GO:0048522", "GO:0048523", "GO:0048524", "GO:0048534", 
        "GO:0048545", "GO:0048583", "GO:0048584", "GO:0048585", "GO:0048588", 
        "GO:0048589", "GO:0048598", "GO:0048609", "GO:0048638", "GO:0048639", 
        "GO:0048640", "GO:0048646", "GO:0048666", "GO:0048675", "GO:0048678", 
        "GO:0048729", "GO:0048731", "GO:0048732", "GO:0048754", "GO:0048812", 
        "GO:0048841", "GO:0048842", "GO:0048843", "GO:0048844", "GO:0048846", 
        "GO:0048856", "GO:0048858", "GO:0048869", "GO:0048870", "GO:0048878", 
        "GO:0050431", "GO:0050670", "GO:0050671", "GO:0050672", "GO:0050673", 
        "GO:0050678", "GO:0050679", "GO:0050708", "GO:0050727", "GO:0050728", 
        "GO:0050729", "GO:0050730", "GO:0050731", "GO:0050764", "GO:0050765", 
        "GO:0050766", "GO:0050767", "GO:0050768", "GO:0050769", "GO:0050770", 
        "GO:0050771", "GO:0050772", "GO:0050776", "GO:0050777", "GO:0050778", 
        "GO:0050789", "GO:0050790", "GO:0050792", "GO:0050793", "GO:0050794", 
        "GO:0050801", "GO:0050807", "GO:0050817", "GO:0050818", "GO:0050819", 
        "GO:0050820", "GO:0050839", "GO:0050840", "GO:0050851", "GO:0050852", 
        "GO:0050863", "GO:0050864", "GO:0050865", "GO:0050866", "GO:0050867", 
        "GO:0050868", "GO:0050870", "GO:0050871", "GO:0050877", "GO:0050878", 
        "GO:0050890", "GO:0050896", "GO:0050900", "GO:0050904", "GO:0050918", 
        "GO:0050920", "GO:0050921", "GO:0050922", "GO:0050997", "GO:0051046", 
        "GO:0051047", "GO:0051048", "GO:0051049", "GO:0051050", "GO:0051051", 
        "GO:0051056", "GO:0051058", "GO:0051090", "GO:0051091", "GO:0051092", 
        "GO:0051093", "GO:0051094", "GO:0051098", "GO:0051099", "GO:0051100", 
        "GO:0051128", "GO:0051129", "GO:0051130", "GO:0051171", "GO:0051172", 
        "GO:0051173", "GO:0051174", "GO:0051179", "GO:0051209", "GO:0051216", 
        "GO:0051222", "GO:0051223", "GO:0051234", "GO:0051235", "GO:0051239", 
        "GO:0051240", "GO:0051241", "GO:0051246", "GO:0051247", "GO:0051248", 
        "GO:0051249", "GO:0051250", "GO:0051251", "GO:0051252", "GO:0051253", 
        "GO:0051254", "GO:0051259", "GO:0051270", "GO:0051271", "GO:0051272", 
        "GO:0051282", "GO:0051283", "GO:0051336", "GO:0051338", "GO:0051345", 
        "GO:0051346", "GO:0051347", "GO:0051348", "GO:0051384", "GO:0051480", 
        "GO:0051641", "GO:0051649", "GO:0051651", "GO:0051668", "GO:0051701", 
        "GO:0051704", "GO:0051707", "GO:0051716", "GO:0051726", "GO:0051893", 
        "GO:0051894", "GO:0051895", "GO:0051896", "GO:0051897", "GO:0051924", 
        "GO:0051928", "GO:0051960", "GO:0051961", "GO:0051962", "GO:0052126", 
        "GO:0052372", "GO:0052547", "GO:0052548", "GO:0055038", "GO:0055065", 
        "GO:0055074", "GO:0055080", "GO:0055082", "GO:0055085", "GO:0055088", 
        "GO:0055092", "GO:0055094", "GO:0060089", "GO:0060135", "GO:0060205", 
        "GO:0060249", "GO:0060255", "GO:0060284", "GO:0060326", "GO:0060333", 
        "GO:0060341", "GO:0060401", "GO:0060402", "GO:0060429", "GO:0060548", 
        "GO:0060560", "GO:0060562", "GO:0060627", "GO:0060759", "GO:0060761", 
        "GO:0060907", "GO:0060977", "GO:0060982", "GO:0061024", "GO:0061028", 
        "GO:0061041", "GO:0061045", "GO:0061081", "GO:0061134", "GO:0061135", 
        "GO:0061136", "GO:0061138", "GO:0061387", "GO:0061771", "GO:0061919", 
        "GO:0062012", "GO:0062013", "GO:0062023", "GO:0062197", "GO:0062207", 
        "GO:0062208", "GO:0065003", "GO:0065005", "GO:0065007", "GO:0065008", 
        "GO:0065009", "GO:0070013", "GO:0070062", "GO:0070098", "GO:0070161", 
        "GO:0070167", "GO:0070168", "GO:0070201", "GO:0070206", "GO:0070228", 
        "GO:0070229", "GO:0070265", "GO:0070266", "GO:0070296", "GO:0070302", 
        "GO:0070325", "GO:0070339", "GO:0070372", "GO:0070374", "GO:0070391", 
        "GO:0070482", "GO:0070492", "GO:0070498", "GO:0070555", "GO:0070588", 
        "GO:0070646", "GO:0070647", "GO:0070663", "GO:0070664", "GO:0070665", 
        "GO:0070671", "GO:0070723", "GO:0070727", "GO:0070821", "GO:0070830", 
        "GO:0070848", "GO:0070851", "GO:0070887", "GO:0071216", "GO:0071219", 
        "GO:0071220", "GO:0071221", "GO:0071222", "GO:0071223", "GO:0071310", 
        "GO:0071322", "GO:0071326", "GO:0071331", "GO:0071333", "GO:0071345", 
        "GO:0071346", "GO:0071347", "GO:0071349", "GO:0071363", "GO:0071396", 
        "GO:0071402", "GO:0071404", "GO:0071407", "GO:0071417", "GO:0071495", 
        "GO:0071526", "GO:0071556", "GO:0071621", "GO:0071634", "GO:0071674", 
        "GO:0071675", "GO:0071677", "GO:0071679", "GO:0071702", "GO:0071704", 
        "GO:0071705", "GO:0071723", "GO:0071724", "GO:0071725", "GO:0071726", 
        "GO:0071727", "GO:0071774", "GO:0071813", "GO:0071814", "GO:0071825", 
        "GO:0071827", "GO:0071830", "GO:0071840", "GO:0071900", "GO:0071901", 
        "GO:0071902", "GO:0071944", "GO:0072009", "GO:0072010", "GO:0072011", 
        "GO:0072073", "GO:0072330", "GO:0072341", "GO:0072503", "GO:0072507", 
        "GO:0072657", "GO:0072672", "GO:0072676", "GO:0072678", "GO:0072683", 
        "GO:0075294", "GO:0080090", "GO:0080134", "GO:0080135", "GO:0080164", 
        "GO:0086080", "GO:0090049", "GO:0090050", "GO:0090087", "GO:0090092", 
        "GO:0090101", "GO:0090109", "GO:0090181", "GO:0090207", "GO:0090209", 
        "GO:0090259", "GO:0090287", "GO:0090303", "GO:0090304", "GO:0090313", 
        "GO:0090314", "GO:0090316", "GO:0090322", "GO:0090673", "GO:0097028", 
        "GO:0097159", "GO:0097190", "GO:0097242", "GO:0097300", "GO:0097305", 
        "GO:0097367", "GO:0097435", "GO:0097475", "GO:0097485", "GO:0097529", 
        "GO:0097530", "GO:0097553", "GO:0097708", "GO:0098542", "GO:0098552", 
        "GO:0098588", "GO:0098590", "GO:0098609", "GO:0098631", "GO:0098632", 
        "GO:0098636", "GO:0098655", "GO:0098660", "GO:0098662", "GO:0098742", 
        "GO:0098771", "GO:0098772", "GO:0098796", "GO:0098797", "GO:0098802", 
        "GO:0098852", "GO:0098857", "GO:0099024", "GO:0099080", "GO:0099081", 
        "GO:0099503", "GO:0099512", "GO:0099513", "GO:0099568", "GO:0101003", 
        "GO:0110149", "GO:0110150", "GO:0110165", "GO:0120009", "GO:0120013", 
        "GO:0120015", "GO:0120020", "GO:0120025", "GO:0120035", "GO:0120039", 
        "GO:0120161", "GO:0120192", "GO:0120193", "GO:0140052", "GO:0140096", 
        "GO:0140272", "GO:0140352", "GO:0140375", "GO:0150077", "GO:0150079", 
        "GO:0150093", "GO:0150106", "GO:0150107", "GO:0150115", "GO:0150116", 
        "GO:0150117", "GO:0150118", "GO:1900046", "GO:1900047", "GO:1900048", 
        "GO:1900221", "GO:1900223", "GO:1900225", "GO:1900227", "GO:1900407", 
        "GO:1901135", "GO:1901136", "GO:1901184", "GO:1901214", "GO:1901215", 
        "GO:1901216", "GO:1901222", "GO:1901224", "GO:1901342", "GO:1901360", 
        "GO:1901363", "GO:1901564", "GO:1901565", "GO:1901566", "GO:1901575", 
        "GO:1901576", "GO:1901615", "GO:1901652", "GO:1901653", "GO:1901654", 
        "GO:1901655", "GO:1901681", "GO:1901698", "GO:1901699", "GO:1901700", 
        "GO:1901701", "GO:1901796", "GO:1901797", "GO:1901888", "GO:1901889", 
        "GO:1901890", "GO:1902003", "GO:1902105", "GO:1902107", "GO:1902165", 
        "GO:1902166", "GO:1902229", "GO:1902230", "GO:1902253", "GO:1902254", 
        "GO:1902284", "GO:1902336", "GO:1902430", "GO:1902531", "GO:1902532", 
        "GO:1902533", "GO:1902563", "GO:1902565", "GO:1902622", "GO:1902624", 
        "GO:1902652", "GO:1902667", "GO:1902669", "GO:1902679", "GO:1902680", 
        "GO:1902882", "GO:1902903", "GO:1902904", "GO:1902991", "GO:1902992", 
        "GO:1903034", "GO:1903035", "GO:1903036", "GO:1903037", "GO:1903038", 
        "GO:1903039", "GO:1903050", "GO:1903131", "GO:1903305", "GO:1903306", 
        "GO:1903307", "GO:1903362", "GO:1903364", "GO:1903426", "GO:1903428", 
        "GO:1903506", "GO:1903507", "GO:1903508", "GO:1903510", "GO:1903514", 
        "GO:1903530", "GO:1903531", "GO:1903532", "GO:1903533", "GO:1903555", 
        "GO:1903556", "GO:1903557", "GO:1903561", "GO:1903706", "GO:1903708", 
        "GO:1903792", "GO:1903793", "GO:1903827", "GO:1903829", "GO:1903844", 
        "GO:1903900", "GO:1903902", "GO:1904018", "GO:1904035", "GO:1904037", 
        "GO:1904062", "GO:1904375", "GO:1904407", "GO:1904645", "GO:1904646", 
        "GO:1904892", "GO:1904894", "GO:1904951", "GO:1904994", "GO:1904996", 
        "GO:1905475", "GO:1905477", "GO:1905906", "GO:1905907", "GO:1905952", 
        "GO:1905954", "GO:1990138", "GO:1990266", "GO:1990777", "GO:2000026", 
        "GO:2000106", "GO:2000107", "GO:2000112", "GO:2000113", "GO:2000116", 
        "GO:2000117", "GO:2000145", "GO:2000146", "GO:2000147", "GO:2000273", 
        "GO:2000341", "GO:2000343", "GO:2000351", "GO:2000353", "GO:2000361", 
        "GO:2000363", "GO:2000377", "GO:2000379", "GO:2000389", "GO:2000391", 
        "GO:2000554", "GO:2000556", "GO:2000659", "GO:2000660", "GO:2001020", 
        "GO:2001021", "GO:2001044", "GO:2001141", "GO:2001188", "GO:2001198", 
        "GO:2001233", "GO:2001234", "GO:2001236", "GO:2001237", "GO:2001242", 
        "GO:2001243", "GO:2001256"), LEVEL = c(12, 6, 4, 7, 7, 4, 
        5, 12, 9, 4, 4, 5, 6, 4, 8, 5, 4, 6, 6, 8, 8, 7, 4, 6, 6, 
        7, 3, 5, 6, 7, 8, 8, 4, 4, 5, 6, 7, 6, 7, 8, 8, 9, 10, 9, 
        10, 10, 7, 8, 8, 7, 8, 8, 7, 8, 4, 7, 5, 5, 5, 10, 5, 6, 
        7, 5, 4, 3, 7, 4, 5, 5, 6, 7, 8, 6, 7, 10, 11, 9, 5, 2, 9, 
        5, 9, 5, 4, 6, 5, 7, 7, 5, 3, 4, 5, 7, 6, 3, 6, 9, 5, 6, 
        4, 5, 5, 8, 9, 9, 10, 9, 10, 6, 7, 7, 5, 6, 6, 7, 8, 8, 6, 
        7, 7, 7, 8, 8, 8, 9, 9, 8, 9, 8, 9, 9, 9, 10, 8, 8, 8, 8, 
        6, 7, 9, 6, 7, 7, 7, 8, 8, 8, 9, 5, 6, 6, 6, 7, 7, 8, 8, 
        10, 11, 11, 12, 6, 7, 3, 3, 7, 6, 6, 1, 4, 5, 5, 3, 2, 5, 
        6, 4, 6, 7, 4, 7, 4, 5, 6, 5, 2, 3, 2, 5, 6, 3, 4, 5, 4, 
        5, 4, 5, 4, 1, 3, 3, 3, 3, 6, 3, 3, 8, 8, 8, 9, 6, 6, 5, 
        6, 5, 5, 6, 3, 4, 5, 5, 5, 6, 5, 6, 7, 5, 4, 5, 10, 11, 7, 
        11, 6, 4, 8, 9, 10, 7, 10, 11, 6, 7, 4, 3, 4, 5, 6, 8, 6, 
        8, 7, 10, 9, 10, 7, 6, 7, 6, 8, 5, 5, 3, 4, 3, 4, 7, 5, 3, 
        8, 9, 4, 4, 5, 5, 6, 7, 7, 3, 3, 6, 5, 5, 6, 6, 5, 6, 7, 
        8, 8, 9, 6, 12, 7, 7, 7, 7, 8, 9, 4, 4, 3, 5, 10, 5, 4, 3, 
        6, 5, 5, 2, 6, 7, 8, 6, 3, 6, 4, 1, 2, 5, 5, 7, 3, 4, 5, 
        3, 6, 6, 3, 6, 6, 7, 5, 5, 3, 5, 3, 5, 4, 3, 3, 4, 4, 6, 
        6, 6, 3, 3, 3, 5, 5, 7, 8, 5, 6, 4, 4, 5, 6, 6, 5, 5, 5, 
        6, 6, 4, 6, 7, 7, 3, 2, 4, 6, 4, 4, 5, 6, 10, 5, 6, 7, 7, 
        8, 6, 7, 7, 7, 7, 6, 9, 10, 6, 6, 7, 7, 7, 8, 9, 7, 5, 6, 
        6, 5, 7, 7, 8, 9, 6, 7, 7, 11, 12, 5, 6, 9, 5, 6, 7, 11, 
        7, 8, 9, 4, 5, 8, 6, 8, 9, 5, 17, 8, 9, 4, 8, 8, 8, 8, 9, 
        9, 3, 4, 4, 5, 4, 3, 5, 7, 8, 8, 6, 5, 5, 5, 10, 3, 8, 8, 
        4, 6, 7, 6, 7, 7, 4, 5, 8, 5, 6, 4, 4, 3, 4, 4, 4, 5, 6, 
        4, 7, 4, 5, 5, 5, 6, 7, 7, 5, 3, 2, 4, 5, 6, 5, 2, 7, 4, 
        2, 5, 5, 7, 8, 5, 3, 5, 7, 5, 7, 6, 7, 8, 9, 4, 5, 7, 6, 
        6, 6, 8, 8, 9, 9, 6, 6, 3, 3, 5, 6, 10, 7, 7, 3, 6, 7, 8, 
        8, 5, 6, 5, 6, 4, 3, 7, 7, 7, 8, 9, 8, 11, 10, 7, 7, 6, 7, 
        8, 7, 7, 9, 8, 5, 9, 10, 4, 4, 4, 8, 5, 3, 4, 5, 5, 3, 6, 
        9, 10, 4, 5, 5, 6, 6, 6, 7, 7, 6, 7, 7, 7, 5, 6, 6, 6, 7, 
        7, 6, 7, 7, 8, 9, 9, 5, 7, 4, 8, 7, 5, 7, 7, 3, 5, 5, 6, 
        6, 5, 6, 6, 12, 7, 8, 8, 8, 9, 9, 10, 10, 11, 6, 7, 8, 9, 
        11, 6, 6, 2, 2, 6, 7, 8, 7, 8, 8, 9, 9, 8, 8, 8, 8, 8, 8, 
        8, 8, 9, 9, 9, 9, 10, 9, 10, 9, 9, 9, 9, 9, 9, 9, 10, 7, 
        9, 4, 5, 8, 9, 6, 7, 8, 8, 5, 6, 2, 3, 7, 8, 8, 9, 3, 6, 
        10, 11, 10, 8, 3, 6, 7, 6, 11, 6, 4, 9, 4, 5, 10, 10, 10, 
        5, 5, 5, 5, 7, 8, 5, 8, 9, 8, 9, 9, 9, 10, 8, 6, 6, 7, 6, 
        6, 5, 6, 5, 6, 8, 9, 3, 5, 4, 6, 6, 5, 4, 6, 7, 7, 7, 6, 
        7, 7, 10, 4, 5, 5, 4, 5, 5, 6, 8, 8, 7, 9, 8, 6, 7, 9, 4, 
        7, 5, 3, 6, 6, 5, 6, 8, 3, 2, 9, 8, 8, 4, 7, 10, 2, 4, 2, 
        4, 5, 5, 8, 8, 5, 7, 10, 6, 6, 6, 7, 5, 9, 10, 6, 7, 7, 7, 
        3, 9, 4, 8, 9, 9, 3, 5, 4, 11, 12, 6, 4, 7, 5, 6, 8, 10, 
        7, 4, 5, 6, 7, 3, 5, 7, 8, 4, 7, 5, 8, 8, 6, 7, 7, 5, 5, 
        6, 7, 8, 9, 13, 3, 4, 4, 4, 4, 4, 3, 4, 4, 4, 4, 5, 5, 4, 
        3, 4, 6, 6, 7, 7, 11, 6, 9, 10, 11, 11, 11, 12, 10, 11, 12, 
        5, 4, 12, 13, 13, 8, 9, 9, 5, 7, 5, 9, 10, 9, 10, 11, 8, 
        9, 8, 11, 4, 5, 5, 7, 5, 6, 4, 4, 3, 3, 6, 4, 4, 5, 5, 6, 
        5, 3, 4, 6, 3, 6, 7, 3, 6, 2, 3, 3, 6, 3, 8, 6, 7, 7, 8, 
        5, 7, 7, 3, 5, 4, 6, 5, 4, 8, 9, 5, 9, 10, 5, 6, 6, 8, 9, 
        7, 9, 6, 10, 8, 7, 8, 11, 6, 6, 8, 8, 7, 7, 10, 11, 9, 9, 
        11, 11, 8, 8, 9, 9, 5, 5, 7, 7, 8, 8, 12, 10, 9, 7, 8, 9, 
        8, 11, 4, 9, 10, 7, 8, 4, 9, 10, 10, 11, 5, 4, 7, 6, 5, 8, 
        7, 5, 5, 6, 4, 4, 9, 9, 9, 4, 5, 4, 6, 7, 4, 3, 4, 5, 4, 
        4, 5, 5, 6, 5, 6, 4, 5, 5, 4, 3, 4, 3, 5, 6, 6, 3, 5, 6, 
        5, 4, 4, 5, 7, 9, 9, 12, 12, 6, 7, 3, 7, 3, 4, 5, 5, 8, 9, 
        9, 4, 6, 7, 10, 7, 8, 8, 10, 11, 7, 8, 8, 7, 8, 8, 9, 10, 
        10, 5, 6, 6, 3, 4, 5, 4, 4, 6, 6, 3, 5, 6, 6, 4, 3, 10, 11, 
        8, 8, 5, 6, 6, 9, 9, 9, 4, 4, 5, 2, 6, 7, 5, 6, 7, 7, 3, 
        6, 7, 7, 5, 6, 6, 8, 9, 11, 12, 13, 5, 5, 4, 5, 5, 5, 6, 
        6, 5, 6, 6, 6, 2, 15, 5, 10, 9, 3, 4, 4, 5, 5, 6, 7, 7, 7, 
        8, 8, 7, 8, 8, 7, 5, 6, 6, 5, 6, 5, 5, 6, 6, 6, 6, 8, 11, 
        3, 4, 5, 4, 4, 2, 5, 3, 5, 8, 9, 9, 8, 9, 8, 9, 6, 7, 7, 
        5, 5, 8, 9, 7, 8, 9, 7, 6, 5, 6, 7, 6, 2, 4, 6, 5, 5, 6, 
        6, 8, 5, 9, 13, 5, 6, 4, 6, 6, 5, 6, 11, 6, 7, 5, 7, 7, 8, 
        10, 4, 5, 10, 6, 7, 6, 3, 5, 6, 5, 5, 7, 8, 6, 7, 2, 3, 3, 
        4, 7, 8, 4, 6, 7, 6, 8, 9, 10, 4, 6, 9, 8, 5, 7, 9, 10, 6, 
        4, 4, 8, 6, 9, 9, 8, 6, 7, 7, 6, 7, 4, 8, 9, 5, 5, 4, 4, 
        6, 7, 8, 7, 7, 5, 6, 7, 8, 9, 6, 7, 7, 7, 6, 6, 4, 7, 6, 
        6, 4, 7, 7, 9, 8, 7, 9, 10, 6, 7, 3, 5, 5, 8, 8, 9, 9, 6, 
        5, 4, 6, 7, 4, 3, 11, 12, 12, 3, 7, 8, 9, 6, 8, 3, 9, 8, 
        6, 10, 8, 9, 10, 6, 5, 5, 6, 7, 7, 11, 12, 8, 7, 8, 7, 8, 
        7, 8, 8, 5, 8, 6, 12, 13, 11, 7, 6, 7, 3, 6, 3, 5, 5, 3, 
        5, 7, 4, 7, 8, 14, 6, 6, 3, 5, 4, 4, 5, 6, 3, 7, 7, 8, 5, 
        7, 2, 3, 4, 5, 7, 4, 7, 3, 4, 8, 5, 6, 4, 8, 4, 5, 2, 9, 
        4, 5, 6, 4, 7, 8, 5, 8, 7, 7, 3, 3, 5, 4, 8, 9, 7, 6, 7, 
        6, 6, 7, 7, 5, 6, 6, 5, 6, 7, 8, 7, 4, 5, 7, 6, 7, 7, 8, 
        9, 6, 4, 3, 4, 5, 5, 4, 4, 4, 6, 7, 5, 6, 3, 4, 5, 4, 5, 
        8, 9, 6, 7, 7, 8, 7, 8, 11, 12, 10, 11, 10, 11, 6, 9, 9, 
        7, 8, 8, 7, 8, 9, 10, 6, 7, 8, 9, 9, 6, 6, 7, 7, 8, 6, 7, 
        7, 7, 8, 8, 9, 6, 9, 10, 10, 8, 9, 7, 8, 9, 10, 10, 7, 16, 
        7, 8, 8, 11, 8, 9, 9, 6, 6, 7, 8, 8, 6, 7, 6, 6, 7, 7, 8, 
        9, 8, 7, 8, 7, 8, 7, 8, 7, 8, 9, 7, 8, 7, 8, 5, 6, 5, 9, 
        4, 5, 8, 9, 7, 8, 10, 12, 6, 7, 7, 8, 9, 10, 9, 10, 6, 7, 
        6, 7, 10, 11, 10, 11, 8, 9, 7, 8, 7, 8, 9, 8, 8, 9, 9, 10, 
        9, 10, 9), ASPECT = c("biological_process", "cellular_component", 
        "molecular_function", "biological_process", "cellular_component", 
        "biological_process", "biological_process", "biological_process", 
        "biological_process", "biological_process", "molecular_function", 
        "molecular_function", "biological_process", "biological_process", 
        "biological_process", "biological_process", "molecular_function", 
        "biological_process", "biological_process", "biological_process", 
        "biological_process", "biological_process", "biological_process", 
        "biological_process", "biological_process", "biological_process", 
        "biological_process", "molecular_function", "biological_process", 
        "biological_process", "biological_process", "biological_process", 
        "molecular_function", "molecular_function", "molecular_function", 
        "biological_process", "biological_process", "biological_process", 
        "biological_process", "biological_process", "biological_process", 
        "biological_process", "biological_process", "biological_process", 
        "biological_process", "biological_process", "biological_process", 
        "biological_process", "biological_process", "biological_process", 
        "biological_process", "biological_process", "biological_process", 
        "biological_process", "molecular_function", "molecular_function", 
        "biological_process", "molecular_function", "biological_process", 
        "biological_process", "biological_process", "biological_process", 
        "biological_process", "biological_process", "biological_process", 
        "biological_process", "biological_process", "biological_process", 
        "biological_process", "biological_process", "biological_process", 
        "biological_process", "biological_process", "biological_process", 
        "biological_process", "biological_process", "biological_process", 
        "biological_process", "biological_process", "biological_process", 
        "biological_process", "biological_process", "biological_process", 
        "biological_process", "biological_process", "biological_process", 
        "biological_process", "biological_process", "biological_process", 
        "biological_process", "biological_process", "biological_process", 
        "biological_process", "biological_process", "biological_process", 
        "biological_process", "biological_process", "biological_process", 
        "biological_process", "biological_process", "biological_process", 
        "biological_process", "biological_process", "biological_process", 
        "biological_process", "biological_process", "biological_process", 
        "biological_process", "biological_process", "biological_process", 
        "biological_process", "biological_process", "biological_process", 
        "biological_process", "biological_process", "biological_process", 
        "biological_process", "biological_process", "biological_process", 
        "biological_process", "biological_process", "biological_process", 
        "biological_process", "biological_process", "biological_process", 
        "biological_process", "biological_process", "biological_process", 
        "biological_process", "biological_process", "biological_process", 
        "biological_process", "biological_process", "biological_process", 
        "biological_process", "biological_process", "biological_process", 
        "biological_process", "biological_process", "biological_process", 
        "biological_process", "biological_process", "biological_process", 
        "biological_process", "biological_process", "biological_process", 
        "biological_process", "biological_process", "biological_process", 
        "biological_process", "biological_process", "biological_process", 
        "biological_process", "biological_process", "biological_process", 
        "biological_process", "biological_process", "biological_process", 
        "biological_process", "biological_process", "biological_process", 
        "biological_process", "biological_process", "biological_process", 
        "biological_process", "biological_process", "biological_process", 
        "biological_process", "molecular_function", "molecular_function", 
        "molecular_function", "molecular_function", "molecular_function", 
        "molecular_function", "molecular_function", "molecular_function", 
        "molecular_function", "molecular_function", "molecular_function", 
        "molecular_function", "molecular_function", "molecular_function", 
        "molecular_function", "molecular_function", "molecular_function", 
        "molecular_function", "molecular_function", "molecular_function", 
        "molecular_function", "molecular_function", "molecular_function", 
        "molecular_function", "molecular_function", "molecular_function", 
        "molecular_function", "molecular_function", "molecular_function", 
        "molecular_function", "cellular_component", "cellular_component", 
        "cellular_component", "cellular_component", "cellular_component", 
        "cellular_component", "cellular_component", "cellular_component", 
        "cellular_component", "cellular_component", "cellular_component", 
        "cellular_component", "cellular_component", "cellular_component", 
        "cellular_component", "cellular_component", "cellular_component", 
        "cellular_component", "cellular_component", "cellular_component", 
        "cellular_component", "cellular_component", "cellular_component", 
        "cellular_component", "cellular_component", "biological_process", 
        "biological_process", "biological_process", "biological_process", 
        "biological_process", "biological_process", "biological_process", 
        "biological_process", "biological_process", "biological_process", 
        "biological_process", "biological_process", "biological_process", 
        "biological_process", "biological_process", "biological_process", 
        "biological_process", "biological_process", "biological_process", 
        "biological_process", "biological_process", "biological_process", 
        "biological_process", "biological_process", "biological_process", 
        "biological_process", "biological_process", "biological_process", 
        "biological_process", "biological_process", "biological_process", 
        "biological_process", "biological_process", "biological_process", 
        "biological_process", "biological_process", "biological_process", 
        "biological_process", "biological_process", "biological_process", 
        "biological_process", "biological_process", "biological_process", 
        "biological_process", "biological_process", "biological_process", 
        "biological_process", "biological_process", "biological_process", 
        "biological_process", "biological_process", "biological_process", 
        "biological_process", "biological_process", "biological_process", 
        "biological_process", "biological_process", "biological_process", 
        "biological_process", "biological_process", "biological_process", 
        "biological_process", "biological_process", "biological_process", 
        "biological_process", "biological_process", "biological_process", 
        "biological_process", "biological_process", "biological_process", 
        "biological_process", "biological_process", "biological_process", 
        "biological_process", "biological_process", "biological_process", 
        "biological_process", "biological_process", "biological_process", 
        "biological_process", "biological_process", "biological_process", 
        "biological_process", "biological_process", "biological_process", 
        "biological_process", "biological_process", "biological_process", 
        "biological_process", "biological_process", "biological_process", 
        "molecular_function", "biological_process", "biological_process", 
        "biological_process", "biological_process", "biological_process", 
        "molecular_function", "biological_process", "biological_process", 
        "biological_process", "molecular_function", "molecular_function", 
        "biological_process", "biological_process", "biological_process", 
        "molecular_function", "cellular_component", "biological_process", 
        "biological_process", "molecular_function", "biological_process", 
        "biological_process", "biological_process", "biological_process", 
        "biological_process", "biological_process", "biological_process", 
        "biological_process", "biological_process", "biological_process", 
        "biological_process", "biological_process", "biological_process", 
        "biological_process", "biological_process", "biological_process", 
        "biological_process", "biological_process", "biological_process", 
        "biological_process", "biological_process", "biological_process", 
        "biological_process", "biological_process", "biological_process", 
        "biological_process", "biological_process", "biological_process", 
        "biological_process", "biological_process", "biological_process", 
        "biological_process", "cellular_component", "biological_process", 
        "biological_process", "biological_process", "cellular_component", 
        "biological_process", "biological_process", "cellular_component", 
        "biological_process", "biological_process", "biological_process", 
        "biological_process", "biological_process", "biological_process", 
        "biological_process", "biological_process", "biological_process", 
        "biological_process", "biological_process", "biological_process", 
        "biological_process", "biological_process", "biological_process", 
        "biological_process", "biological_process", "biological_process", 
        "biological_process", "biological_process", "biological_process", 
        "biological_process", "biological_process", "biological_process", 
        "biological_process", "biological_process", "biological_process", 
        "biological_process", "biological_process", "biological_process", 
        "biological_process", "biological_process", "biological_process", 
        "biological_process", "biological_process", "biological_process", 
        "biological_process", "biological_process", "biological_process", 
        "biological_process", "biological_process", "biological_process", 
        "biological_process", "biological_process", "biological_process", 
        "biological_process", "biological_process", "biological_process", 
        "biological_process", "biological_process", "cellular_component", 
        "cellular_component", "biological_process", "biological_process", 
        "biological_process", "biological_process", "biological_process", 
        "biological_process", "biological_process", "molecular_function", 
        "biological_process", "biological_process", "biological_process", 
        "biological_process", "biological_process", "biological_process", 
        "cellular_component", "cellular_component", "biological_process", 
        "biological_process", "biological_process", "biological_process", 
        "biological_process", "biological_process", "biological_process", 
        "biological_process", "biological_process", "biological_process", 
        "cellular_component", "biological_process", "biological_process", 
        "molecular_function", "biological_process", "biological_process", 
        "molecular_function", "biological_process", "biological_process", 
        "biological_process", "biological_process", "biological_process", 
        "biological_process", "biological_process", "biological_process", 
        "biological_process", "biological_process", "molecular_function", 
        "molecular_function", "biological_process", "biological_process", 
        "biological_process", "molecular_function", "molecular_function", 
        "molecular_function", "molecular_function", "biological_process", 
        "molecular_function", "molecular_function", "molecular_function", 
        "biological_process", "biological_process", "biological_process", 
        "biological_process", "biological_process", "biological_process", 
        "biological_process", "biological_process", "biological_process", 
        "biological_process", "biological_process", "biological_process", 
        "biological_process", "biological_process", "biological_process", 
        "biological_process", "biological_process", "biological_process", 
        "biological_process", "biological_process", "cellular_component", 
        "cellular_component", "biological_process", "biological_process", 
        "biological_process", "biological_process", "biological_process", 
        "cellular_component", "cellular_component", "biological_process", 
        "biological_process", "biological_process", "biological_process", 
        "molecular_function", "cellular_component", "biological_process", 
        "biological_process", "biological_process", "biological_process", 
        "biological_process", "biological_process", "molecular_function", 
        "molecular_function", "biological_process", "biological_process", 
        "biological_process", "biological_process", "biological_process", 
        "cellular_component", "biological_process", "biological_process", 
        "biological_process", "biological_process", "molecular_function", 
        "molecular_function", "molecular_function", "cellular_component", 
        "cellular_component", "cellular_component", "biological_process", 
        "cellular_component", "biological_process", "biological_process", 
        "biological_process", "biological_process", "biological_process", 
        "biological_process", "biological_process", "cellular_component", 
        "cellular_component", "cellular_component", "cellular_component", 
        "cellular_component", "cellular_component", "cellular_component", 
        "cellular_component", "biological_process", "biological_process", 
        "biological_process", "cellular_component", "molecular_function", 
        "cellular_component", "cellular_component", "molecular_function", 
        "cellular_component", "cellular_component", "cellular_component", 
        "cellular_component", "cellular_component", "biological_process", 
        "biological_process", "biological_process", "cellular_component", 
        "cellular_component", "biological_process", "biological_process", 
        "biological_process", "biological_process", "biological_process", 
        "biological_process", "biological_process", "biological_process", 
        "biological_process", "biological_process", "biological_process", 
        "biological_process", "biological_process", "biological_process", 
        "biological_process", "biological_process", "biological_process", 
        "biological_process", "biological_process", "biological_process", 
        "biological_process", "biological_process", "molecular_function", 
        "cellular_component", "biological_process", "biological_process", 
        "biological_process", "biological_process", "cellular_component", 
        "biological_process", "cellular_component", "cellular_component", 
        "cellular_component", "biological_process", "biological_process", 
        "biological_process", "biological_process", "biological_process", 
        "biological_process", "biological_process", "biological_process", 
        "biological_process", "biological_process", "biological_process", 
        "biological_process", "biological_process", "biological_process", 
        "biological_process", "biological_process", "biological_process", 
        "biological_process", "biological_process", "biological_process", 
        "biological_process", "biological_process", "biological_process", 
        "biological_process", "cellular_component", "cellular_component", 
        "biological_process", "biological_process", "biological_process", 
        "biological_process", "biological_process", "biological_process", 
        "biological_process", "biological_process", "biological_process", 
        "biological_process", "biological_process", "biological_process", 
        "biological_process", "biological_process", "biological_process", 
        "biological_process", "biological_process", "biological_process", 
        "biological_process", "biological_process", "biological_process", 
        "biological_process", "biological_process", "biological_process", 
        "biological_process", "biological_process", "biological_process", 
        "biological_process", "biological_process", "biological_process", 
        "biological_process", "biological_process", "biological_process", 
        "biological_process", "biological_process", "biological_process", 
        "biological_process", "biological_process", "biological_process", 
        "biological_process", "biological_process", "cellular_component", 
        "cellular_component", "biological_process", "biological_process", 
        "biological_process", "biological_process", "biological_process", 
        "biological_process", "biological_process", "biological_process", 
        "biological_process", "biological_process", "molecular_function", 
        "biological_process", "biological_process", "molecular_function", 
        "biological_process", "biological_process", "biological_process", 
        "biological_process", "biological_process", "biological_process", 
        "biological_process", "biological_process", "biological_process", 
        "biological_process", "biological_process", "biological_process", 
        "biological_process", "biological_process", "biological_process", 
        "biological_process", "biological_process", "biological_process", 
        "biological_process", "biological_process", "biological_process", 
        "biological_process", "biological_process", "biological_process", 
        "biological_process", "biological_process", "biological_process", 
        "biological_process", "biological_process", "biological_process", 
        "biological_process", "cellular_component", "cellular_component", 
        "biological_process", "biological_process", "biological_process", 
        "biological_process", "biological_process", "biological_process", 
        "biological_process", "biological_process", "biological_process", 
        "biological_process", "cellular_component", "cellular_component", 
        "cellular_component", "biological_process", "biological_process", 
        "cellular_component", "biological_process", "biological_process", 
        "biological_process", "biological_process", "biological_process", 
        "molecular_function", "biological_process", "biological_process", 
        "cellular_component", "cellular_component", "biological_process", 
        "biological_process", "biological_process", "biological_process", 
        "biological_process", "biological_process", "biological_process", 
        "biological_process", "biological_process", "molecular_function", 
        "biological_process", "biological_process", "biological_process", 
        "biological_process", "biological_process", "molecular_function", 
        "molecular_function", "biological_process", "biological_process", 
        "biological_process", "molecular_function", "biological_process", 
        "biological_process", "biological_process", "biological_process", 
        "biological_process", "biological_process", "biological_process", 
        "biological_process", "biological_process", "biological_process", 
        "biological_process", "biological_process", "biological_process", 
        "biological_process", "biological_process", "biological_process", 
        "biological_process", "biological_process", "biological_process", 
        "biological_process", "biological_process", "biological_process", 
        "biological_process", "biological_process", "biological_process", 
        "biological_process", "molecular_function", "biological_process", 
        "biological_process", "biological_process", "biological_process", 
        "cellular_component", "biological_process", "biological_process", 
        "biological_process", "biological_process", "biological_process", 
        "biological_process", "cellular_component", "cellular_component", 
        "biological_process", "biological_process", "biological_process", 
        "molecular_function", "molecular_function", "biological_process", 
        "biological_process", "cellular_component", "cellular_component", 
        "biological_process", "biological_process", "cellular_component", 
        "biological_process", "biological_process", "biological_process", 
        "biological_process", "biological_process", "biological_process", 
        "biological_process", "biological_process", "biological_process", 
        "biological_process", "biological_process", "biological_process", 
        "biological_process", "biological_process", "molecular_function", 
        "molecular_function", "molecular_function", "biological_process", 
        "molecular_function", "biological_process", "cellular_component", 
        "cellular_component", "cellular_component", "cellular_component", 
        "cellular_component", "cellular_component", "cellular_component", 
        "cellular_component", "cellular_component", "molecular_function", 
        "biological_process", "biological_process", "biological_process", 
        "biological_process", "biological_process", "cellular_component", 
        "biological_process", "biological_process", "biological_process", 
        "biological_process", "biological_process", "biological_process", 
        "biological_process", "biological_process", "biological_process", 
        "biological_process", "molecular_function", "biological_process", 
        "biological_process", "biological_process", "biological_process", 
        "biological_process", "biological_process", "biological_process", 
        "biological_process", "biological_process", "biological_process", 
        "biological_process", "biological_process", "biological_process", 
        "biological_process", "biological_process", "biological_process", 
        "biological_process", "biological_process", "biological_process", 
        "biological_process", "biological_process", "biological_process", 
        "biological_process", "biological_process", "biological_process", 
        "biological_process", "biological_process", "biological_process", 
        "biological_process", "biological_process", "biological_process", 
        "biological_process", "biological_process", "biological_process", 
        "biological_process", "biological_process", "biological_process", 
        "cellular_component", "cellular_component", "biological_process", 
        "biological_process", "biological_process", "biological_process", 
        "biological_process", "biological_process", "biological_process", 
        "cellular_component", "molecular_function", "biological_process", 
        "biological_process", "biological_process", "biological_process", 
        "biological_process", "cellular_component", "biological_process", 
        "biological_process", "cellular_component", "biological_process", 
        "cellular_component", "biological_process", "biological_process", 
        "biological_process", "biological_process", "biological_process", 
        "biological_process", "biological_process", "biological_process", 
        "biological_process", "biological_process", "biological_process", 
        "biological_process", "biological_process", "biological_process", 
        "biological_process", "biological_process", "biological_process", 
        "biological_process", "biological_process", "biological_process", 
        "biological_process", "biological_process", "biological_process", 
        "biological_process", "biological_process", "biological_process", 
        "biological_process", "biological_process", "biological_process", 
        "biological_process", "biological_process", "biological_process", 
        "biological_process", "biological_process", "biological_process", 
        "biological_process", "biological_process", "biological_process", 
        "biological_process", "biological_process", "biological_process", 
        "biological_process", "biological_process", "biological_process", 
        "biological_process", "biological_process", "biological_process", 
        "biological_process", "biological_process", "biological_process", 
        "biological_process", "biological_process", "biological_process", 
        "biological_process", "biological_process", "biological_process", 
        "molecular_function", "biological_process", "biological_process", 
        "biological_process", "biological_process", "biological_process", 
        "cellular_component", "biological_process", "biological_process", 
        "molecular_function", "biological_process", "biological_process", 
        "biological_process", "biological_process", "molecular_function", 
        "molecular_function", "biological_process", "biological_process", 
        "biological_process", "biological_process", "molecular_function", 
        "molecular_function", "biological_process", "biological_process", 
        "biological_process", "biological_process", "cellular_component", 
        "biological_process", "biological_process", "biological_process", 
        "biological_process", "biological_process", "biological_process", 
        "biological_process", "biological_process", "biological_process", 
        "biological_process", "biological_process", "biological_process", 
        "biological_process", "biological_process", "biological_process", 
        "biological_process", "biological_process", "biological_process", 
        "biological_process", "biological_process", "biological_process", 
        "biological_process", "biological_process", "biological_process", 
        "biological_process", "biological_process", "biological_process", 
        "biological_process", "biological_process", "biological_process", 
        "biological_process", "biological_process", "biological_process", 
        "biological_process", "biological_process", "biological_process", 
        "biological_process", "biological_process", "molecular_function", 
        "biological_process", "biological_process", "biological_process", 
        "biological_process", "biological_process", "biological_process", 
        "biological_process", "biological_process", "biological_process", 
        "biological_process", "biological_process", "biological_process", 
        "biological_process", "biological_process", "biological_process", 
        "biological_process", "biological_process", "biological_process", 
        "biological_process", "biological_process", "biological_process", 
        "biological_process", "biological_process", "biological_process", 
        "biological_process", "biological_process", "biological_process", 
        "biological_process", "biological_process", "biological_process", 
        "biological_process", "biological_process", "biological_process", 
        "biological_process", "biological_process", "molecular_function", 
        "molecular_function", "biological_process", "biological_process", 
        "biological_process", "biological_process", "biological_process", 
        "biological_process", "biological_process", "biological_process", 
        "biological_process", "biological_process", "biological_process", 
        "biological_process", "biological_process", "biological_process", 
        "biological_process", "biological_process", "biological_process", 
        "biological_process", "biological_process", "biological_process", 
        "molecular_function", "biological_process", "biological_process", 
        "biological_process", "biological_process", "biological_process", 
        "biological_process", "biological_process", "biological_process", 
        "biological_process", "biological_process", "biological_process", 
        "biological_process", "biological_process", "biological_process", 
        "biological_process", "biological_process", "biological_process", 
        "biological_process", "biological_process", "biological_process", 
        "biological_process", "biological_process", "biological_process", 
        "biological_process", "biological_process", "biological_process", 
        "biological_process", "biological_process", "biological_process", 
        "biological_process", "biological_process", "biological_process", 
        "biological_process", "biological_process", "biological_process", 
        "biological_process", "biological_process", "biological_process", 
        "biological_process", "biological_process", "biological_process", 
        "biological_process", "biological_process", "biological_process", 
        "biological_process", "biological_process", "biological_process", 
        "biological_process", "biological_process", "biological_process", 
        "biological_process", "biological_process", "biological_process", 
        "biological_process", "biological_process", "biological_process", 
        "biological_process", "biological_process", "biological_process", 
        "biological_process", "biological_process", "biological_process", 
        "biological_process", "biological_process", "biological_process", 
        "biological_process", "biological_process", "biological_process", 
        "biological_process", "biological_process", "biological_process", 
        "biological_process", "biological_process", "biological_process", 
        "biological_process", "biological_process", "biological_process", 
        "biological_process", "biological_process", "cellular_component", 
        "biological_process", "biological_process", "biological_process", 
        "biological_process", "biological_process", "biological_process", 
        "biological_process", "biological_process", "molecular_function", 
        "biological_process", "cellular_component", "biological_process", 
        "biological_process", "biological_process", "biological_process", 
        "biological_process", "biological_process", "biological_process", 
        "biological_process", "biological_process", "biological_process", 
        "biological_process", "biological_process", "biological_process", 
        "biological_process", "biological_process", "biological_process", 
        "biological_process", "biological_process", "biological_process", 
        "biological_process", "biological_process", "biological_process", 
        "biological_process", "molecular_function", "molecular_function", 
        "biological_process", "biological_process", "biological_process", 
        "biological_process", "biological_process", "biological_process", 
        "biological_process", "cellular_component", "biological_process", 
        "biological_process", "biological_process", "biological_process", 
        "biological_process", "biological_process", "biological_process", 
        "biological_process", "cellular_component", "cellular_component", 
        "biological_process", "cellular_component", "biological_process", 
        "biological_process", "biological_process", "biological_process", 
        "biological_process", "biological_process", "biological_process", 
        "biological_process", "biological_process", "biological_process", 
        "molecular_function", "biological_process", "biological_process", 
        "biological_process", "biological_process", "biological_process", 
        "molecular_function", "biological_process", "biological_process", 
        "biological_process", "biological_process", "biological_process", 
        "biological_process", "biological_process", "biological_process", 
        "biological_process", "biological_process", "biological_process", 
        "cellular_component", "biological_process", "biological_process", 
        "molecular_function", "biological_process", "biological_process", 
        "biological_process", "biological_process", "biological_process", 
        "biological_process", "biological_process", "biological_process", 
        "biological_process", "biological_process", "biological_process", 
        "biological_process", "biological_process", "biological_process", 
        "biological_process", "biological_process", "biological_process", 
        "biological_process", "biological_process", "biological_process", 
        "biological_process", "biological_process", "biological_process", 
        "biological_process", "cellular_component", "biological_process", 
        "biological_process", "biological_process", "biological_process", 
        "biological_process", "biological_process", "biological_process", 
        "biological_process", "biological_process", "molecular_function", 
        "biological_process", "biological_process", "biological_process", 
        "biological_process", "biological_process", "molecular_function", 
        "molecular_function", "biological_process", "biological_process", 
        "biological_process", "biological_process", "biological_process", 
        "biological_process", "biological_process", "cellular_component", 
        "biological_process", "biological_process", "biological_process", 
        "biological_process", "biological_process", "molecular_function", 
        "biological_process", "biological_process", "biological_process", 
        "biological_process", "biological_process", "biological_process", 
        "biological_process", "biological_process", "biological_process", 
        "biological_process", "biological_process", "biological_process", 
        "molecular_function", "biological_process", "biological_process", 
        "biological_process", "biological_process", "biological_process", 
        "biological_process", "biological_process", "biological_process", 
        "biological_process", "biological_process", "biological_process", 
        "biological_process", "biological_process", "biological_process", 
        "biological_process", "biological_process", "biological_process", 
        "biological_process", "biological_process", "molecular_function", 
        "biological_process", "biological_process", "biological_process", 
        "biological_process", "molecular_function", "biological_process", 
        "biological_process", "biological_process", "biological_process", 
        "biological_process", "biological_process", "cellular_component", 
        "biological_process", "cellular_component", "cellular_component", 
        "cellular_component", "biological_process", "molecular_function", 
        "molecular_function", "cellular_component", "biological_process", 
        "biological_process", "biological_process", "biological_process", 
        "biological_process", "molecular_function", "cellular_component", 
        "cellular_component", "cellular_component", "cellular_component", 
        "cellular_component", "biological_process", "cellular_component", 
        "cellular_component", "cellular_component", "cellular_component", 
        "cellular_component", "cellular_component", "cellular_component", 
        "biological_process", "biological_process", "cellular_component", 
        "biological_process", "molecular_function", "molecular_function", 
        "molecular_function", "cellular_component", "biological_process", 
        "biological_process", "biological_process", "biological_process", 
        "biological_process", "biological_process", "molecular_function", 
        "molecular_function", "biological_process", "molecular_function", 
        "biological_process", "biological_process", "biological_process", 
        "biological_process", "biological_process", "biological_process", 
        "biological_process", "biological_process", "biological_process", 
        "biological_process", "biological_process", "biological_process", 
        "biological_process", "biological_process", "biological_process", 
        "biological_process", "biological_process", "biological_process", 
        "biological_process", "biological_process", "biological_process", 
        "biological_process", "biological_process", "biological_process", 
        "biological_process", "biological_process", "biological_process", 
        "molecular_function", "biological_process", "biological_process", 
        "biological_process", "biological_process", "biological_process", 
        "biological_process", "biological_process", "biological_process", 
        "biological_process", "biological_process", "molecular_function", 
        "biological_process", "biological_process", "biological_process", 
        "biological_process", "biological_process", "biological_process", 
        "biological_process", "biological_process", "biological_process", 
        "biological_process", "biological_process", "biological_process", 
        "biological_process", "biological_process", "biological_process", 
        "biological_process", "biological_process", "biological_process", 
        "biological_process", "biological_process", "biological_process", 
        "biological_process", "biological_process", "biological_process", 
        "biological_process", "biological_process", "biological_process", 
        "biological_process", "biological_process", "biological_process", 
        "biological_process", "biological_process", "biological_process", 
        "biological_process", "biological_process", "biological_process", 
        "biological_process", "biological_process", "biological_process", 
        "biological_process", "biological_process", "biological_process", 
        "biological_process", "biological_process", "biological_process", 
        "biological_process", "biological_process", "biological_process", 
        "biological_process", "biological_process", "biological_process", 
        "biological_process", "biological_process", "biological_process", 
        "biological_process", "biological_process", "biological_process", 
        "biological_process", "biological_process", "biological_process", 
        "biological_process", "biological_process", "biological_process", 
        "biological_process", "biological_process", "cellular_component", 
        "biological_process", "biological_process", "biological_process", 
        "biological_process", "biological_process", "biological_process", 
        "biological_process", "biological_process", "biological_process", 
        "biological_process", "biological_process", "biological_process", 
        "biological_process", "biological_process", "biological_process", 
        "biological_process", "biological_process", "biological_process", 
        "biological_process", "biological_process", "biological_process", 
        "biological_process", "biological_process", "biological_process", 
        "biological_process", "biological_process", "biological_process", 
        "biological_process", "biological_process", "biological_process", 
        "cellular_component", "biological_process", "biological_process", 
        "biological_process", "biological_process", "biological_process", 
        "biological_process", "biological_process", "biological_process", 
        "biological_process", "biological_process", "biological_process", 
        "biological_process", "biological_process", "biological_process", 
        "biological_process", "biological_process", "biological_process", 
        "biological_process", "biological_process", "biological_process", 
        "biological_process", "biological_process", "biological_process", 
        "biological_process", "biological_process", "biological_process", 
        "biological_process", "biological_process", "biological_process", 
        "biological_process", "biological_process", "biological_process", 
        "biological_process", "biological_process", "biological_process", 
        "biological_process", "biological_process", "biological_process"
        ), OR_UP = c(0, 0, Inf, Inf, 0, 14.7970769995769, 44.6351628289072, 
        0, 0, 19.7734269518215, 0, 0.779642259918966, 3.28459952713591, 
        0, Inf, 6.58127239092268, 0, 0, 6.62722889103363, 0, 1.08118424049327, 
        Inf, Inf, Inf, 0, 0, 0.474470174252228, 0, 2.19380682843016, 
        1.18316280121833, 0, 0.533634246537468, 0.537533686986508, 
        0, 0, 0, 0, 0.537533686986508, 0, 0, 0, 0, 0, 1.90117953557604, 
        0, 0.989870347044814, 4.3575707589383, Inf, 0, 2.2130370327895, 
        0, Inf, 0, 0, 1.74982106191972, 4.3575707589383, 1.44655925380693, 
        8.81887932561079, Inf, 3.28459952713591, 0, 0.471657626496964, 
        0.471657626496964, 0.410351052834485, 0, 0.210083130613948, 
        0, 0.252807899264603, 0.718871014383098, 0.501856285912597, 
        0.172139693963543, 0, 0.17806391840165, 0, 0, 0, 0, 0, 0.185362670589959, 
        0.849615535954297, 0, 0, 0, 0.537533686986508, 0, 0, 0.537533686986508, 
        0.537533686986508, 0, 0, 0, 0, 0.210603662124554, 0, 0, 2.17517723818149, 
        0, 1.08311702258405, 0, 0, 0.398174339395939, 0, 0.378846386281954, 
        0.522730884671587, 1.20828882868135, 1.45364371113861, 2.93317889401322, 
        0, 0, 0, 0, 0, 0.167783743936207, 0, 0.277735089322197, 0.42417464461573, 
        0, 0.42417464461573, 0, 0, 0, 0, 0, 0, 0, 0, 0, 0, 0, 0.42417464461573, 
        0, 0.42417464461573, 0, 0, 0.981861566865449, 0, 0, 6.58127239092268, 
        0, 0, 0, 0, 0, 0, 0, 0, 0, 0, 0, 0.612269899846095, 0, 0, 
        0, 0, 0, 0, 0, 0, 0, 0, 0, 0, 0, 0, 1.0844574979552, 0, 0, 
        0, 0, 0.190773205566082, 0, 0, 0, 1.20828882868135, 1.08118424049327, 
        2.16607893820834, 0, 0, 0, 0.0915615220351624, Inf, 2.84795551095388, 
        0, 0, 6.19913226710859, 2.16607893820834, 2.16607893820834, 
        0.923261272003875, 4.3575707589383, 0, 2.02537289924528, 
        23.6991424563322, 0, 1.24984496037652, 2.17517723818149, 
        0.428639610394131, 0, Inf, 0, 0.407660704047285, 2.18441873107255, 
        0.835566179455364, 0.933190907141598, 0.293140035070577, 
        1.44655925380693, 0.375365076572327, 0, 0, 0.0675986042358963, 
        0.210603662124554, 0, 0, 0, 0, 2.99645297522681, 0, 0.887918447436648, 
        0.533919741876425, 0.33939731263155, 0.851152270669134, 0.718871014383098, 
        0.428639610394131, 1.04124146847606, 3.28459952713591, 2.17517723818149, 
        2.17517723818149, 0, 0, 0, 0.496229116559855, 0.472958555925789, 
        0.543499530447332, 0, 0.718871014383098, 0.655079942489149, 
        0, 0, 0, 0, 0, 0, 0, 0, 0, 1.63505731093331, 1.42114975240117, 
        1.14871510168075, 8.8394242943706, 8.8394242943706, 0.709890290196463, 
        2.18441873107255, 0.92299078377305, 0.92299078377305, 0.92299078377305, 
        0, 2.001360948098, 0.137872886001341, 0, 0.29866373554394, 
        4.41077749188877, 0, 0, 3.00361960268861, 1.25793841570498, 
        0.953901756566616, 1.03865375831019, 0, 1.39934270533297, 
        0.390861825757009, 0, 0, 0, 2.17517723818149, 0, 0, 0, 0, 
        Inf, 1.01828851199288, 4.51982712875275, 0, 0, 12.1704406026039, 
        Inf, 0.48771471443359, 2.10507740387599, 2.4449454672101, 
        4.10246033603569, 6.04674396388572, 4.3575707589383, 4.3575707589383, 
        0.570522552314643, 2.93317889401322, 0, 13.0666113450811, 
        0, 0, 0, 0, 1.16239093929948, 2.20334505093627, 0, Inf, Inf, 
        8.8394242943706, 0, 0, 1.63373643408325, 1.63373643408325, 
        2.17517723818149, 0, 0, 0, 0, Inf, 0, 2.16607893820834, 0.322808473800285, 
        Inf, 3.52617250881316, 1.08181843509317, 0, 0, 0, 1.08118424049327, 
        2.16607893820834, 0, 2.93147400268128, 0, 1.32621361894594, 
        0, 0, 0, Inf, 0, 2.01200154481973, 0.716679354551828, 0.924809658805836, 
        0, 0, 0.30794127469322, 0.168682968204872, 1.08181843509317, 
        0, 0, 0.860632776180878, 0, 0.0872456615775264, 4.55520993448131, 
        1.92613427540226, 0, 0, 0, 0, 1.08118424049327, 1.08118424049327, 
        4.3575707589383, 4.3575707589383, 0.67125083954516, 0, 0.981105680633941, 
        1.73742364363046, 0.916670768122214, 0.367564138103732, 0, 
        0.356004912916111, 0.670601743371834, 1.34301309325645, 0.567610183905379, 
        0.164891837174738, 0.530693649212648, Inf, 0, 0, 0.701925065038061, 
        0, 1.14871510168075, 4.41077749188877, 1.08514408210161, 
        1.45364371113861, 1.19985545859052, 0, 0, 0, 0.853635824442018, 
        0, 0, 0.989870347044814, 0, 6.58127239092268, 6.58127239092268, 
        4.3575707589383, 0.988263102190829, 1.89184508927286, 0.687377221668982, 
        1.66205880333708, 1.30310725674841, 6.58127239092268, 4.3575707589383, 
        Inf, 1.84249074904934, 0.840294693522015, 0.164891837174738, 
        0, 0.862809352794271, Inf, 0, 0, 1.93613310908611, 6.71574498555656, 
        0, 2.16607893820834, 2.16607893820834, 0, 0, 2.17517723818149, 
        0.791649324313058, 1.03163563888454, 6.58127239092268, 0.472958555925789, 
        1.24191555233759, 6.04674396388572, 2.16607893820834, 0, 
        0.31341987156835, 0, 0, 0, 0, 1.17274969849065, Inf, 0, 0.384250621992081, 
        2.16607893820834, 1.08118424049327, 0.384250621992081, 4.3575707589383, 
        1.08118424049327, 1.08118424049327, 1.08118424049327, 1.19125211777434, 
        0.716231314173828, 0, 0, 2.46644161369038, 2.16607893820834, 
        0, 0, 0, 0, 0, 1.13600441948425, 8.8394242943706, 3.13575039912738, 
        0, 0.537533686986508, 0, 0, 2.16607893820834, 0.716679354551828, 
        0, 0.437969199793149, 1.67397625216383, 1.33824001125378, 
        1.55603820195306, 0.947531395439629, 8.8394242943706, 0.707550239582624, 
        0, 2.22288652630125, 4.3575707589383, 0.537533686986508, 
        0, 0.537533686986508, 1.88354128063874, 3.13166165118931, 
        3.13166165118931, Inf, 8.8394242943706, 1.24191555233759, 
        0, 0, 0, 0.194017728385463, 0, 0, 0.806528700986949, 0, 1.71753968219709, 
        2.17517723818149, 4.26317271356714, 5.25006623198082, 3.63412919818106, 
        4.19526026153486, 0.806528700986949, 1.84249074904934, 1.16239093929948, 
        0.840294693522015, 0.164891837174738, 8.8394242943706, 0.92299078377305, 
        2.16607893820834, 1.03451761004624, 1.04124146847606, 0, 
        0, 0, 0, 0.718871014383098, 0.718871014383098, 0, 3.66057509066352, 
        2.73220106537679, 1.33471954583243, 0, 8.8394242943706, 0, 
        0, 8.8394242943706, Inf, 0, 4.51737100657537, 3.28459952713591, 
        0, 0, 6.58127239092268, 6.58127239092268, 0, Inf, Inf, 0.959537653086899, 
        0, 1.992721322724, 2.83348395388497, 0, 0, 0, 0, 2.16607893820834, 
        0.718871014383098, 0.718871014383098, 0, 0, 6.58127239092268, 
        6.58127239092268, 0, Inf, Inf, 0, 1.24984496037652, 0, 0.31341987156835, 
        0, 0, 0.472958555925789, 0.243266937915242, 0, 0, 0, 0, 0, 
        0.959537653086899, 0, 0.309345389801387, 0, Inf, 0.626127376656594, 
        0.897913744675748, 0, 0, 0, 2.16607893820834, 0, 0, 0, 0, 
        1.7300662949938, 0.786331522883398, 1.34446938951518, 0.67125083954516, 
        0, 0.981105680633941, 0.190773205566082, 0, 0.428639610394131, 
        4.41077749188877, 0, 0, 0, 4.83588011913972, 2.16607893820834, 
        4.3575707589383, 0, 0, 0, 1.90117953557604, 0, 0.989870347044814, 
        4.3575707589383, 0.951890623713941, 11.0657903319825, 0, 
        0, 0, 0, 0, 1.02562205391234, 1.77611243332981, 0, 0, 2.18441873107255, 
        0.644722977793549, 0.210603662124554, 0.477133025011677, 
        0, 1.06547907044734, 0.583461013658388, 1.61395120935227, 
        4.08993131247462, 5.25006623198082, 2.16607893820834, 2.16607893820834, 
        2.16607893820834, 2.16607893820834, 0, 0, 0, 0, 0, 1.30310725674841, 
        0.204485053968114, 1.23205979414011, 2.68015174396569, 0, 
        0, 4.41077749188877, 4.41077749188877, 0.148266262424315, 
        0, 0, 0, 0, 0, 0, 1.89088837661201, 0, 0, 0.779642259918966, 
        0.137872886001341, 0.670601743371834, 0, 0, 0, 0, 0.160257245506889, 
        0, 0, 0, 0, 1.08181843509317, 0, 1.45364371113861, 0.190773205566082, 
        0.831906438342707, 0, 0, 1.40765520746154, 0.997524631514495, 
        0, 0, 1.85978758495667, 0, 0, 0, Inf, Inf, 1.6007580161875, 
        0, 0, 0, 0, 0, 0.322808473800285, 1.74982106191972, 0, 0, 
        0, 0, 0.335392311004945, 0, 0, 4.3575707589383, 0, 0, 2.19380682843016, 
        0, 2.99645297522681, 2.17517723818149, 0, 0, 0, 0.762129023587915, 
        0, 0, 0, 0, 0, 0, 0, 0, 0.825006931086168, 0, 0, 0, 0, 0, 
        Inf, 0, 0, 0, 8.8394242943706, 8.8394242943706, 0, 0, 0, 
        0, 0, 0, 0, 0, Inf, 0, 0, 0, 0, 0, 0, 0, 0, 0, 0, 0, 0, 0, 
        0, 1.08181843509317, Inf, 0, 2.81552880602949, 0, 0.537533686986508, 
        0, 0, 0, 0, 0, Inf, 0, Inf, 14.7970769995769, 1.44655925380693, 
        0.543499530447332, 0.17806391840165, 0, Inf, 0, 0.362167830871801, 
        0, Inf, 0.718871014383098, 2.17517723818149, 0.716679354551828, 
        Inf, Inf, 0.718871014383098, 1.74982106191972, 2.88990894755106, 
        1.992721322724, 0.23489685393864, 2.83348395388497, 0, 0, 
        1.44655925380693, 0, 0, 0, 0, 0, 0.17806391840165, 1.82964885160056, 
        0, 0, 0, 0, 0, 0, 0.651746214023596, 0, 0.362167830871801, 
        1.90117953557604, 0, 0.989870347044814, 1.25793841570498, 
        0, 0, 0, 0, 0.537533686986508, 0.711091480545319, 0, 0, 0, 
        0, 0, 2.19380682843016, 0.593196543753644, 0, 0.580504391047467, 
        0.690049633172666, 1.13150738909164, 0.533919741876425, 1.08118424049327, 
        0, 2.16607893820834, 0, 4.51737100657537, 0, 1.52932026594167, 
        0.617245364144922, 0, 1.4843839590014, 1.12697058116651, 
        0.884054110879679, 0, 0, 2.93317889401322, 2.93317889401322, 
        Inf, 0.730809301473611, 6.58127239092268, 0.684658201460874, 
        3.33931045036943, 4.3575707589383, 0.168682968204872, 1.58275770739795, 
        1.62916931016946, 0, 0.933190907141598, 2.00664015479094, 
        0.982385587329698, 0, 1.02562205391234, 0.583461013658388, 
        0.862809352794271, 2.19380682843016, 1.99064727238489, 2.28551751029778, 
        4.41077749188877, 1.08118424049327, 0, 0.17806391840165, 
        0, 0, 0, 0, 0, 0.17806391840165, 0, 0, 0.924809658805836, 
        0, 0, 0, 0, 1.31686288175174, 0, 0.93366292345001, 0.543499530447332, 
        0, 0, 0, 0, 3.28459952713591, Inf, Inf, 1.30310725674841, 
        0, 1.45364371113861, 0, 0, 0.537533686986508, 0, 2.80703213420794, 
        1.68204979918455, 7.89598395594146, 0.61009100160596, 1.51228132090128, 
        1.43346117540292, 0.921002028729883, 0, 0, 1.08246261653288, 
        0, 1.70921237320386, 0.518880936383032, 0, 0.924809658805836, 
        0, 0, 2.16607893820834, 0, Inf, 0.148266262424315, 0, 0.237166904546916, 
        0, 0, 0, 4.38536333871798, 1.76078146606108, 0, 0.101487264405985, 
        0, 0, 0.308958180220299, 0, 0, 0.718871014383098, 0.384250621992081, 
        0.304103170756532, 0, 4.51737100657537, 0.322828125957563, 
        1.45364371113861, 1.74982106191972, 0, 0, 0, 3.06047790486764, 
        4.22475289662265, 0.526519715538096, 0, 0, 6.58127239092268, 
        6.58127239092268, 0, 0, 0, 1.24191555233759, 0.924809658805836, 
        Inf, 3.44849591800507, 6.58127239092268, 0, 0, 0, 0, 0, 0, 
        1.00919161790453, 0, 0, 0, 0, 0, 0, 0, Inf, Inf, 0, 0, 0, 
        0.989870347044814, 0, 0, 0, 0, 0, 0, 0, 0, 0, 0, 0, 0, 0, 
        Inf, 0, 0, 0, 0, 0, 0, 0, 0, 0.650719824702077, 0, 0, 1.85978758495667, 
        0, 0, 0.718871014383098, 0.537533686986508, Inf, 11.1301951433998, 
        0, 0, 0, 0.718871014383098, 0, 0, 0.862809352794271, 4.46564131628578, 
        2.48460258912944, 4.3575707589383, 0.943317252268612, 1.39999919319407, 
        1.38745886018355, 0.560144929396521, 0, 0, 0, 0.8345234637689, 
        0.33924062912171, 0.396617484245498, 2.16607893820834, 0.718871014383098, 
        0, 0, 2.93317889401322, Inf, Inf, 8.36361816334866, Inf, 
        2.16607893820834, 0, 1.44655925380693, 15.8325184518965, 
        0, Inf, Inf, Inf, Inf, Inf, 4.3575707589383, 2.16607893820834, 
        3.48165229508997, Inf, 2.73220106537679, 3.13575039912738, 
        0.970730189550881, Inf, 0, 0, 0, 0, 4.3575707589383, Inf, 
        0, 0, 0, 0, 0.259422171604243, 0.384250621992081, 0.26517957532779, 
        0, 0, 3.28459952713591, Inf, 2.17517723818149, Inf, Inf, 
        Inf, 0.114928516275895, 0, 0.0605369626018516, 1.35853181940898, 
        1.13086954562059, 0, 3.67260155780409, 1.12622955732807, 
        0.92299078377305, 0, 1.63373643408325, 8.8394242943706, 0, 
        Inf, 5.16753205476403, 4.90542295176926, 0, 0, 0, 0, 0, 0, 
        0, 0, 0, 0, 1.44655925380693, 3.92590624148987, 0, 0.447068640800277, 
        3.85395443777622, 0, 4.3575707589383, 1.77427291657713, 2.60163380749151, 
        Inf, Inf, 0, 0, 0, 0.909861615317047, 0.955268561507777, 
        0.779642259918966, 0, 0, 0.779642259918966, 0.959537653086899, 
        0.959537653086899, 2.22899766530647, 1.50470412812123, 0.924809658805836, 
        2.18441873107255, 0, 1.24686931372783, 0.391976906092366, 
        1.5731655920184, 2.01378952018147, 0.809792392489433, 1.37154075818688, 
        1.67397625216383, 1.34067963304055, Inf, Inf, 0, 0.716679354551828, 
        1.42114975240117, 0, 1.71992223458241, 0.951764304928147, 
        0.549357981941292, 1.99447090923273, 1.53097154130301, 0.695259935598336, 
        0, 0, 0, 0.496229116559855, 0, 0, 0, 1.95435232051347, 0, 
        2.76375877791381, Inf, Inf, 2.62640230086186, 0, 10.3533265228472, 
        1.08514408210161, 0, 0, 0, 2.93317889401322, 0, 1.35646086243509, 
        0, 0, 0, 0, 0.264451329532389, 0.750349827758728, 1.08246261653288, 
        1.08181843509317, Inf, 0, 0.718871014383098, 0.718871014383098, 
        1.24191555233759, 2.93317889401322, 1.30310725674841, Inf, 
        2.18441873107255, 0, 0, 1.79594687662086, 0.350972462123037, 
        0, 0.92299078377305, 0.92299078377305, 0.92299078377305, 
        0.751907868257049, Inf, 0, 0, 2.19380682843016, 0.362167830871801, 
        0, 0, 0.537533686986508, 1.54228217560397, 0.806528700986949, 
        1.47631449985383, 0, 0.42417464461573, Inf, Inf, 0, 1.22639644905996, 
        1.08118424049327, 0, 0.364383742841462, 0, 0, 2.17517723818149, 
        Inf, Inf, 1.56390396285971, 0, 1.24191555233759, 0, 0.862809352794271, 
        0, 0, 0, Inf, Inf, 0, 0, 0, 0, 1.24191555233759, 0, 0.825006931086168, 
        0, 0, 0, 1.35853181940898, 2.09252646791595, 1.04661658895727, 
        1.0858419211716, 2.00664015479094, 1.89088837661201, 1.31997955076798, 
        6.58127239092268, 6.58127239092268, 0.716679354551828, 0, 
        0, 0, 0, 0, Inf, 0, 0, 1.30310725674841, 1.67655875993366, 
        0.989870347044814, 0.716679354551828, 0, 0, 0.472958555925789, 
        0, Inf, 0, 0, 0, 0, 0, 0, Inf, 0, 0, 0, 8.8394242943706, 
        0, 1.00445401138775, 0.763314638319427, 0.763314638319427, 
        1.30310725674841, 1.30310725674841, 0.612269899846095, 0.716679354551828, 
        0.903802107308099, 0, 0, 0, 0, 0, 0, 0, 0, 8.8394242943706, 
        0.959537653086899, 1.74982106191972, 0, 0, 2.23289740671642, 
        2.27463689541809, Inf, 0, 1.08181843509317, Inf, 0.997524631514495, 
        2.19380682843016, 2.93317889401322, Inf, 0.709890290196463, 
        3.17603402046872, 0.580504391047467, 0.428639610394131, 2.17517723818149, 
        0.718871014383098, 2.17517723818149, 0.718871014383098, Inf, 
        2.20334505093627, 2.20334505093627, 2.16607893820834, 2.16607893820834, 
        0, 2.46644161369038, 0, 0, 0, 0, 0, 0, 0, 0, 0, 0, 0.92299078377305, 
        0.92299078377305, 0, 0, 0, 0, 0, 0, 2.01236984844079, 0.940808620689866, 
        1.58738883693945, 1.45364371113861, 0, Inf, Inf, 0.612269899846095, 
        0, 0, 1.08181843509317, 0, 0, 0, Inf, 0, 2.19380682843016, 
        0, 0, 0, 0, 0, 0, 0, 0.174244883031253, 0, 0, 0, Inf, 0.436167675684521, 
        2.18441873107255, Inf, 8.8394242943706, 0.472958555925789, 
        0.862809352794271, Inf, 0.951890623713941, 0.377041224318023, 
        0.670601743371834, 0.275067347218533, 5.8793623851548, 4.27791709765718, 
        0, 0, 0, Inf, Inf, Inf, 0, 0.92299078377305, 0.924809658805836, 
        0.103382878241298, 0, 0, 0, 0.308958180220299, 4.41077749188877, 
        0, 0, 0.26517957532779, 0, 0, 0, 0, 6.58127239092268, 6.58127239092268, 
        0, 2.16607893820834, 2.16607893820834, 2.16607893820834, 
        2.16607893820834, 0.308958180220299, 4.83588011913972, Inf, 
        2.17517723818149, 0, 0, 4.41077749188877, 0.537533686986508, 
        0, 1.85978758495667, 0, 0, 0, 0, 0, 0, Inf, 1.08181843509317, 
        Inf, 0, 8.8394242943706, 0, Inf, 0, 0, 4.41077749188877, 
        4.41077749188877, 4.41077749188877, 3.28459952713591, 2.17517723818149, 
        0, 0, 0, 0, 0, 0, 1.93872571186944, 0.428639610394131, 0.174244883031253, 
        1.40353946755685, 0.716679354551828, 0, 1.64906118857574, 
        0.924809658805836, 1.08118424049327, 2.01200154481973, 2.20334505093627, 
        0, 0, 0.580504391047467, 1.14871510168075, 2.23289740671642, 
        0.730809301473611, 1.08875154924804, 0, 0, 1.08311702258405, 
        0, Inf, 0, 1.08246261653288, 0, 0, 0, 0.537533686986508, 
        0.537533686986508, 0, 0, 2.16607893820834, Inf, 0, 1.21975812320105, 
        0.322808473800285, 0.434326250545282, 0, 0, 0, 0, 0, Inf, 
        Inf, 0, 0, 4.41077749188877, 0, 0, 0, 0, 2.09238300259343, 
        0, 1.45364371113861, 0, 0, 0, 0, 0.210603662124554, 0, 0, 
        0, 0, 0, 1.45364371113861, 1.74982106191972, 0.496229116559855, 
        0, 0, 2.17517723818149, Inf, 0, 0, 0, 0, 0.670601743371834, 
        0, 0.831906438342707, 2.00664015479094, 1.08246261653288, 
        0, Inf, 2.01200154481973, 0.716679354551828, 0.428639610394131, 
        0, 0, 0, 0.924809658805836, 0, 0, 0, 2.16607893820834, 1.74982106191972, 
        3.13166165118931, 2.20334505093627, 0, 0, 0, 0, 0, 0.537533686986508, 
        0, 0, 0, 5.06988717760539, 5.25006623198082, 2.16607893820834, 
        0, 0, 2.08404146128498, 0, 0, 0.853635824442018, 0, 1.08118424049327, 
        Inf, 1.992721322724, 0, 2.83348395388497, 0, 0, 0, 0, 0, 
        0, 0, 2.23289740671642, 3.60690293172632, 0, 0, 0, 0, 0, 
        0, 0.537533686986508, 0.537533686986508, 0, 0.496229116559855, 
        0, 0, 0.716679354551828, 0.716679354551828, 0, 0, 1.08181843509317, 
        1.08181843509317, 0), P_VALUE_UP = c(1, 0.312519541351439, 
        0.316301703163017, 0.316301703163017, 1, 2.20443467082046e-07, 
        5.91809210021127e-09, 0.554774560113313, 1, 7.76730388230822e-10, 
        0.183039203099838, 0.783806953579134, 0.184040493583233, 
        1, 0.0995193163610468, 0.095497321841062, 1, 1, 0.000143446509661695, 
        1, 1, 0.316301703163017, 0.0995193163610468, 0.0995193163610468, 
        1, 1, 0.00336978506442811, 1, 0.269059163365142, 0.583135183422395, 
        0.183039203099838, 0.0994909111997067, 1, 1, 1, 1, 1, 1, 
        0.183039203099838, 0.312519541351439, 1, 1, 1, 0.0253942727838251, 
        1, 1, 0.236267130040529, 0.0995193163610468, 1, 0.20754154177527, 
        1, 0.0995193163610468, 0.312519541351439, 1, 0.472616724064029, 
        0.236267130040529, 0.65340431773527, 2.96225774888019e-06, 
        0.0995193163610468, 0.184040493583233, 1, 0.197354066920014, 
        0.197354066920014, 0.0699256740558141, 0.000234536230604675, 
        7.49059956684236e-06, 0.0626533388351503, 0.000136453854563902, 
        1, 0.0401021982450849, 0.000690687237343329, 1, 0.00112440527964915, 
        1, 1, 1, 1, 1, 3.98094739955513e-05, 0.483116781020825, 1, 
        1, 0.331743576640664, 1, 1, 1, 1, 1, 1, 1, 1, 1, 0.185070622314916, 
        0.312519541351439, 1, 0.594059157750374, 1, 1, 1, 1, 0.000224525370265213, 
        0.000746140171933336, 0.00136523108715962, 0.267717121484105, 
        0.772940107330466, 0.731674409576953, 0.214409679256057, 
        1, 1, 7.92301859027145e-06, 0.10310876381898, 7.45997068567508e-05, 
        0.0044911220608123, 0.10310876381898, 0.107209370248404, 
        0.353790426686906, 1, 0.353790426686906, 0.0118958730438983, 
        0.331743576640664, 0.312519541351439, 0.10310876381898, 0.312519541351439, 
        1, 0.554774560113313, 1, 1, 1, 1, 0.353790426686906, 1, 0.353790426686906, 
        1, 1, 1, 0.0603423971890772, 0.331743576640664, 0.095497321841062, 
        0.331743576640664, 0.331743576640664, 1, 0.0603423971890772, 
        1, 0.312519541351439, 0.183039203099838, 1, 0.312519541351439, 
        1, 1, 0.725429741290744, 1, 1, 1, 1, 0.554774560113313, 1, 
        1, 0.554774560113313, 0.554774560113313, 0.554774560113313, 
        0.554774560113313, 1, 1, 1, 1, 1, 1, 1, 1, 0.113850074550684, 
        0.312519541351439, 0.312519541351439, 0.331743576640664, 
        0.772940107330466, 1, 0.533084089964987, 0.312519541351439, 
        0.312519541351439, 0.312519541351439, 0.0021615032994332, 
        0.00969477208138679, 4.08359601342134e-06, 1, 1, 7.23900361148539e-11, 
        0.533084089964987, 0.533084089964987, 1, 0.236267130040529, 
        0.0603423971890772, 0.237424096744856, 1.36375747183937e-08, 
        1, 0.641123476265019, 0.594059157750374, 0.669624312718102, 
        1, 0.316301703163017, 1, 0.0291229747042331, 0.385859768913185, 
        0.719261242932819, 0.816485167325939, 0.0415822371847847, 
        0.65340431773527, 0.00213117515165346, 1, 0.312519541351439, 
        0.000153444770511945, 0.185070622314916, 1, 0.312519541351439, 
        1, 0.331743576640664, 0.0444638281691073, 0.10310876381898, 
        0.872292365955466, 0.514818546044145, 9.5246281838966e-07, 
        0.728409186155203, 1, 0.669624312718102, 1, 0.184040493583233, 
        0.594059157750374, 0.594059157750374, 1, 0.554774560113313, 
        1, 0.160209025904084, 0.514203544520867, 0.219133558593722, 
        1, 1, 0.598655748332823, 0.554774560113313, 0.554774560113313, 
        0.554774560113313, 0.554774560113313, 0.554774560113313, 
        0.554774560113313, 1, 1, 1, 0.0476693279119871, 0.109350392298081, 
        0.836139129433995, 0.0364685406796147, 0.0364685406796147, 
        0.626880380051631, 0.385859768913185, 1, 1, 1, 1, 0.00613250906227582, 
        0.0269025852757359, 0.0118958730438983, 0.106861642029072, 
        0.0826302106765594, 1, 0.0626533388351503, 7.53666492618803e-07, 
        0.506466289397708, 0.832547428888093, 0.911441612137798, 
        1, 0.177186517128934, 0.000779872358225013, 0.312519541351439, 
        0.312519541351439, 0.312519541351439, 0.594059157750374, 
        0.331743576640664, 0.312519541351439, 0.312519541351439, 
        1, 0.00969477208138679, 1, 1.52086312170642e-10, 1, 0.0626533388351503, 
        3.35430651071051e-11, 7.84878131622582e-06, 0.410675660464805, 
        0.0026299601929528, 3.34266835491366e-05, 0.00169092894644812, 
        0.00556532682198285, 0.236267130040529, 0.236267130040529, 
        0.197537282134298, 0.214409679256057, 1, 8.14210515589673e-11, 
        0.183039203099838, 1, 1, 1, 0.818022654355865, 0.299424370919394, 
        1, 0.000282920476454188, 0.316301703163017, 0.0364685406796147, 
        1, 0.183039203099838, 0.683655082647111, 0.683655082647111, 
        0.594059157750374, 1, 1, 1, 1, 0.316301703163017, 1, 0.533084089964987, 
        0.160377491218356, 1, 1.13028547496098e-08, 1, 1, 1, 0.00660050933463381, 
        1, 0.533084089964987, 1, 0.000439916255791253, 0.554774560113313, 
        0.437138893687053, 1, 1, 0.554774560113313, 0.316301703163017, 
        0.554774560113313, 0.1371152080575, 1, 1, 0.554774560113313, 
        1, 0.00032635039386311, 1.42633735224629e-05, 1, 0.312519541351439, 
        1, 1, 1, 0.00132586956816769, 1.86296648075567e-06, 0.02644091993627, 
        0.312519541351439, 1, 1, 1, 1, 1, 0.236267130040529, 0.236267130040529, 
        0.326011764470477, 0.554774560113313, 1, 0.0183540735351149, 
        0.735704548168641, 0.138548465570657, 1, 0.440020007910831, 
        0.415266716214876, 0.16826789457454, 0.0316556843483277, 
        8.3027939717725e-06, 0.0104747796479404, 0.312519541351439, 
        1, 0.0626533388351503, 0.123566743832235, 0.554774560113313, 
        0.836139129433995, 0.0826302106765594, 0.81473400278041, 
        0.731674409576953, 0.427421837649512, 1, 1, 1, 0.849529628203864, 
        0.0346537596104178, 1, 1, 1, 0.095497321841062, 0.095497321841062, 
        0.236267130040529, 1, 0.00799455162182516, 0.281906443334443, 
        0.17504241833367, 0.711844233698358, 0.095497321841062, 0.236267130040529, 
        0.0995193163610468, 0.00571085109768525, 0.489542384831893, 
        8.3027939717725e-06, 1, 1, 0.0311454095213056, 1, 1, 0.126120843835778, 
        0.0141022212992469, 0.554774560113313, 0.533084089964987, 
        0.533084089964987, 1, 1, 0.594059157750374, 0.441846855538929, 
        1, 0.095497321841062, 0.514203544520867, 0.747901081815753, 
        0.00556532682198285, 0.533084089964987, 0.00660050933463381, 
        0.00107366890133432, 1, 1, 1, 1, 0.806209189639219, 0.316301703163017, 
        1, 0.242299171660714, 0.533084089964987, 1, 0.242299171660714, 
        0.236267130040529, 1, 1, 1, 0.497631297398168, 0.192184666010257, 
        0.0118958730438983, 1, 3.48503483200341e-05, 0.533084089964987, 
        0.554774560113313, 1, 1, 1, 1, 0.586777233098916, 0.0364685406796147, 
        3.23035485554356e-07, 1, 1, 1, 0.554774560113313, 0.533084089964987, 
        1, 1, 0.0826330629290144, 0.0803162154254868, 0.331198791472004, 
        0.0527795534438939, 1, 0.0364685406796147, 0.651467585275568, 
        0.554774560113313, 0.14899704275137, 0.236267130040529, 1, 
        1, 1, 0.0241396547591405, 0.0579889782701293, 0.0579889782701293, 
        8.61366797125375e-05, 0.0364685406796147, 0.747901081815753, 
        1, 0.312519541351439, 1, 0.0186703971952188, 1, 0.000739941242856165, 
        1, 1, 0.285450874187417, 0.594059157750374, 6.45833720895212e-08, 
        0.0134594180374191, 0.00429239083556561, 6.78601070492226e-10, 
        1, 0.00571085109768525, 0.818022654355865, 0.489542384831893, 
        8.3027939717725e-06, 0.0364685406796147, 1, 0.533084089964987, 
        0.8834541107917, 1, 0.10310876381898, 1, 0.554774560113313, 
        1, 1, 1, 0.331743576640664, 1.23041220757572e-07, 2.0083284709913e-05, 
        0.474162948278686, 0.554774560113313, 0.0364685406796147, 
        1, 0.183039203099838, 0.0364685406796147, 0.00969477208138679, 
        1, 2.06830028894441e-09, 0.184040493583233, 0.312519541351439, 
        0.312519541351439, 0.095497321841062, 0.095497321841062, 
        1, 0.0995193163610468, 0.316301703163017, 1, 1, 0.00319044418205801, 
        1.74592329499043e-05, 0.0626533388351503, 1, 1, 0.312519541351439, 
        0.533084089964987, 1, 1, 1, 1, 0.095497321841062, 0.095497321841062, 
        1, 0.0311454095213056, 0.316301703163017, 0.312519541351439, 
        0.641123476265019, 1, 0.00107366890133432, 0.0626533388351503, 
        0.10310876381898, 0.514203544520867, 0.0448380570672286, 
        1, 1, 1, 0.331743576640664, 0.331743576640664, 1, 1, 7.15785227419687e-05, 
        1, 0.316301703163017, 0.053503480902084, 0.771366090592074, 
        1, 1, 1, 0.533084089964987, 1, 1, 1, 1, 0.0105268213531552, 
        0.534271055575928, 0.223959086924661, 0.326011764470477, 
        0.554774560113313, 1, 0.113850074550684, 1, 0.669624312718102, 
        0.0826302106765594, 0.183039203099838, 0.312519541351439, 
        1, 0.000138724629211176, 0.533084089964987, 0.236267130040529, 
        0.00220876970082815, 0.10310876381898, 0.331743576640664, 
        0.0253942727838251, 1, 1, 0.236267130040529, 0.893227302011965, 
        4.03020721351134e-11, 1, 0.312519541351439, 1, 1, 1, 1, 0.0104743169825812, 
        1, 1, 0.385859768913185, 0.13811085190091, 0.185070622314916, 
        0.0793118949329994, 0.554774560113313, 0.806194131640015, 
        0.241747293100963, 0.0739055624615735, 0.0152186528006893, 
        0.0134594180374191, 0.533084089964987, 0.533084089964987, 
        0.533084089964987, 0.533084089964987, 1, 1, 0.10310876381898, 
        0.183039203099838, 1, 0.711844233698358, 0.0180830083336035, 
        0.433477595674125, 7.33514902728531e-06, 1, 1, 0.0826302106765594, 
        0.0826302106765594, 0.0443273469623551, 1, 1, 1, 0.0626533388351503, 
        1, 0.554774560113313, 0.362222907904143, 1, 1, 0.783806953579134, 
        0.0269025852757359, 0.415266716214876, 1, 1, 1, 1, 0.0742706945393846, 
        1, 0.183039203099838, 1, 1, 1, 1, 0.731674409576953, 0.113850074550684, 
        0.825723847749206, 0.554774560113313, 1, 0.111888281433928, 
        1, 1, 1, 0.0142403266671042, 0.00660050933463381, 1, 0.0198886848426379, 
        0.316301703163017, 0.316301703163017, 0.0437098510176294, 
        1, 1, 1, 1, 1, 0.160377491218356, 0.472616724064029, 1, 1, 
        1, 1, 0.0220396058000867, 1, 1, 0.236267130040529, 1, 1, 
        0.269059163365142, 0.554774560113313, 0.0444638281691073, 
        0.594059157750374, 1, 0.00660050933463381, 1, 0.567885152668618, 
        0.00220876970082815, 1, 1, 1, 1, 0.554774560113313, 1, 1, 
        0.801658993160379, 0.183039203099838, 1, 0.312519541351439, 
        0.312519541351439, 0.10310876381898, 0.316301703163017, 1, 
        1, 1, 0.0364685406796147, 0.0364685406796147, 1, 1, 1, 1, 
        1, 1, 1, 1, 6.07488377865449e-08, 1, 0.554774560113313, 1, 
        1, 1, 1, 1, 1, 1, 1, 1, 1, 1, 1, 1, 0.0995193163610468, 1, 
        0.00468858156757541, 1, 1, 1, 0.0603423971890772, 1, 1, 1, 
        0.0995193163610468, 1, 0.0995193163610468, 2.20443467082046e-07, 
        0.65340431773527, 0.219133558593722, 0.00112440527964915, 
        1, 0.316301703163017, 1, 0.033058132586436, 1, 0.0995193163610468, 
        1, 0.594059157750374, 1, 0.0995193163610468, 0.0995193163610468, 
        1, 0.472616724064029, 1.46396394701029e-06, 0.00319044418205801, 
        0.180625071766638, 1.74592329499043e-05, 1, 1, 0.65340431773527, 
        1, 0.10310876381898, 1, 0.183039203099838, 0.183039203099838, 
        0.00112440527964915, 0.0212371710167368, 0.0603423971890772, 
        1, 1, 1, 1, 0.554774560113313, 0.0627540120185762, 1, 0.033058132586436, 
        0.0253942727838251, 1, 1, 0.506466289397708, 1, 0.554774560113313, 
        1, 1, 1, 0.339529670082124, 1, 1, 1, 1, 1, 0.269059163365142, 
        0.26086917947793, 1, 0.56257579500428, 0.338727915558765, 
        0.739792160935013, 0.514818546044145, 1, 1, 0.533084089964987, 
        0.554774560113313, 2.06830028894441e-09, 0.0626533388351503, 
        0.291851789200641, 0.175847407084464, 0.0626533388351503, 
        0.313113361866848, 0.670586968990573, 1, 1, 1, 0.214409679256057, 
        0.214409679256057, 0.316301703163017, 0.383077527851773, 
        0.095497321841062, 0.292974358147894, 4.10810667039593e-08, 
        0.236267130040529, 1.42633735224629e-05, 0.040016878333045, 
        0.0305752537499547, 1, 0.816485167325939, 0.0029692597870886, 
        1, 1, 1, 0.241747293100963, 1, 0.269059163365142, 0.0173003277418601, 
        0.0488959312776391, 0.0826302106765594, 1, 1, 0.00112440527964915, 
        0.554774560113313, 1, 1, 1, 1, 0.00112440527964915, 1, 1, 
        1, 1, 0.183039203099838, 0.312519541351439, 1, 0.32109063302848, 
        1, 0.878239219513974, 0.219133558593722, 1, 0.554774560113313, 
        0.554774560113313, 0.554774560113313, 0.184040493583233, 
        0.0995193163610468, 0.0995193163610468, 0.711844233698358, 
        0.00220876970082815, 0.731674409576953, 1, 1, 1, 1, 0.00323778810415643, 
        0.208188998577317, 0.00548865759075379, 0.318145449256662, 
        0.0860131508609974, 0.12558005239423, 0.795466066027219, 
        1, 0.331743576640664, 1, 0.183039203099838, 0.0396458615603565, 
        0.220216861576967, 1, 1, 0.554774560113313, 1, 0.533084089964987, 
        0.554774560113313, 0.0995193163610468, 0.0443273469623551, 
        1, 5.33283849442531e-05, 1, 1, 0.312519541351439, 1.85965276405405e-10, 
        0.0325151134498347, 1, 0.00632742872543402, 0.554774560113313, 
        1, 0.0630443868925812, 0.10310876381898, 1, 1, 0.242299171660714, 
        0.444569320027271, 1, 2.06830028894441e-09, 8.83347884174217e-05, 
        0.731674409576953, 0.472616724064029, 1, 1, 1, 6.73024520782594e-06, 
        0.000652503201914413, 0.328058872957004, 1, 1, 0.095497321841062, 
        0.095497321841062, 1, 1, 0.554774560113313, 0.747901081815753, 
        1, 0.0995193163610468, 8.84052653317812e-06, 0.095497321841062, 
        1, 1, 1, 0.554774560113313, 0.0118074795989592, 0.0346537596104178, 
        1, 1, 1, 0.0346537596104178, 1, 1, 1, 1, 0.316301703163017, 
        0.0995193163610468, 1, 0.0198886848426379, 1, 1, 0.183039203099838, 
        1, 1, 0.554774560113313, 1, 1, 0.554774560113313, 0.554774560113313, 
        1, 0.312519541351439, 0.554774560113313, 1, 1, 0.316301703163017, 
        1, 1, 1, 1, 0.0118958730438983, 0.312519541351439, 1, 1, 
        0.223458873999329, 1, 1, 0.0142403266671042, 0.0603423971890772, 
        0.312519541351439, 1, 1, 0.0995193163610468, 0.0133877056811424, 
        1, 1, 1, 1, 0.554774560113313, 0.554774560113313, 1, 0.0313293487162331, 
        0.0431243859726943, 0.236267130040529, 0.817425564855592, 
        0.131995675168047, 0.155078367699789, 0.00793346856670513, 
        1, 1, 0.554774560113313, 0.476458072457303, 3.07101259021561e-06, 
        0.00036448039687467, 0.533084089964987, 1, 1, 1, 0.214409679256057, 
        0.0995193163610468, 0.316301703163017, 1.76138793644008e-07, 
        0.0995193163610468, 0.533084089964987, 1, 0.65340431773527, 
        0.00166040705364574, 1, 0.0995193163610468, 0.316301703163017, 
        0.0311454095213056, 0.0995193163610468, 0.316301703163017, 
        0.236267130040529, 0.533084089964987, 1.79833871781671e-08, 
        0.316301703163017, 2.0083284709913e-05, 3.23035485554356e-07, 
        1, 0.00969477208138679, 0.00660050933463381, 0.0198886848426379, 
        1, 1, 0.236267130040529, 0.0995193163610468, 1, 0.0626533388351503, 
        0.554774560113313, 1, 0.0689431167831877, 0.242299171660714, 
        0.283103556367966, 0.554774560113313, 0.312519541351439, 
        0.184040493583233, 0.316301703163017, 0.594059157750374, 
        0.0311454095213056, 0.316301703163017, 0.0995193163610468, 
        1.65368551613891e-07, 0.183039203099838, 5.12757071001765e-05, 
        0.550531538144152, 0.623656532726983, 1, 2.4212342998769e-09, 
        0.872292365955466, 1, 1, 0.683655082647111, 0.0364685406796147, 
        1, 0.00969477208138679, 1.19604099380323e-09, 5.12303372142331e-05, 
        0.331743576640664, 0.331743576640664, 0.00384991420995166, 
        0.331743576640664, 2.48234290119306e-06, 0.0346537596104178, 
        7.45997068567508e-05, 1, 0.0118074795989592, 0.331743576640664, 
        0.65340431773527, 0.0415974356850874, 1, 0.000297258883416264, 
        1.06621061713396e-07, 1, 0.236267130040529, 0.298859109191365, 
        0.124906867823008, 0.316301703163017, 0.316301703163017, 
        0.0198886848426379, 0.554774560113313, 1, 0.724894530775168, 
        1, 0.783806953579134, 0.312519541351439, 0.554774560113313, 
        0.783806953579134, 1, 1, 0.0190741157888525, 0.149833493361429, 
        1, 0.385859768913185, 1, 0.390604241843768, 0.204547492595805, 
        0.248000951913907, 0.00117863847041954, 0.637841840919648, 
        0.220809362818189, 0.0803162154254868, 0.20071907286035, 
        0.316301703163017, 0.0995193163610468, 1, 1, 0.109350392298081, 
        1, 0.0144334955702408, 0.90400861360512, 0.198936684331539, 
        0.00263838909101724, 0.132320543903614, 0.391924238245808, 
        0.000254553243822709, 0.312519541351439, 0.000408602436077715, 
        0.160209025904084, 1, 0.0346537596104178, 0.554774560113313, 
        0.00344360157461798, 0.0626533388351503, 3.08943599152579e-05, 
        0.316301703163017, 0.316301703163017, 0.000632394430514276, 
        0.00220876970082815, 2.50994940820533e-06, 0.81473400278041, 
        0.00660050933463381, 1, 1, 0.214409679256057, 0.0346537596104178, 
        0.198031699485666, 1, 1, 1, 0.554774560113313, 0.00274802704477136, 
        0.255090924743901, 1, 1, 0.0995193163610468, 1, 1, 1, 0.747901081815753, 
        0.214409679256057, 0.711844233698358, 0.316301703163017, 
        0.385859768913185, 1, 1, 0.123112052089346, 0.241908036994781, 
        1, 1, 1, 1, 0.649727815903019, 0.316301703163017, 1, 1, 0.269059163365142, 
        0.033058132586436, 1, 1, 1, 0.0444525636964529, 1, 0.378018781324135, 
        1, 0.353790426686906, 0.316301703163017, 0.316301703163017, 
        1, 0.600040883441018, 1, 1, 0.028472971055899, 0.312519541351439, 
        1, 0.594059157750374, 0.0995193163610468, 0.0995193163610468, 
        0.53046576488184, 1, 0.747901081815753, 1, 1, 0.312519541351439, 
        0.312519541351439, 1, 0.0995193163610468, 0.0311454095213056, 
        1, 1, 0.554774560113313, 1, 0.747901081815753, 1, 0.801658993160379, 
        1, 0.312519541351439, 1, 0.550531538144152, 0.00103582646356176, 
        0.909241460227411, 0.824533669148469, 0.0029692597870886, 
        0.362222907904143, 0.351502357176381, 0.095497321841062, 
        0.095497321841062, 1, 0.554774560113313, 0.554774560113313, 
        0.554774560113313, 0.183039203099838, 0.183039203099838, 
        0.316301703163017, 1, 1, 0.711844233698358, 0.126006737514236, 
        1, 1, 1, 1, 0.514203544520867, 0.554774560113313, 0.316301703163017, 
        1, 1, 0.00660050933463381, 1, 0.0198886848426379, 1, 0.316301703163017, 
        0.554774560113313, 0.554774560113313, 1, 0.0364685406796147, 
        0.554774560113313, 1, 0.801581349391798, 0.801581349391798, 
        0.711844233698358, 0.711844233698358, 0.725429741290744, 
        1, 0.786352081770013, 1, 1, 1, 1, 0.0626533388351503, 1, 
        1, 1, 0.0364685406796147, 1, 0.472616724064029, 1, 1, 0.16693404555362, 
        0.0677804455571517, 0.316301703163017, 1, 1, 6.98756840372222e-07, 
        1, 0.269059163365142, 0.214409679256057, 0.0995193163610468, 
        0.626880380051631, 1.19831213816655e-07, 0.56257579500428, 
        0.669624312718102, 0.594059157750374, 1, 0.594059157750374, 
        1, 0.0995193163610468, 0.299424370919394, 0.299424370919394, 
        0.533084089964987, 0.533084089964987, 1, 3.48503483200341e-05, 
        0.0603423971890772, 1, 0.183039203099838, 1, 1, 1, 1, 1, 
        0.554774560113313, 1, 1, 1, 1, 1, 1, 1, 1, 1, 0.00122720555043222, 
        0.896044228506719, 0.268549668661101, 0.731674409576953, 
        1, 0.0995193163610468, 0.0995193163610468, 0.725429741290744, 
        1, 1, 1, 1, 1, 1, 0.0995193163610468, 1, 0.269059163365142, 
        1, 1, 1, 1, 1, 1, 1, 0.0708321649350617, 0.183039203099838, 
        0.331743576640664, 0.183039203099838, 0.316301703163017, 
        0.0339321332155439, 0.385859768913185, 0.0995193163610468, 
        0.0364685406796147, 0.514203544520867, 1, 0.316301703163017, 
        0.893227302011965, 0.0476924293396571, 0.415266716214876, 
        2.77477004781346e-05, 2.77163438590099e-09, 5.78682484503579e-07, 
        1, 1, 1, 0.316301703163017, 0.316301703163017, 0.316301703163017, 
        0.331743576640664, 1, 1, 4.5542097222657e-05, 0.00660050933463381, 
        1, 0.312519541351439, 0.0630443868925812, 0.0826302106765594, 
        0.554774560113313, 0.554774560113313, 0.283103556367966, 
        0.554774560113313, 1, 1, 0.554774560113313, 0.095497321841062, 
        0.095497321841062, 1, 0.533084089964987, 0.533084089964987, 
        0.533084089964987, 0.533084089964987, 0.0630443868925812, 
        0.000138724629211176, 0.316301703163017, 0.594059157750374, 
        1, 1, 0.0826302106765594, 1, 1, 0.0142403266671042, 0.183039203099838, 
        1, 1, 1, 1, 1, 0.00969477208138679, 1, 0.0995193163610468, 
        1, 0.0364685406796147, 1, 0.00969477208138679, 0.554774560113313, 
        0.554774560113313, 0.0826302106765594, 0.0826302106765594, 
        0.0826302106765594, 0.184040493583233, 0.594059157750374, 
        1, 0.312519541351439, 1, 1, 0.0603423971890772, 0.0603423971890772, 
        0.257079409087141, 0.669624312718102, 0.0708321649350617, 
        0.191741215583128, 1, 1, 0.386389020735293, 1, 1, 0.1371152080575, 
        0.299424370919394, 1, 1, 0.56257579500428, 0.836139129433995, 
        0.16693404555362, 0.383077527851773, 0.851898736185335, 0.554774560113313, 
        0.554774560113313, 1, 1, 0.0311454095213056, 1, 1, 1, 0.554774560113313, 
        0.554774560113313, 1, 1, 0.554774560113313, 0.554774560113313, 
        0.533084089964987, 0.0995193163610468, 1, 0.418983646845183, 
        0.160377491218356, 0.00349876785522295, 1, 1, 1, 1, 1, 0.0995193163610468, 
        0.0995193163610468, 1, 0.0346537596104178, 0.0826302106765594, 
        1, 1, 1, 1, 0.0781438555223202, 1, 0.731674409576953, 0.000739941242856165, 
        1, 0.000739941242856165, 1, 0.185070622314916, 0.554774560113313, 
        1, 1, 1, 1, 0.731674409576953, 0.472616724064029, 0.160209025904084, 
        1, 0.0346537596104178, 0.594059157750374, 0.316301703163017, 
        0.10310876381898, 1, 1, 1, 0.415266716214876, 1, 0.825723847749206, 
        0.0029692597870886, 1, 1, 0.00969477208138679, 0.1371152080575, 
        1, 0.669624312718102, 1, 1, 1, 1, 1, 1, 1, 0.533084089964987, 
        0.472616724064029, 0.0579889782701293, 0.299424370919394, 
        1, 1, 1, 0.554774560113313, 0.554774560113313, 1, 0.554774560113313, 
        1, 1, 0.00142348223015131, 0.0134594180374191, 0.533084089964987, 
        0.331743576640664, 1, 0.0071767131074599, 0.554774560113313, 
        0.554774560113313, 0.849529628203864, 1, 1, 0.316301703163017, 
        0.00319044418205801, 0.0626533388351503, 1.74592329499043e-05, 
        1, 0.554774560113313, 0.554774560113313, 1, 1, 1, 1, 0.16693404555362, 
        0.0298813612707455, 1, 1, 1, 1, 0.312519541351439, 1, 1, 
        1, 0.554774560113313, 0.160209025904084, 1, 1, 1, 1, 1, 1, 
        1, 1, 1), BH_P_VALUE_UP = c(NA, NA, 0.554023233723948, 0.554023233723948, 
        NA, 6.60543103149416e-06, 3.31018618138484e-07, NA, NA, 8.14595994657075e-08, 
        NA, 0.991876371120503, 0.438627830853714, NA, 0.2746602185096, 
        0.2746602185096, NA, NA, 0.00167155030008559, NA, 1, 0.554023233723948, 
        0.2746602185096, 0.2746602185096, NA, NA, 0.0254707177392359, 
        NA, 0.537477709674652, 0.829310538024232, NA, 0.2746602185096, 
        1, NA, NA, NA, NA, 1, NA, NA, NA, NA, NA, 0.134846802947021, 
        NA, 1, 0.496812336100261, 0.2746602185096, NA, 0.478371850410581, 
        NA, 0.2746602185096, NA, NA, 0.753850630208594, 0.496812336100261, 
        0.888502791863681, 6.54035329292232e-05, 0.2746602185096, 
        0.438627830853714, NA, 0.461523877412426, 0.461523877412426, 
        0.264268651048775, NA, 0.000146153791548389, NA, 0.00163929526631235, 
        1, 0.17079058034328, 0.0070669096601348, NA, 0.0103667695563256, 
        NA, NA, NA, NA, NA, 0.00054754342102078, 0.766228694284447, 
        NA, NA, NA, 1, NA, NA, 1, 1, NA, NA, NA, NA, 0.438627830853714, 
        NA, NA, 0.829310538024232, NA, 1, NA, NA, 0.00254563223854749, 
        NA, 0.0120571461276518, 0.537477709674652, 0.984061836191595, 
        0.94733770005411, 0.482278072106788, NA, NA, NA, NA, NA, 
        0.0327656644262741, NA, 0.293949874635331, 0.602089590244045, 
        NA, 0.602089590244045, NA, NA, NA, NA, NA, NA, NA, NA, NA, 
        NA, NA, 0.602089590244045, NA, 0.602089590244045, NA, NA, 
        1, NA, NA, 0.2746602185096, NA, NA, NA, NA, NA, NA, NA, NA, 
        NA, NA, NA, 0.94733770005411, NA, NA, NA, NA, NA, NA, NA, 
        NA, NA, NA, NA, NA, NA, NA, 1, NA, NA, NA, 1, 0.306154527397512, 
        NA, NA, NA, 0.984061836191595, 1, 0.777839219966303, NA, 
        NA, NA, 0.0181350126822445, 0.0607008490767426, 8.56534263815127e-05, 
        NA, NA, 1.70780655644934e-08, 0.777839219966303, 0.777839219966303, 
        1, 0.496812336100261, NA, 0.497997042922335, 6.73054422866606e-07, 
        NA, 0.883255495215683, 0.829310538024232, 0.901638568883158, 
        NA, 0.554023233723948, 1, 0.14990291887639, 0.6419413631622, 
        0.94733770005411, 1, 0.17537813336577, 0.888502791863681, 
        0.0180611712347197, NA, NA, 0.00176356386930852, 0.438627830853714, 
        NA, NA, NA, NA, 0.181092970067383, NA, 1, 0.777839219966303, 
        2.35034207243801e-05, 0.94733770005411, 1, 0.901638568883158, 
        1, 0.438627830853714, 0.829310538024232, 0.829310538024232, 
        NA, NA, NA, 0.401661836215525, 0.777839219966303, 0.488970892713119, 
        NA, 1, 0.834339157560197, NA, NA, NA, NA, NA, NA, NA, NA, 
        NA, 0.191454297684078, 0.297873308889903, 1, 0.157717039330911, 
        0.157717039330911, 0.867908644988975, 0.6419413631622, 1, 
        1, 1, NA, 0.0421735664200771, 0.140194217679145, NA, 0.293949874635331, 
        0.2746602185096, NA, NA, 1.9161399615369e-05, 0.777839219966303, 
        1, 1, NA, 0.434676865120398, 0.00788328805482875, NA, NA, 
        NA, 0.829310538024232, NA, NA, NA, NA, 0.0607008490767426, 
        1, 2.55200831822337e-08, NA, NA, 1.69067192606801e-08, 0.000148213705155684, 
        0.678261573090496, 0.0217020436016026, 0.000483534267202166, 
        0.0144764223068364, 0.0392378924675934, 0.496812336100261, 
        0.496812336100261, 0.461523877412426, 0.482278072106788, 
        NA, 1.70780655644934e-08, NA, NA, NA, NA, 1, 0.554023233723948, 
        NA, 0.00316493706326751, 0.554023233723948, 0.157717039330911, 
        NA, NA, 0.914811187146613, 0.914811187146613, 0.829310538024232, 
        NA, NA, NA, NA, 0.554023233723948, NA, 0.777839219966303, 
        0.401661836215525, 1, 5.92693445932665e-07, 1, NA, NA, NA, 
        1, 0.777839219966303, NA, 0.00467202200770711, NA, 0.71077428644077, 
        NA, NA, NA, 0.554023233723948, NA, 0.356159936719017, 1, 
        1, NA, NA, 0.00355594779806688, 0.000239339407706927, 1, 
        NA, NA, 1, NA, 0.0118340911456669, 4.34174688153891e-05, 
        0.139521583814657, NA, NA, NA, NA, 1, 1, 0.496812336100261, 
        0.496812336100261, 0.566302009090539, NA, 1, 0.102660451306409, 
        0.951088006030031, 0.357668192657788, NA, 0.714075022509066, 
        0.680485888484923, 0.416450629935218, 0.15352092004767, 0.000148213705155684, 
        0.064467176024067, 0.554023233723948, NA, NA, 0.330167191322438, 
        NA, 1, 0.2746602185096, 1, 0.94733770005411, 0.697678836163309, 
        NA, NA, NA, 1, NA, NA, 1, NA, 0.2746602185096, 0.2746602185096, 
        0.496812336100261, 1, 0.0532335619897723, 0.554023233723948, 
        0.431942908770438, 0.942014687812181, 0.2746602185096, 0.496812336100261, 
        0.2746602185096, 0.0395983807517184, 0.773495406542294, 0.000148213705155684, 
        NA, 1, 0.152812857241961, NA, NA, 0.332752792384333, 0.0823974763703479, 
        NA, 0.777839219966303, 0.777839219966303, NA, NA, 0.829310538024232, 
        0.715655428179849, 1, 0.2746602185096, 0.777839219966303, 
        0.956538121407648, 0.0392378924675934, 0.777839219966303, 
        NA, 0.0103667695563256, NA, NA, NA, NA, 1, 0.554023233723948, 
        NA, 0.499481584823929, 0.777839219966303, 1, 0.499481584823929, 
        0.496812336100261, 1, 1, 1, 0.777839219966303, 0.452929592085971, 
        NA, NA, 0.000487324037341811, 0.777839219966303, NA, NA, 
        NA, NA, NA, 0.829310538024232, 0.157717039330911, 9.03422574600348e-06, 
        NA, 1, NA, NA, 0.777839219966303, 1, NA, 0.2746602185096, 
        0.2746602185096, 0.572939765041261, 0.209867513457, 1, 0.157717039330911, 
        0.888502791863681, NA, 0.383461714320244, 0.496812336100261, 
        1, NA, 1, 0.130665615115606, 0.226291873342505, 0.226291873342505, 
        0.00107863692953461, 0.157717039330911, 0.956538121407648, 
        NA, NA, NA, 0.103738167197275, NA, NA, 1, NA, 0.554023233723948, 
        0.829310538024232, 2.58025948490992e-06, 0.0800883101659191, 
        0.0315904904477153, 8.13351854489969e-08, 1, 0.0395983807517184, 
        1, 0.773495406542294, 0.000148213705155684, 0.157717039330911, 
        1, 0.777839219966303, 1, 1, NA, NA, NA, NA, 1, 1, NA, 4.30131600898346e-06, 
        0.000306361379483946, 0.754881809498705, NA, 0.157717039330911, 
        NA, NA, 0.157717039330911, 0.0607008490767426, NA, 1.44608661868697e-07, 
        0.438627830853714, NA, NA, 0.2746602185096, 0.2746602185096, 
        NA, 0.2746602185096, 0.554023233723948, 1, NA, 0.0245576391628135, 
        0.000276382951791882, NA, NA, NA, NA, 0.777839219966303, 
        1, 1, NA, NA, 0.2746602185096, 0.2746602185096, NA, 0.152812857241961, 
        0.554023233723948, NA, 0.883255495215683, NA, 0.0103667695563256, 
        NA, NA, 0.777839219966303, 0.181734926953646, NA, NA, NA, 
        NA, NA, 1, NA, 0.000909914857280481, NA, 0.554023233723948, 
        0.211742549419097, 0.984061836191595, NA, NA, NA, 0.777839219966303, 
        NA, NA, NA, NA, 0.064467176024067, 0.778217735465631, 0.494478089288922, 
        0.566302009090539, NA, 1, 0.306154527397512, NA, 0.901638568883158, 
        0.2746602185096, NA, NA, NA, 0.00163929526631235, 0.777839219966303, 
        0.496812336100261, NA, NA, NA, 0.134846802947021, NA, 1, 
        0.496812336100261, 1, 1.69067192606801e-08, NA, NA, NA, NA, 
        NA, 1, 0.064467176024067, NA, NA, 0.6419413631622, 0.35763890353353, 
        0.438627830853714, 0.2746602185096, NA, 1, 0.499481584823929, 
        0.2746602185096, 0.0868602020393084, 0.0800883101659191, 
        0.777839219966303, 0.777839219966303, 0.777839219966303, 
        0.777839219966303, NA, NA, NA, NA, NA, 0.942014687812181, 
        0.101823114039553, 0.706189714117652, 0.000146153791548389, 
        NA, NA, 0.2746602185096, 0.2746602185096, 0.181092970067383, 
        NA, NA, NA, NA, NA, NA, 0.613949534811264, NA, NA, 0.991876371120503, 
        0.140194217679145, 0.680485888484923, NA, NA, NA, NA, 0.2746602185096, 
        NA, NA, NA, NA, 1, NA, 0.94733770005411, 0.306154527397512, 
        1, NA, NA, 0.303800220462995, 1, NA, NA, 0.0823974763703479, 
        NA, NA, NA, 0.554023233723948, 0.554023233723948, 0.181092970067383, 
        NA, NA, NA, NA, NA, 0.401661836215525, 0.753850630208594, 
        NA, NA, NA, NA, 0.12007291731346, NA, NA, 0.496812336100261, 
        NA, NA, 0.537477709674652, NA, 0.181092970067383, 0.829310538024232, 
        NA, NA, NA, 0.818652307713008, NA, NA, NA, NA, NA, NA, NA, 
        NA, 1, NA, NA, NA, NA, NA, 0.554023233723948, NA, NA, NA, 
        0.157717039330911, 0.157717039330911, NA, NA, NA, NA, NA, 
        NA, NA, NA, 2.54841374514556e-06, NA, NA, NA, NA, NA, NA, 
        NA, NA, NA, NA, NA, NA, NA, NA, 1, 0.2746602185096, NA, 0.0339113787516877, 
        NA, 1, NA, NA, NA, NA, NA, 0.2746602185096, NA, 0.2746602185096, 
        6.60543103149416e-06, 0.888502791863681, 0.488970892713119, 
        0.0103667695563256, NA, 0.554023233723948, NA, 0.15669928384192, 
        NA, 0.2746602185096, 1, 0.829310538024232, 1, 0.2746602185096, 
        0.2746602185096, 1, 0.753850630208594, 3.50933071869039e-05, 
        0.0245576391628135, 0.438627830853714, 0.000276382951791882, 
        NA, NA, 0.888502791863681, NA, NA, NA, NA, NA, 0.0103667695563256, 
        0.11645742799374, NA, NA, NA, NA, NA, NA, 0.241526212798519, 
        NA, 0.15669928384192, 0.134846802947021, NA, 1, 0.777839219966303, 
        NA, NA, NA, NA, 1, 0.584939205747232, NA, NA, NA, NA, NA, 
        0.537477709674652, 0.532528568325993, NA, 0.812394306383117, 
        0.584758685501654, 0.954900958499194, 0.777839219966303, 
        1, NA, 0.777839219966303, NA, 1.44608661868697e-07, NA, 0.554023233723948, 
        0.43265681684418, NA, 0.554023233723948, 0.901638568883158, 
        1, NA, NA, 0.482278072106788, 0.482278072106788, 0.554023233723948, 
        0.6419413631622, 0.2746602185096, 0.554023233723948, 1.81405341919062e-06, 
        0.496812336100261, 0.000239339407706927, 0.17079058034328, 
        0.152812857241961, NA, 1, 0.0235019713336541, 1, NA, 1, 0.499481584823929, 
        1, 0.537477709674652, 0.0980741552393286, 0.195350887342568, 
        0.2746602185096, 1, NA, 0.0103667695563256, NA, NA, NA, NA, 
        NA, 0.0103667695563256, NA, NA, 1, NA, NA, NA, NA, 0.5600728505424, 
        NA, 1, 0.488970892713119, NA, NA, NA, NA, 0.438627830853714, 
        0.2746602185096, 0.2746602185096, 0.942014687812181, NA, 
        0.94733770005411, NA, NA, 1, NA, 0.0246954929035204, 0.478549506318818, 
        0.0392378924675934, 0.556091733179874, 0.2746602185096, 0.332752792384333, 
        1, NA, NA, 1, NA, 0.170578860764816, 0.490084739689855, NA, 
        1, NA, NA, 0.777839219966303, NA, 0.2746602185096, 0.181092970067383, 
        NA, 0.00068834638412659, NA, NA, NA, 2.60041444840225e-08, 
        0.15669928384192, NA, 0.0431602658588549, NA, NA, 0.241526212798519, 
        NA, NA, 1, 0.499481584823929, 0.718677571296494, NA, 1.44608661868697e-07, 
        0.00108989540415025, 0.94733770005411, 0.753850630208594, 
        NA, NA, NA, 0.000137723798277219, 0.00675864427661966, 0.568680566964724, 
        NA, NA, 0.2746602185096, 0.2746602185096, NA, NA, NA, 0.956538121407648, 
        1, 0.2746602185096, 0.000154525036694509, 0.2746602185096, 
        NA, NA, NA, NA, NA, NA, 1, NA, NA, NA, NA, NA, NA, NA, 0.554023233723948, 
        0.2746602185096, NA, NA, NA, 1, NA, NA, NA, NA, NA, NA, NA, 
        NA, NA, NA, NA, NA, NA, 0.554023233723948, NA, NA, NA, NA, 
        NA, NA, NA, NA, 0.494478089288922, NA, NA, 0.0823974763703479, 
        NA, NA, 1, 1, 0.2746602185096, 0.0800883101659191, NA, NA, 
        NA, 1, NA, NA, 1, 0.152821648679765, 0.180906799155453, 0.496812336100261, 
        1, 0.346927926047287, 0.396679117378424, 0.0532335619897723, 
        NA, NA, NA, 0.757099096196358, 6.60661426459205e-05, 0.00392050067920318, 
        0.777839219966303, 1, NA, NA, 0.482278072106788, 0.2746602185096, 
        0.554023233723948, 5.6838633795124e-06, 0.2746602185096, 
        0.777839219966303, NA, 0.888502791863681, 0.0143616651341111, 
        NA, 0.2746602185096, 0.554023233723948, 0.152812857241961, 
        0.2746602185096, 0.554023233723948, 0.496812336100261, 0.777839219966303, 
        8.38225657915679e-07, 0.554023233723948, 0.000306361379483946, 
        9.03422574600348e-06, 1, 0.0607008490767426, NA, NA, NA, 
        NA, 0.496812336100261, 0.2746602185096, NA, NA, NA, NA, 0.261734275932554, 
        0.499481584823929, 0.554023233723948, NA, NA, 0.438627830853714, 
        0.554023233723948, 0.829310538024232, 0.152812857241961, 
        0.554023233723948, 0.2746602185096, 5.54976859216217e-06, 
        NA, 0.000672192472766376, 0.799127959347653, 0.866304355890627, 
        NA, 1.56262736738209e-07, 1, 1, NA, 0.914811187146613, 0.157717039330911, 
        NA, 0.0607008490767426, 1.11497599311212e-07, 0.000672192472766376, 
        NA, NA, NA, NA, NA, NA, NA, NA, NA, NA, 0.888502791863681, 
        0.17537813336577, NA, 0.00328158162087165, 4.06613958079722e-06, 
        NA, 0.496812336100261, 0.554023233723948, 0.332688451122233, 
        0.554023233723948, 0.554023233723948, NA, NA, NA, 0.94733770005411, 
        1, 0.991876371120503, NA, NA, 0.991876371120503, 1, 1, 0.105284099650311, 
        0.384435171040485, 1, 0.6419413631622, NA, 0.647661974124351, 
        0.472769549002426, 0.50998234964649, 0.0107486703987173, 
        0.881629826246432, 0.490103321175822, 0.2746602185096, 0.465202492071363, 
        0.554023233723948, 0.2746602185096, NA, 1, 0.297873308889903, 
        NA, 0.0829431697495347, 1, 0.462348692947816, 0.0217020436016026, 
        0.346927926047287, 0.648568907077382, NA, NA, NA, 0.401661836215525, 
        NA, NA, NA, 0.0257962653670043, NA, 0.000454743297700025, 
        0.554023233723948, 0.554023233723948, 0.00663223659001847, 
        NA, 5.69147987428181e-05, 1, NA, NA, NA, 0.482278072106788, 
        NA, 0.461523877412426, NA, NA, NA, NA, 0.0223844144714871, 
        0.523279427530888, 1, 1, 0.2746602185096, NA, 1, 1, 0.956538121407648, 
        0.482278072106788, 0.942014687812181, 0.554023233723948, 
        0.6419413631622, NA, NA, 0.330003232277833, 0.499481584823929, 
        NA, 1, 1, 1, 0.888502791863681, 0.554023233723948, NA, NA, 
        0.537477709674652, 0.15669928384192, NA, NA, 1, 0.181092970067383, 
        1, 0.63943096276401, NA, 0.602089590244045, 0.554023233723948, 
        0.554023233723948, NA, 0.834882754903838, 1, NA, 0.147461868616662, 
        NA, NA, 0.829310538024232, 0.2746602185096, 0.2746602185096, 
        0.777839219966303, NA, 0.956538121407648, NA, 1, NA, NA, 
        NA, 0.2746602185096, 0.152812857241961, NA, NA, NA, NA, 0.956538121407648, 
        NA, 1, NA, NA, NA, 0.799127959347653, 0.0103459333681942, 
        1, 1, 0.0235019713336541, 0.613949534811264, 0.602089590244045, 
        0.2746602185096, 0.2746602185096, 1, NA, NA, NA, NA, NA, 
        0.554023233723948, NA, NA, 0.942014687812181, 0.332752792384333, 
        1, 1, NA, NA, 0.777839219966303, NA, 0.554023233723948, NA, 
        NA, NA, NA, NA, NA, 0.554023233723948, NA, NA, NA, 0.157717039330911, 
        NA, 1, 1, 1, 0.942014687812181, 0.942014687812181, 0.94733770005411, 
        1, 0.993598488863014, NA, NA, NA, NA, NA, NA, NA, NA, 0.157717039330911, 
        1, 0.753850630208594, NA, NA, 0.414371787631619, 0.258489971920228, 
        0.554023233723948, NA, 1, 1.83205309085092e-05, 1, 0.537477709674652, 
        0.482278072106788, 0.2746602185096, 0.867908644988975, 4.30131600898346e-06, 
        0.812394306383117, 0.901638568883158, 0.829310538024232, 
        1, 0.829310538024232, 1, 0.2746602185096, 0.554023233723948, 
        0.554023233723948, 0.777839219966303, 0.777839219966303, 
        NA, 0.000487324037341811, NA, NA, NA, NA, NA, NA, NA, NA, 
        NA, NA, 1, 1, NA, NA, NA, NA, NA, NA, 0.0110712414711036, 
        1, 0.537477709674652, 0.94733770005411, NA, 0.2746602185096, 
        0.2746602185096, 0.94733770005411, NA, NA, 1, NA, NA, NA, 
        0.2746602185096, NA, 0.537477709674652, NA, NA, NA, NA, NA, 
        NA, NA, 0.26530440348445, NA, NA, NA, 0.554023233723948, 
        0.157717039330911, 0.6419413631622, 0.2746602185096, 0.157717039330911, 
        0.777839219966303, 1, 0.554023233723948, 1, 0.191454297684078, 
        0.680485888484923, 0.000415720012520624, 1.66100089269352e-07, 
        1.56617614354356e-05, NA, NA, NA, 0.554023233723948, 0.554023233723948, 
        0.554023233723948, NA, 1, 1, 0.000616287412416279, NA, NA, 
        NA, 0.241526212798519, 0.2746602185096, NA, NA, 0.554023233723948, 
        NA, NA, NA, NA, 0.2746602185096, 0.2746602185096, 1, 0.777839219966303, 
        0.777839219966303, 0.777839219966303, 0.777839219966303, 
        0.241526212798519, 0.00163929526631235, 0.554023233723948, 
        0.829310538024232, NA, NA, 0.2746602185096, 1, NA, 0.0823974763703479, 
        NA, NA, NA, NA, NA, NA, 0.0607008490767426, 1, 0.2746602185096, 
        NA, 0.157717039330911, NA, 0.0607008490767426, NA, NA, 0.2746602185096, 
        0.2746602185096, 0.2746602185096, 0.438627830853714, 0.829310538024232, 
        NA, NA, NA, NA, NA, NA, 0.52607225420515, 0.901638568883158, 
        0.26530440348445, 0.452929592085971, 1, NA, 0.6419413631622, 
        1, 1, 0.356159936719017, 0.554023233723948, NA, NA, 0.812394306383117, 
        1, 0.414371787631619, 0.6419413631622, 1, NA, NA, 1, NA, 
        0.152812857241961, NA, 1, NA, NA, NA, 1, 1, NA, NA, 0.777839219966303, 
        0.2746602185096, NA, 0.685238361994364, 0.401661836215525, 
        0.0259775772613456, NA, NA, NA, NA, NA, 0.2746602185096, 
        0.2746602185096, NA, NA, 0.2746602185096, NA, NA, NA, NA, 
        0.2746602185096, NA, 0.94733770005411, NA, NA, NA, NA, 0.438627830853714, 
        NA, NA, NA, NA, NA, 0.94733770005411, 0.753850630208594, 
        0.401661836215525, NA, NA, 0.829310538024232, 0.554023233723948, 
        NA, NA, NA, NA, 0.680485888484923, NA, 1, 0.0235019713336541, 
        1, NA, 0.0607008490767426, 0.356159936719017, 1, 0.901638568883158, 
        NA, NA, NA, 1, NA, NA, NA, 0.777839219966303, 0.753850630208594, 
        0.226291873342505, 0.554023233723948, NA, NA, NA, NA, NA, 
        1, NA, NA, NA, 0.0124406415739265, 0.0800883101659191, 0.777839219966303, 
        NA, NA, 0.0485585669125714, NA, NA, 1, NA, 1, 0.554023233723948, 
        0.0245576391628135, NA, 0.000276382951791882, NA, NA, NA, 
        NA, NA, NA, NA, 0.414371787631619, 0.152812857241961, NA, 
        NA, NA, NA, NA, NA, 1, 1, NA, 0.401661836215525, NA, NA, 
        1, 1, NA, NA, 1, 1, NA), ORA_SCORE_UP = c(0, 0, 0, 0, 0, 
        20.136289012904, 35.5119136659017, 0, 0, 30.5218744130372, 
        0, 0, 0, 0, 0, 0, 0, 0, 7.57645685459991, 0, 0, 0, 0, 0, 
        0, 0, 0, 0, 0, 0, 0, 0, 0, 0, 0, 0, 0, 0, 0, 0, 0, 0, 0, 
        0, 0, 0, 0, 0, 0, 0, 0, 0, 0, 0, 0, 0, 0, 13.1415033223386, 
        0, 0, 0, 0, 0, 0, 0, 0, 0, 0, 0, 0, 0, 0, 0, 0, 0, 0, 0, 
        0, 0, 0, 0, 0, 0, 0, 0, 0, 0, 0, 0, 0, 0, 0, 0, 0, 0, 0, 
        0, 0, 0, 0, 0, 0, 0, 0, 0, 0, 0, 0, 0, 0, 0, 0, 0, 0, 0, 
        0, 0, 0, 0, 0, 0, 0, 0, 0, 0, 0, 0, 0, 0, 0, 0, 0, 0, 0, 
        0, 0, 0, 0, 0, 0, 0, 0, 0, 0, 0, 0, 0, 0, 0, 0, 0, 0, 0, 
        0, 0, 0, 0, 0, 0, 0, 0, 0, 0, 0, 0, 0, 0, 0, 0, 0, 0, 0, 
        0, 0, 0, 0, 0, 0, 0, 0, 0, 6.1412569439675, 0, 0, 20.4447362856388, 
        0, 0, 0, 0, 0, 0, 28.1858317659229, 0, 0, 0, 0, 0, 0, 0, 
        0, 0, 0, 0, 0, 0, 0, 0, 0, 0, 0, 0, 0, 0, 0, 0, 0, 0, 0, 
        0, 0, 0, 0, 0, 0, 0, 0, 0, 0, 0, 0, 0, 0, 0, 0, 0, 0, 0, 
        0, 0, 0, 0, 0, 0, 0, 0, 0, 0, 0, 0, 0, 0, 0, 0, 0, 0, 1.37630903278602, 
        0, 0, 0, 0, 0, 0, 7.48538268243132, 0, 0, 0, 0, 0, 0, 0, 
        0, 0, 0, 0, 0, 0, 0, 0, 0, 16.524656458159, 0, 0, 28.0202514387501, 
        Inf, 0, 1.78638752673168, 4.27643330719598, 3.74579385289652, 
        3.65096296092327, 0, 0, 0, 0, 0, 28.800665944187, 0, 0, 0, 
        0, 0, 0, 0, Inf, 0, 0, 0, 0, 0, 0, 0, 0, 0, 0, 0, 0, 0, 0, 
        0, 0, 11.3216365833684, 0, 0, 0, 0, 0, 0, 0, 3.61605743296997, 
        0, 0, 0, 0, 0, 0, 0, 0, 0, 0, 0, 0, 0, 0, 0, 0, 0, 0, 0, 
        0, 9.54268543933764, 0, 0, 0, 0, 0, 0, 0, 0, 0, 0, 0, 0, 
        0, 0, 0, 0, 0, 0, 0, 0, 0, 0, 0, 0, 0, 0, 0, 0, 0, 0, 0, 
        0, 0, 0, 0, 0, 0, 0, 0, 0, 0, 0, 0, 0, 0, 0, 0, 0, 0, 0, 
        0, 1.23636803943494, 0, 0, 0, 0, 0, 0, 0, 0, 0, 0, 0, 0, 
        0, 0, 0, 0, 0, 0, 0, 0, 3.65096296092327, 0, 0, 0, 0, 0, 
        0, 0, 0, 0, 0, 0, 0, 0, 0, 0, 0, 0, 0, 0, 0, 0, 0, 4.31388918117251, 
        0, 0, 0, 0, 0, 0, 0, 0, 8.31678113253807, 0, 0, 0, 0, 0, 
        0, 0, 0, 0, 0, 0, 0, 0, 0, 0, 0, 0, 0, 0, 0, 0, 0, 0, Inf, 
        0, 0, 0, 0, 0, 0, 0, 0, 0, 0, 0, 0, 11.690395071873, 0, 2.7932404341453, 
        14.6669345565448, 0, 1.23636803943494, 0, 0, 0, 0, 0, 0, 
        0, 0, 0, 0, 0, 0, 0, 0, 0, 10.0462756335908, 5.09518435163397, 
        0, 0, 0, 0, 0, 0, 0, 0, 14.8798837814554, 0, 0, 0, 0, 0, 
        0, 0, 0, 0, 0, 1.6013457144571, 5.34690346471627, 0, 0, 0, 
        0, 0, 0, 0, 0, 0, 0, 0, 0, 0, 0, 0, 0, 0, 0, 0, 0, 0, 0, 
        0, 0, 0, 0, 0, 0, 0, 0, 0, 0, 0, 0, 0, 0, 0, 0, 0, 0, 0, 
        0, 0, 0, 0, 0, 0, 0, 0, 0, 0, 0, 0, 0, 0, 6.33325255486294, 
        0, 0, 0, 0, 0, 0, 0, 0, 0, 0, 26.9533590262208, 0, 0, 0, 
        0, 0, 0, 0, 0, 0, 0, 0, 0, 0, 0, 0, 0, 0, 0, 0, 0, 0, 0, 
        0, 0, 0, 0, 0, 0, 0, 0, 0, 5.4548469340393, 0, 0, 0, 0, 0, 
        0, 0, 0, 0, 0, 0, 0, 0, 0, 0, 0, 0, 0, 0, 0, 0, 0, 0, 0, 
        0, 0, 0, 0, 0, 0, 0, 0, 0, 0, 0, 0, 0, 0, 0, 0, 0, 0, 0, 
        0, 0, 0, 0, 0, 0, 0, 0, 0, 0, 0, 0, 0, 0, 0, 0, 0, 0, 0, 
        0, 0, 0, 0, 0, 0, 0, 0, 0, 0, 0, 0, 0, 0, 0, 0, 0, 0, 0, 
        0, 0, 0, 0, 0, 0, 0, 0, 0, 0, 0, 0, 0, 0, 0, 0, Inf, 0, 0, 
        0, 0, 0, 0, 0, 0, 0, 0, 0, 0, 0, 0, 0, 0, 0, 2.19479079641662, 
        0, 0, 0, 0, 0, 0, 0, 0, 0, 0, 20.136289012904, 0, 0, 0, 0, 
        0, 0, 0, 0, 0, 0, 0, 0, 0, 0, 0, 0, 6.82036868550188, 1.6013457144571, 
        0, 5.34690346471627, 0, 0, 0, 0, 0, 0, 0, 0, 0, 0, 0, 0, 
        0, 0, 0, 0, 0, 0, 0, 0, 0, 0, 0, 0, 0, 0, 0, 0, 0, 0, 0, 
        0, 0, 0, 0, 0, 0, 0, 0, 0, 0, 0, 0, 0, 0, 14.8798837814554, 
        0, 0, 0, 0, 0, 0, 0, 0, 0, 0, 0, 0, 0, 0, 0, 9.98736655771175, 
        0, 0, 0, 0, 0, 0, 1.63668496555109, 0, 0, 0, 0, 0, 0, 0, 
        0, 0, 0, 0, 0, 0, 0, 0, 0, 0, 0, 0, 0, 0, 0, 0, 0, 0, 0, 
        0, 0, 0, 0, 0, 0, 0, 0, 0, 0, 0, 0, 0, 0, 0, 0, 0, 2.39346551030036, 
        0, 4.19233082089046, 0, 0, 0, 0, 0, 0, 0, 0, 0, 0, 0, 0, 
        0, 0, 0, 0, 0, 0, 0, 0, 0, 0, 0, 16.1764112422902, 0, 0, 
        0, 0, 0, 0, 0, 0, 0, 0, 0, 0, 14.8798837814554, 0, 0, 0, 
        0, 0, 0, 6.23070108391328, 4.51143320193452, 0, 0, 0, 0, 
        0, 0, 0, 0, 0, 0, 0, 6.80632326849017, 0, 0, 0, 0, 0, 0, 
        0, 0, 0, 0, 0, 0, 0, 0, 0, 0, 0, 0, 0, 0, 0, 0, 0, 0, 0, 
        0, 0, 0, 0, 0, 0, 0, 0, 0, 0, 0, 0, 0, 0, 0, 0, 0, 0, 0, 
        0, 0, 0, 0, 0, 0, 0, 0, 0, 0, 0, 0, 0, 0, 0, 0, 0, 0, 0, 
        0, 0, 0, 0, 0, 0, 0, 0, 0, 0, 0, 0, 0, 0, 0, 0, 0, 16.0724391148453, 
        0, 0, 0, 0, 7.34320507517602, 0, 0, 0, 0, 0, 0, 0, 0, 10.93656561424, 
        0, 5.09518435163397, 8.31678113253807, 0, 0, 0, 0, 0, 0, 
        0, 0, 0, 0, 0, 0, 0, 0, 0, 0, 0, 0, 0, 0, 0, 0, 0, 0, 0, 
        0, 0, 0, 0, 12.7737883751674, 0, 0, 0, 0, 0, 0, 0, 16.4743335498041, 
        7.27892730376192, 0, 0, 0, 0, 0, 0, 0, 0, 0, 0, 0, 0, 0, 
        0, 10.492361545936, 0, 0, 0, 0, 0, 0, 0, 0, 0, 0, 0, 0, 0, 
        0, 0, 0, 0, 0, 0, 0, 0, 0, 0, 0, 0, 1.98816024133726, 0, 
        0, 0, 0, 0, 0, 0, 0, 0, 0, 0, 0, 0, 1.6568554863327, 0, 0, 
        0, 0, 0, 0, 0, 0, 0, 1.53553303144596, 0, 4.90182589037411, 
        0, 0, 3.03461912291719, 0, 14.313476011306, 0, 0, 0, 0, 0, 
        0, 0, 0, 0, 0, 0, 0, 0, 0, 0, 0, 0, 0, 0, 0, 0, 0, 0, 0, 
        0, 0, 0, 0, 0, 0, 0, 0, 0, 0, 0, 0, 0, 0, 0, 0, 0, 0, 0, 
        0, 0, 0, 0, 0, 0, 0, 0, 0, 0, 0, 0, 0, 0, 0, 0, 0, 0, 0, 
        0, 0, 0, 0, 0, 0, 0, 0, 0, 0, 0, 0, 0, 0, 0, 0, 0, 2.11475840495352, 
        0, 0, 1.63668496555109, 0, 0, 0, 0, 0, 0, 0, 0, 0, 0, 0, 
        0, 0, 0, 0, 0, 0, 0, 0, 0, 0, 0, 0, 0, 0, 0, 0, 0, 0, 0, 
        0, 0, 0, 0, 0, 0, 0, 0, 0, 0, 0, 0, 0, 0, 0, 0, 0, 0, 0, 
        0, 0, 0, 0, 0, 0, 0, 0, 0, 0, 0, Inf, 0, 0, 0, 0, 0, 8.94700131985669, 
        0, 0, 0, 0, 0, 0, 0, 0, 0, 0, 0, 0, 4.31388918117251, 0, 
        0, 0, 0, 0, 0, 0, 0, 0, 0, 0, 0, 0, 0, 0, 0, 0, 0, 1.97320148710057, 
        0, 0, 0, 0, 0, 0, 0, 0, 0, 0, 0, 0, 0, 0, 0, 0, 0, 0, 0, 
        0, 0, 0, 0, 0, 0, 0, 0, 0, 0, 0, 0, 0, 0, 0, 0, 0, 0, 0, 
        0, 17.3264275402182, 10.0759796986817, 0, 0, 0, 0, 0, 0, 
        0, 0, 0, 0, 0, 0, 0, 0, 0, 0, 0, 0, 0, 0, 0, 0, 0, 0, 0, 
        0, 0, 0, 0, 0, 6.33325255486294, 0, 0, 0, 0, 0, 0, 0, 0, 
        0, 0, 0, 0, 0, 0, 0, 0, 0, 0, 0, 0, 0, 0, 0, 0, 0, 0, 0, 
        0, 0, 0, 0, 0, 0, 0, 0, 0, 0, 0, 0, 0, 0, 0, 0, 0, 0, 0, 
        0, 0, 0, 0, 0, 0, 0, 0, 0, 0, 0, 0, 0, 0, 0, 0, 0, 0, 0, 
        0, 0, 0, 0, 0, 0, 0, 0, 0, 0, 0, 0, 0, 0, 0, 0, 0, 0, 0, 
        0, 0, 0, 0, 0, 0, 0, 0, 0, 0, 0, 0, 0, 0, 0, 0, 0, 0, 0, 
        0, 0, 0, 0, 0, 0, 0, 0, 0, 0, 1.63668496555109, 0, 0, 0, 
        0, 0, 0, 0, 0, 0, 0, 0, 0, 0, 0, 0, 0, 0, 0, 0, 0, 0, 0, 
        0, 0, 0, 0, 4.46178989627191, 0, 0, 0, 0, 1.39174890047811, 
        0, 0, 0, 0, 0, 0, 1.6013457144571, 0, 5.34690346471627, 0, 
        0, 0, 0, 0, 0, 0, 0, 0, 0, 0, 0, 0, 0, 0, 0, 0, 0, 0, 0, 
        0, 0, 0, 0, 0, 0, 0, 0), OR_DOWN = c(0, 0, 0, 0, 0, 0, 0, 
        0, 0, 0, 0, 0, 0, 0, 0, 0, 0, 0, 0, 0, 0, 0, 0, 0, 0, 0, 
        0.340129909347707, 0, 0, 0.289776886313384, 0, 0.494277049572101, 
        0, 0, 0, 0, 0, 0, 0, 0, 0, 0, 0, 0, 0, 0, 0, 0, 0, 0, 0, 
        0, 0, 0, 0, 0, 0, 0, 0, 0, 0, 0.94627646071429, 0.94627646071429, 
        0, 26.5004654497653, 0.630759595925457, 42.6418417651028, 
        0.339084079036137, 0, 0.351952474501906, 0.665380882365612, 
        0, 0.686259778352112, 0, 0, 0, 0, 0, 0.421642650540095, Inf, 
        0, 0, 123.464099825078, 0, 0, 0, 0, 0, 0, 0, 0, 0, 0, 8.58993785420521, 
        0, 0, 0, 0, 0, 0, 10.7457875986138, 0, 3.30583799775942, 
        0, 0, 0, 0, 0, 0, 4.69890549341486, 0, 2.30397216374001, 
        0, 0, 0, 0, 0, 0, 0, 0, 0, 0, 0, 0, 0, 0, 0, 0, 0, 0, 0, 
        0, 0, 0, 0, 0, 123.464099825078, 0, 123.464099825078, 123.464099825078, 
        0, 17.5783572078555, 0, 8.58993785420521, 5.15595273840961, 
        0, 8.58993785420521, 0, 0, 0, 0, 0, 0, 0, 0, 0, 0, 0, 0, 
        0, 0, 0, 0, 0, 0, 0, 0, 0, 0, 0, 0, 0, 18.2085733195894, 
        0, 0, 0, 0, 0, 0, 9.3976654875348, 0, 0.48771471443359, 0, 
        0, 0, 0, 0, Inf, 0, 0, 0.208402500149361, 0, 0, 0, 0, 0, 
        0, 0, 0, 1.11077997033968, 0, 0.626914582832798, 0, 0, 0, 
        0.663854051238598, 0, 0, 9.16510914030287, 0, 0, 0, 0, 0, 
        0, 41.7803687750696, 0, 0, 5.00341774719162, 1.26705818436796, 
        0, 0, 0, 0, 0, 0, 0, 0, 0, 0.811466219673582, 0, 0, 0, 0, 
        0, 0, 0, 0, 0, 0, 0, 0, 0, 0, 0, 0.0799313644914166, 0, 0, 
        0, 0, 0, 0, 0, 0, 0, 0.243681772114507, 0, 0, 0, 0, 0, 3.20945675107251, 
        0.257992368238714, 0.506454844319449, 0.501288558288534, 
        0.846820821157736, 0, 0.194546382177611, 7.51595436945611, 
        8.58993785420521, 8.58993785420521, 8.58993785420521, 0, 
        0, 0, 0, 0, 0, 1.03048593720725, 0.385228428651721, 0, 7.82118432208892, 
        0, 0, 0, 0.702078351577706, 1.50319385760333, 0, 0, 0, 0, 
        0, 0, 0, 0, 0, 0, 0, 0, 1.12994486621723, 0, 0, 0, 0, 0, 
        0, 0, 0, 0, 0, 0, 0, 0, 0, 0, 0, 0, 0, Inf, 0.0759693674693145, 
        0, 0, 0, 1.95469273914653, 0, 0, 0, 0.942430348353298, 0, 
        0, 0, 0, 0, 0, 0, 0, 0, 0, 0, 0, 0, 0, 0, 0, 0, 0, 0, 0, 
        0, 0, 0, 0, 0, 0, 0, 0, 0, 0, 0.482606031099447, 0, 0, 0, 
        0.282080844971929, 0, 0, 0, 0, 0, 0, 0, 0.155053653825447, 
        0.0367851910942454, 0, 0, 0.241645189098363, 0, 0, 0, 0, 
        0, 0.29524441543979, 0, 0, 0, 0.708364693707249, 0, 0, 0, 
        0, 0, 0, 0, 0.147846312965519, 0, 0.412774264480624, 0, 0, 
        0, 0, 0, 0, 0, 0, 0, 0, 0, 0, 0, 0, 0, 0, 0, 0, 0, 0, 0, 
        0.229742897763051, 0.811466219673582, 0, 0, 2.55759501053244, 
        0, 0, 1.95469273914653, 1.89460896130125, 0, 0, 0, 0, 0, 
        0, 0, 0, 0, 0, 0, 0, 0, 0, 0, 2.14681058264053, 6.28544793754232, 
        5.45237336357605, 0, 0.208236525443224, 0, 0, 0, 0, 0, 0, 
        0.100340904809605, 0, 0.272715862380716, 0, 0, 0, 0, 0, 0, 
        0, 0.731814556277292, 0, 3.85935492102214, 0.0957151789234583, 
        0, 0, 0, 0, 0, 0, 0, 0, 0, 0, 0, 0, 0, 0, 0, 0, 0, 0, 1.12994486621723, 
        0, 1.39498055870423, 0, 0, 0, 0, 0.294655591722976, 0, 0, 
        0.37083896719766, 0, 0, 1.12994486621723, 0, 0, 0, 0, 0, 
        0.798027532649498, 0, 0, 0, 0, 0, 0, 0, 0, 0, 0.182231652851849, 
        0, 0, 0, 0, 0, 0, 0, 0, 0, 0, 0, 0, 0, 0, 0, 0, 0, 0, 0, 
        0, 0, 0, 0, 0, 0, 0, 0, 0, 0, 0, 0, 0, 0, 0, 0, 8.58993785420521, 
        1.18676824977804, 0, 1.89460896130125, 25.2321139729072, 
        41.7803687750696, 0, 0, 0, 0, 0, 6.44714415850362, 6.44714415850362, 
        0, 0, 2.11958831003444, 0, 0, 4.96016787201223, 0.767736494403647, 
        0, 0, 0, 0, 0, 0, 0, 0, 0.0807503048159566, 0, 0.189477112283522, 
        0.482606031099447, 0, 0, 0, 0, 0, 0, 0, 0, 0, 0, 0, 0, 0, 
        0, 0, 0, 0, 0, 0, 2.68338621394611, 0, 0, 0, 0, 0, 0, 0, 
        0.64524841338578, 0, 0, 0, 0, 0, 0, 0, 0.19715700494381, 
        0, 0, 0, 0, 0, 0, 0, 0, 0, 0, 0, 0, 0, 0, 0, 0.537702771506823, 
        0.141237497367197, 0, 0, 0, 0, 0, 0, 0, 0, 0, 0, 0, 0, 0, 
        0, 0, 0, 0, 0, 0, 0, 0, 0, 0, 0, 0, 0, 0, 0, 0, 0, 0, 0, 
        0, 0.0722157394923787, 0, 0, 0, 0.233108907008113, 4.52712825265546, 
        0, 6.06694830765811, 0, 0, 1.63370393107582, 0, 0, 0, 0, 
        0, 0, 0, 0, 0, 0, Inf, 0, 0, 0, 0, 0, 0, 0, 0, 0, 0, 0, 0, 
        0, 0, 0, 0, 0, 0, 0, 0, 0, 0, 0, 0, 0, 0, 0, 0, 0, 0, 0, 
        0, 0, 0, 0, 0, 0, 0, 0, 0, 0, 0, 0, 0, 0, 0, 0, 0, 0, 0, 
        0, 0, 0, 0, 0, 0, 0, 0, 0, 0, 0, 0, 0, 0, 0, 0, 0, 0, 0, 
        0, 0, 0, 0, 0, 0.686259778352112, 0, 0, 0, 5.90829726242798, 
        0, 0, 0, 0, 0, 0, 0, 0, 0, 0.2104291142399, 0, 0, 0, 0, 0, 
        0, 0, 4.29239479478428, 0, 0, 0, 0.686259778352112, 0.610165501524217, 
        3.67374166190224, 0, 0, 0, 0, 0, 0.229007602657033, 0, 0, 
        0, 0, 0, 0.506454844319449, 0, 0, 0, 0, 0, 0.460662844446926, 
        0, 0, 0, 0, 0, 0, 0, 0, 0, 0, 0, 0, 0, 0, 0, 0, 0, 0, 0, 
        0, 0, 0, 0.32698322593002, 0, 0, 0, 0, 0, 0, 1.23876186060587, 
        0, 1.36726508160209, 0.0972295623145479, 0, 0, 0.646561800955103, 
        0.660368738535293, 0, 0, 0.166820784323555, 0, 0, 0, 0, 0, 
        0, 0.365663832862606, 0, 0, 0, 0, 0.686259778352112, 0, 0, 
        0, 0, 0, 0.686259778352112, 0, 0, 0, 0, 0, 0, 0, 0, 0, 0, 
        0, 0, 0, 0, 0, 0, 0, 0, 0, 0, 0, 0, 0, 0, 0, 0, 0, 0, 0, 
        0.19715700494381, 0.164773632299988, 0, 0, 0, 0, 0, 0.229742897763051, 
        0, 0, 0, 0, 0, 0, 0, 0, 4.17085865885656, 0, 0.699907541295422, 
        0, 0, 8.58993785420521, 0.56951463451217, 0.263063932814778, 
        0, 0, 0, 0, 1.12994486621723, 0, 0, 0, 0, 3.67374166190224, 
        0, 0, 0.458128430177458, 0, 0, 0, 0, 0, 0.477908640296497, 
        0, 0, 0, 0, 0, 0, 0, 0, 0, 0, 0, 0, 0.351952474501906, 0, 
        0, 0, 0, 0, 0, 0, 0, 0, 0, 0, 0, 0, 0, 0, 0, 0, 0, 0, 0, 
        0, 0, 0, 0, 0, 0, 0, 0, 0, 0, 0, 0, 0, 0, 0, 0, 0, 0, 0, 
        0, 0, 0, 0, 1.42518775846037, 0, 0, 0.233108907008113, 0, 
        0, 0, 0, 0, 0, 0, 0, 0, 0, 0, 0, 0, 0, 0, 0, 0.535431118477831, 
        0, 0.128731862675467, 0, 0, 0, 0, 1.67065628334489, 1.86571498287085, 
        0, 0, 0, 0, 0, 0, 0, 0, 0, 0, 0, 0, 0, 0, 0, 0, 0, 0, 0, 
        0, 0, 0, 0, 0, 0.182231652851849, 0.272715862380716, 0, 0, 
        4.52712825265546, 6.06694830765811, 0, 0, 0, 0, 0, 0, 0, 
        0, 0, 0, 0, 0, 0, 0, 0, 0, 0, 0, 0, 13.7408355387069, 0, 
        10.8940574816728, 1.23233718885089, 0.19715700494381, 0, 
        0.312571318589681, 0.406381496511865, 0, 0, 0, 0, 0, 0, 0, 
        0, 123.464099825078, 123.464099825078, 7.28452184680417, 
        6.44714415850362, 4.03288206602744, 0, 2.30397216374001, 
        0, 2.12233551933501, 6.44714415850362, 0, 0, 0, Inf, 0.521716226418176, 
        0, 0, 0, 0, 0, 0, 0, 0, 0, 0.162762061118593, 0, 0, 0, 0, 
        1.81080550379148, 2.12233551933501, 2.12233551933501, 0, 
        0.339084079036137, 0, 0, 0, 0, 0, 0, 0.0952189215061848, 
        0, 0.191986914314396, 0, 0.0767445537474931, 0, 0, 0, 0, 
        0.0799313644914166, 0, 0.24226842413802, 0.182231652851849, 
        0, 0.146117089599357, 0, 0, 6.53320476163309, 0, 2.81611144812296, 
        0.811466219673582, 0, 0, 0, 0, 0, 0, 0, 0, 0, 0, 0, 0, 0, 
        0, 0, 0, 0, 0.158842013815277, 0, 0, 0, 0, 0, 0.136300101528887, 
        0, 0, 0, 0, 0, 0, 2.55759501053244, 0, 0, 0, 0, 0, 0, 0, 
        0, 0, 0, 0, 0, 0, 0, 0, 0, 0, 5.90829726242798, 0, 0, 0, 
        0.128953122993044, 0, 1.03048593720725, 0, 0, 0, 0, 0, 0, 
        0, 0, 0, 0, 0, 0, 0, 0, 0, 0, 0, 0, 0, 0, 0, 0, 0, 0, 0, 
        0, 0, 0, 0, 0, 0, 0, 0, 0, 1.23233718885089, 0.278912634680978, 
        0.137872886001341, 0, 0.166820784323555, 0, 0, 0, 0, 0, 0, 
        0, 0, 0, 0, 0, 0, 0, 0, 0, 0, 0, 0, 0, 0, 0, 0, 0, 0, 4.52712825265546, 
        0, 6.06694830765811, 0, 0, 0, 0, 0, 0, 0, 0, 0, 0, 0, 0, 
        0, 0, 0, 0, 0, 0, 0, 0, 0, 0, 0, 0, 0, 0, 0, 0, 0, 0, 0, 
        0, 5.15595273840961, 0, 0, 0, 0, 0, 0, 0.0832629220005576, 
        0, 0, 0, 0, 0, 0, 0, 0, 0, 0, 0, 0, 0.208236525443224, 0, 
        0, 0, 0, 0, 0, 0, 0, 0, 0, 0, 0, 0, 0, 0, 0, 0, 0, 0.0894723567735771, 
        0, 0, 0, 0, 0, 0, 0, 0, 0, 0, 0, 0, 0, 0, 0, 0, 0, 0, 0, 
        0, 0, 0, 0, 0, 0, 0, 0, 0, 0, 0, 0, 0, 2.55759501053244, 
        4.29239479478428, 0, 2.68338621394611, 0, 0, 2.28467926652395, 
        0.39596999117951, 0.84744180343424, 0, 0, 0, 0, 0, 0, 0, 
        0, 0, 6.52460513255325, 28.138440467789, 0, 0, 1.12994486621723, 
        0, 0, 0, 0, 0, 0, 0, 0, 0, 0, 0, 0, 0, 0, 0, 0, 0, 0, 0, 
        0, 0, 0, 0, 0, 0.233108907008113, 166.509256772314, 0, 0, 
        0, 0, 0, 0, 0, 0, 0, 0, 0, 0, 0, 0, 0, 0, 0, 0, 0, 0, 0, 
        0, 0, 0, 0, 0, 0, 0, 0, 0, 0, 0, 0, 0, 0, 0, 0, 0, 0, 0, 
        0, 0, 0, 0, 0, 0, 0, 0, 0, 7.82118432208892, 0, 0, 0, 0, 
        0, 0, 0, 0, 0, 0, 0, 0, 0, 0, 0, 0, 0, 0, 0, 0, 0, 0, 0, 
        0, 0, 0, 0, 0, 0, 0, 1.39498055870423, 0, 1.39498055870423, 
        0, 0, 0, 0, 0, 0, 0, 0, 0, 0.811466219673582, 0, 0, 0, 0, 
        0, 0, 0, 0, 0, 0, 0, 0.166820784323555, 7.82118432208892, 
        0, 0, 0, 0, 0, 0, 0, 0, 0, 0, 0, 0, 0, 0, 0, 0, 0, 0, 0, 
        0, 0, 0, 0, 0, 0, 0, 0, 0, 6.44714415850362, 0, 0.687536801978825, 
        0, 0, 0.708364693707249, 0, 0, 0, 0, 0, 0, 0, 0, 0, 0, 0, 
        0, 0, 0, 0, 0, 0, 0, 0, 0, 0, 0, 0, 0, 0.811466219673582, 
        0, 0, 0, 0, 0, 0, 0, 0, 0), P_VALUE_DOWN = c(1, 1, 1, 1, 
        1, 1, 1, 1, 1, 0.612740887878707, 1, 1, 1, 1, 1, 1, 1, 1, 
        1, 1, 1, 1, 1, 1, 1, 1, 0.16878128768793, 1, 1, 0.324462666477572, 
        1, 0.70628781154602, 1, 1, 1, 1, 1, 1, 1, 1, 1, 1, 1, 0.144767478074833, 
        1, 0.381028839671345, 1, 1, 1, 1, 1, 1, 1, 1, 1, 1, 1, 1, 
        1, 1, 1, 1, 1, 0.61907679077086, 1.69543400549844e-07, 0.747024167667971, 
        5.26589610499376e-06, 0.486373461657506, 1, 0.484953981809312, 
        1, 1, 1, 1, 1, 1, 1, 1, 0.707078913846998, 0.00815515297126054, 
        1, 1, 7.5836265419259e-06, 1, 1, 1, 1, 1, 1, 1, 1, 1, 1, 
        0.14736572831394, 1, 1, 1, 1, 1, 1, 3.01438467329607e-05, 
        1, 0.0238354764721162, 0.612580299401775, 1, 1, 1, 1, 1, 
        0.022713211632938, 1, 0.253248527096921, 0.612740887878707, 
        1, 1, 1, 1, 1, 1, 1, 1, 1, 1, 1, 1, 1, 1, 1, 1, 1, 1, 1, 
        1, 1, 1, 1, 7.5836265419259e-06, 1, 7.5836265419259e-06, 
        7.5836265419259e-06, 1, 0.00241893672099956, 1, 0.14736572831394, 
        0.213164933313521, 1, 0.14736572831394, 1, 1, 1, 1, 1, 1, 
        1, 1, 1, 1, 1, 1, 1, 1, 1, 1, 1, 1, 1, 1, 1, 1, 1, 1, 1, 
        0.0132905602846828, 1, 1, 1, 1, 1, 1, 0.00101649301757942, 
        1, 0.410675660464805, 1, 1, 0.0860618548068348, 1, 1, 1, 
        1, 1, 0.0419182973498256, 1, 1, 1, 1, 1, 1, 1, 1, 0.703024342785421, 
        1, 1, 0.00438476707460556, 0.613080195789643, 1, 0.748665328466289, 
        1, 1, 0.000436435248117696, 1, 1, 1, 1, 1, 1, 5.06068645339397e-05, 
        0.238566641154562, 1, 0.00874846082832097, 0.673042960886061, 
        1, 1, 0.380764081635802, 1, 1, 1, 1, 1, 1, 1, 1, 0.616724131531298, 
        1, 1, 1, 1, 1, 1, 1, 1, 1, 1, 1, 1, 0.0157360102492802, 0.00139627558459498, 
        0.616724131531298, 1, 1, 1, 1, 1, 1, 1, 1, 0.210966961602929, 
        1, 1, 1, 1, 1, 0.302997133399897, 0.063411065908841, 1, 0.306874043589753, 
        1, 1, 0.134679074421942, 0.000159659712118595, 0.14736572831394, 
        0.14736572831394, 0.14736572831394, 1, 1, 1, 1, 1, 1, 1, 
        0.256144454234254, 1, 0.0436472295486956, 0.381518421015636, 
        1, 1, 0.578485924175804, 0.453800929267903, 1, 1, 1, 1, 0.380764081635802, 
        1, 1, 0.381028839671345, 1, 1, 1, 1, 0.609049781162452, 1, 
        1, 1, 1, 1, 1, 1, 1, 1, 1, 1, 1, 1, 1, 1, 1, 1, 1, 1, 0.00125645475348838, 
        1, 1, 1, 0.431684403282448, 1, 1, 1, 1, 1, 0.625086105661586, 
        1, 1, 1, 1, 1, 1, 1, 1, 1, 1, 0.0511485926696288, 0.143474263483453, 
        1, 1, 1, 1, 1, 0.613080195789643, 0.235991950937477, 0.147279055780286, 
        1, 1, 1, 1, 1, 1, 1, 1, 0.705599194962106, 1, 0.625086105661586, 
        0.00811870225199342, 0.102953873070892, 1, 1, 1, 0.616724131531298, 
        4.62646672281801e-05, 0.00826119541253798, 0.143965632923821, 
        0.0474075833524429, 0.00816013293662442, 1, 1, 0.0606864655253975, 
        1, 0.616724131531298, 1, 1, 1, 0.105772713343633, 1, 1, 1, 
        1, 1, 1, 0.381028839671345, 1, 1, 1, 1, 0.0475017010356778, 
        0.00867078521959174, 0.708175996566672, 0.628672023516406, 
        1, 1, 1, 1, 2.2684659109949e-05, 0.0041418983139097, 0.143965632923821, 
        1, 1, 1, 1, 1, 0.612740887878707, 1, 1, 1, 1, 1, 1, 1, 0.21292411464027, 
        1, 1, 1, 0.357442240136963, 1, 1, 0.431684403282448, 0.28465281554149, 
        1, 1, 1, 1, 1, 1, 1, 1, 1, 1, 1, 1, 1, 1, 1, 0.285477058624492, 
        0.000542118851837007, 0.0747168257972264, 1, 0.033849636291724, 
        1, 1, 1, 1, 1, 1, 0.00685912798296961, 1, 0.102437020396962, 
        1, 1, 1, 1, 1, 1, 1, 1, 0.0873575753951714, 0.0125109265384693, 
        0.000311614603294997, 0.145873909704607, 1, 0.613080195789643, 
        1, 1, 1, 1, 1, 1, 0.0860978520381886, 1, 1, 1, 1, 1, 1, 1, 
        1, 0.609049781162452, 1, 0.537832984840882, 1, 1, 1, 1, 0.32447261168968, 
        1, 1, 0.2542346592395, 1, 2.2684659109949e-05, 0.609049781162452, 
        0.0041418983139097, 0.143965632923821, 1, 1, 1, 1, 0.380764081635802, 
        1, 1, 1, 1, 1, 1, 1, 0.028396271217612, 0.0814085488715549, 
        0.384667838817097, 1, 1, 1, 1, 1, 1, 1, 0.0288322616782572, 
        1, 1, 1, 1, 1, 1, 1, 1, 1, 1, 0.00815515297126054, 0.0291616665297399, 
        1, 1, 1, 1, 1, 1, 1, 1, 1, 1, 1, 1, 1, 1, 0.14736572831394, 
        0.59227979858497, 1, 0.28465281554149, 0.000173661535051127, 
        5.06068645339397e-05, 1, 1, 1, 1, 1, 0.180884520321255, 0.180884520321255, 
        1, 1, 0.217114329865749, 1, 1, 0.00417767361937499, 1, 1, 
        1, 1, 1, 1, 1, 1, 1, 0.00144012253547558, 0.144732370823968, 
        0.0833310491311237, 0.705599194962106, 1, 0.625086105661586, 
        1, 1, 1, 1, 1, 1, 1, 0.613514632358469, 1, 1, 1, 1, 1, 0.144767478074833, 
        1, 0.381028839671345, 1, 0.0941973766625401, 0.384667838817097, 
        1, 1, 1, 1, 1, 0.614856595440558, 0.448381138214945, 1, 1, 
        1, 0.0502752419267302, 1, 0.38983369461131, 1, 0.133933330188984, 
        0.625086105661586, 0.0883476867171917, 1, 1, 1, 1, 1, 1, 
        1, 1, 1, 1, 1, 1, 1, 0.541480797403472, 0.00364888840415129, 
        1, 1, 1, 1, 1, 1, 1, 1, 1, 1, 1, 1, 1, 1, 1, 1, 0.616724131531298, 
        1, 1, 1, 1, 1, 1, 1, 1, 1, 1, 1, 1, 1, 0.612580299401775, 
        1, 1, 0.000625480529940271, 1, 1, 1, 0.212038303304507, 0.0984312785056638, 
        1, 0.06370154991386, 1, 1, 0.391416016561386, 1, 1, 1, 1, 
        1, 1, 1, 1, 1, 1, 0.0389294403892944, 0.381028839671345, 
        1, 1, 1, 1, 1, 1, 1, 1, 1, 1, 1, 1, 0.382102388338147, 1, 
        1, 1, 1, 1, 1, 1, 1, 1, 1, 1, 1, 1, 1, 1, 1, 1, 1, 1, 1, 
        1, 1, 1, 1, 1, 1, 1, 1, 1, 1, 1, 1, 1, 1, 1, 1, 1, 1, 1, 
        1, 1, 1, 1, 1, 1, 1, 0.380764081635802, 1, 1, 1, 1, 1, 1, 
        1, 1, 1, 1, 1, 1, 0.616724131531298, 1, 1, 1, 1, 0.00566375141995401, 
        1, 1, 1, 1, 1, 1, 1, 1, 1, 0.0338927489958903, 0.00815515297126054, 
        1, 0.0291616665297399, 1, 1, 1, 1, 0.244249775454221, 1, 
        1, 1, 1, 0.746777040230967, 0.27418047741643, 1, 1, 1, 1, 
        1, 0.0368256360584617, 1, 0.628672023516406, 0.144767478074833, 
        1, 0.381028839671345, 1, 1, 1, 1, 1, 1, 0.705059234857242, 
        1, 1, 1, 1, 1, 1, 0.380591885848922, 1, 1, 0.240471625952241, 
        0.235151704807433, 1, 1, 1, 1, 1, 0.0288322616782572, 1, 
        0.613514632358469, 0.143965632923821, 1, 0.61907679077086, 
        0.489044333969896, 0.613080195789643, 1, 1, 1, 1, 1, 0.726750286732265, 
        1, 0.714652371710683, 0.00688561827249926, 1, 0.143474263483453, 
        0.439222074560856, 0.4432053531441, 1, 0.00438476707460556, 
        0.0503473720216377, 0.00822067234658566, 1, 0.614856595440558, 
        0.625086105661586, 1, 1, 0.484856787571902, 0.612740887878707, 
        1, 1, 1, 1, 1, 1, 1, 1, 1, 1, 1, 1, 1, 1, 1, 1, 1, 0.0857462349993453, 
        1, 0.143922322502485, 0.616724131531298, 1, 1, 1, 1, 1, 1, 
        1, 1, 1, 1, 1, 1, 1, 1, 0.382828360295852, 0.614856595440558, 
        1, 0.621876226429237, 0.133933330188984, 0.0495969211888497, 
        0.0296115567494602, 1, 1, 1, 1, 0.21292411464027, 0.61907679077086, 
        1, 1, 1, 1, 1, 1, 1, 0.111022706393955, 1, 1, 1, 1, 0.14736572831394, 
        0.572898007795836, 0.214677800819399, 1, 1, 1, 1, 0.609049781162452, 
        1, 1, 1, 1, 0.27418047741643, 1, 0.0288322616782572, 0.380261012054598, 
        1, 1, 1, 1, 1, 0.541432261100171, 0.612580299401775, 1, 1, 
        1, 1, 1, 1, 1, 1, 1, 1, 1, 0.484953981809312, 1, 1, 1, 1, 
        1, 1, 1, 1, 1, 1, 1, 1, 1, 1, 1, 1, 1, 1, 1, 1, 0.381028839671345, 
        1, 1, 1, 1, 1, 1, 1, 1, 1, 1, 1, 1, 1, 1, 1, 1, 1, 1, 1, 
        1, 1, 1, 0.481855532988902, 1, 1, 0.212038303304507, 1, 1, 
        1, 1, 1, 1, 1, 1, 1, 1, 1, 1, 1, 1, 0.612580299401775, 1, 
        0.265101333861258, 3.90561399449716e-07, 0.000349575185405113, 
        3.046895817173e-05, 1, 1, 1, 0.572868326811766, 0.300348237828741, 
        0.00818243580804667, 1, 1, 1, 1, 1, 1, 1, 0.61907679077086, 
        1, 1, 1, 1, 1, 1, 1, 1, 1, 1, 1, 1, 1, 0.00189948691799864, 
        1, 0.0814085488715549, 0.102437020396962, 0.616724131531298, 
        1, 0.0984312785056638, 0.06370154991386, 1, 1, 1, 1, 1, 1, 
        1, 1, 1, 1, 1, 1, 1, 1, 1, 1, 1, 1, 1, 1.62934009162056e-06, 
        1, 7.74879775799641e-05, 1, 0.133933330188984, 1, 0.071194983222209, 
        0.123510826987598, 1, 1, 1, 1, 1, 1, 0.0860978520381886, 
        0.61907679077086, 7.5836265419259e-06, 7.5836265419259e-06, 
        0.0165869972317684, 0.180884520321255, 0.0348514115507447, 
        1, 0.253248527096921, 1, 0.407880608655535, 0.180884520321255, 
        1, 1, 1, 0.00201073940446941, 0.540014098878188, 1, 1, 1, 
        1, 1, 1, 1, 1, 1, 0.0489514966779967, 0.240471625952241, 
        1, 1, 1, 0.454588810203055, 0.407880608655535, 0.407880608655535, 
        0.382828360295852, 0.486373461657506, 1, 1, 1, 0.0155127211302357, 
        1, 0.382102388338147, 0.00365252554791067, 0.245451863701011, 
        0.0842813634402869, 0.0873575753951714, 0.00127407159583845, 
        1, 1, 1, 1, 0.00139627558459498, 1, 0.0209449275789417, 0.0814085488715549, 
        0.381518421015636, 0.0477787613098194, 0.0511485926696288, 
        0.237374728800559, 0.00870413427986627, 1, 0.193891375041899, 
        1, 1, 1, 1, 0.00822067234658566, 1, 0.0164543657865308, 1, 
        1, 0.147279055780286, 1, 1, 1, 1, 1, 1, 1, 1, 0.0479731009153732, 
        1, 1, 1, 1, 0.38983369461131, 0.0266671973205275, 1, 1, 1, 
        1, 1, 1, 0.357442240136963, 1, 1, 1, 1, 1, 1, 0.382102388338147, 
        1, 1, 1, 1, 1, 1, 1, 1, 1, 1, 0.00566375141995401, 1, 1, 
        1, 0.00161150549791455, 1, 1, 1, 1, 1, 1, 1, 0.38983369461131, 
        1, 1, 0.382828360295852, 1, 1, 1, 1, 1, 1, 1, 1, 1, 1, 1, 
        1, 1, 1, 1, 1, 1, 1, 1, 1, 1, 1, 1, 1, 1, 1, 0.102630442710551, 
        0.0269025852757359, 0.613080195789643, 0.0503473720216377, 
        1, 0.245451863701011, 1, 1, 1, 1, 1, 1, 1, 1, 1, 1, 1, 1, 
        0.236151547401692, 0.381028839671345, 1, 1, 1, 1, 1, 1, 1, 
        1, 0.0984312785056638, 1, 0.06370154991386, 1, 1, 1, 1, 1, 
        1, 1, 0.0502071758032505, 1, 1, 1, 1, 1, 1, 0.0506411174886367, 
        1, 1, 1, 1, 1, 1, 1, 1, 1, 1, 1, 1, 1, 1, 0.613080195789643, 
        1, 1, 0.213164933313521, 1, 1, 1, 1, 1, 1, 0.00160522746299793, 
        1, 1, 1, 1, 1, 1, 1, 1, 1, 1, 1, 1, 0.033849636291724, 1, 
        1, 1, 1, 1, 1, 1, 1, 1, 1, 1, 1, 1, 1, 1, 1, 1, 1, 0.00317752921684745, 
        0.0515989887734309, 0.613080195789643, 1, 1, 1, 1, 1, 1, 
        1, 1, 1, 1, 1, 1, 1, 1, 1, 1, 1, 1, 1, 1, 1, 1, 1, 1, 1, 
        1, 0.237069060458937, 1, 1, 1, 0.357442240136963, 0.244249775454221, 
        1, 0.0941973766625401, 0.625086105661586, 0.616724131531298, 
        0.122236577159382, 0.711015316833341, 1, 1, 1, 1, 1, 1, 1, 
        1, 1, 1, 0.0019595181164637, 3.1369779295964e-06, 1, 1, 0.609049781162452, 
        1, 1, 1, 1, 1, 1, 1, 1, 1, 1, 1, 1, 1, 1, 1, 1, 0.613514632358469, 
        1, 1, 1, 1, 1, 1, 1, 0.212038303304507, 2.68592374517996e-07, 
        1, 1, 1, 1, 1, 1, 1, 1, 1, 1, 1, 1, 1, 1, 1, 1, 1, 1, 1, 
        1, 1, 1, 1, 1, 1, 1, 1, 1, 0.0515989887734309, 1, 1, 1, 1, 
        1, 1, 1, 1, 1, 1, 0.616724131531298, 1, 0.0873575753951714, 
        0.380591885848922, 1, 1, 1, 1, 1, 1, 0.0436472295486956, 
        1, 1, 1, 1, 1, 1, 1, 1, 1, 1, 0.0041418983139097, 1, 0.0285659521091576, 
        1, 1, 1, 1, 1, 1, 1, 1, 1, 1, 1, 1, 1, 1, 0.612580299401775, 
        1, 1, 0.537832984840882, 1, 0.537832984840882, 1, 1, 1, 1, 
        1, 1, 1, 1, 1, 1, 1, 1, 1, 1, 1, 1, 1, 1, 0.616724131531298, 
        1, 0.612580299401775, 0.0503473720216377, 0.0436472295486956, 
        1, 1, 1, 1, 1, 1, 1, 1, 1, 1, 1, 1, 1, 1, 1, 1, 1, 1, 1, 
        1, 1, 1, 1, 1, 1, 1, 1, 1, 0.180884520321255, 1, 1, 1, 1, 
        1, 1, 1, 1, 0.00815515297126054, 1, 0.0291616665297399, 1, 
        1, 1, 1, 1, 1, 1, 1, 1, 1, 1, 1, 1, 1, 1, 1, 1, 1, 1, 1, 
        1, 1, 1, 1, 1, 1, 1, 1), BH_P_VALUE_DOWN = c(NA, NA, NA, 
        NA, NA, NA, NA, NA, NA, NA, NA, NA, NA, NA, NA, NA, NA, NA, 
        NA, NA, NA, NA, NA, NA, NA, NA, 0.352906328802035, NA, NA, 
        0.521879025794591, NA, 0.860576154416006, NA, NA, NA, NA, 
        NA, NA, NA, NA, NA, NA, NA, NA, NA, NA, NA, NA, NA, NA, NA, 
        NA, NA, NA, NA, NA, NA, NA, NA, NA, NA, 1, 1, NA, 3.08881230695696e-05, 
        0.883041156652546, 0.000158566736785723, 0.677591547066724, 
        NA, 0.677591547066724, 1, NA, 1, NA, NA, NA, NA, NA, 0.860576154416006, 
        0.0436472226842701, NA, NA, 0.000158566736785723, NA, NA, 
        NA, NA, NA, NA, NA, NA, NA, NA, 0.310955206534002, NA, NA, 
        NA, NA, NA, NA, 0.000577757062381747, NA, 0.107493325266406, 
        NA, NA, NA, NA, NA, NA, 0.104480773511515, NA, 0.446312306620291, 
        NA, NA, NA, NA, NA, NA, NA, NA, NA, NA, NA, NA, NA, NA, NA, 
        NA, NA, NA, NA, NA, NA, NA, NA, NA, 0.000158566736785723, 
        NA, 0.000158566736785723, 0.000158566736785723, NA, 0.0168592559342394, 
        NA, 0.310955206534002, 0.395007153507694, NA, 0.310955206534002, 
        NA, NA, NA, NA, NA, NA, NA, NA, NA, NA, NA, NA, NA, NA, NA, 
        NA, NA, NA, NA, NA, NA, 1, NA, NA, NA, 0.0650389120314264, 
        NA, NA, NA, NA, NA, NA, 0.0101649301757942, NA, 0.621417117808587, 
        NA, NA, NA, NA, NA, 1, NA, NA, 0.159347028511111, NA, NA, 
        NA, NA, NA, NA, NA, 1, 0.860576154416006, NA, 1, NA, NA, 
        NA, 0.883041156652546, NA, NA, 0.0050190053533535, NA, NA, 
        NA, NA, NA, NA, 0.000831398488771867, NA, NA, 0.0447143553447516, 
        0.850548796724143, NA, NA, NA, NA, NA, NA, NA, NA, NA, 1, 
        NA, NA, NA, NA, NA, NA, NA, NA, NA, NA, NA, NA, NA, NA, NA, 
        0.011829577969978, NA, NA, NA, NA, NA, NA, NA, NA, NA, 0.395007153507694, 
        NA, NA, NA, NA, NA, 0.497781004871259, 0.190277356885556, 
        1, 0.500574681032931, 1, NA, 0.306694921950957, 0.0022951083617048, 
        0.310955206534002, 0.310955206534002, 0.310955206534002, 
        NA, NA, NA, NA, NA, NA, 1, 0.446312306620291, NA, 0.159347028511111, 
        NA, NA, NA, 0.760295786059628, 0.657581297778004, NA, NA, 
        NA, NA, NA, NA, NA, NA, NA, NA, NA, NA, 0.773930661145658, 
        NA, NA, NA, NA, NA, NA, NA, NA, NA, NA, NA, NA, NA, NA, NA, 
        NA, NA, NA, 1, 0.0117214586817138, NA, NA, NA, 0.644723459447812, 
        NA, NA, NA, 1, NA, NA, NA, NA, NA, NA, NA, NA, NA, NA, NA, 
        NA, NA, NA, NA, NA, NA, NA, NA, NA, NA, NA, NA, NA, NA, NA, 
        NA, NA, NA, NA, 0.860576154416006, NA, NA, NA, 0.254617105444141, 
        NA, NA, NA, NA, NA, NA, NA, 0.160831882846898, 0.0436472226842701, 
        NA, NA, 0.190277356885556, NA, NA, NA, NA, NA, 0.258805575202505, 
        NA, NA, NA, 1, NA, NA, NA, NA, NA, NA, NA, 0.160831882846898, 
        NA, 0.860576154416006, NA, NA, NA, NA, NA, NA, NA, NA, NA, 
        NA, NA, NA, NA, NA, NA, NA, NA, NA, NA, NA, NA, 0.395007153507694, 
        1, NA, NA, 0.563093939941791, NA, NA, 0.644723459447812, 
        0.475795097707487, NA, NA, NA, NA, NA, NA, NA, NA, NA, NA, 
        NA, NA, NA, NA, NA, 0.475795097707487, 0.00593749218678627, 
        0.217529999156482, NA, 0.139202361947407, NA, NA, NA, NA, 
        NA, NA, 0.03862663908963, NA, 0.254617105444141, NA, NA, 
        NA, NA, NA, NA, NA, 1, NA, 0.0625546326923465, 0.00398174215321385, 
        NA, NA, NA, NA, NA, NA, NA, NA, NA, NA, NA, NA, NA, NA, NA, 
        NA, NA, NA, 0.773930661145658, NA, 0.724073159318596, NA, 
        NA, NA, NA, 0.521879025794591, NA, NA, 0.446312306620291, 
        NA, NA, 0.773930661145658, NA, NA, NA, NA, NA, 1, NA, NA, 
        NA, NA, NA, NA, NA, NA, NA, 0.228341051712898, NA, NA, NA, 
        NA, NA, NA, NA, NA, NA, NA, NA, NA, NA, NA, NA, NA, NA, NA, 
        NA, NA, NA, NA, NA, NA, NA, NA, NA, NA, NA, NA, NA, NA, NA, 
        NA, NA, 0.310955206534002, 0.773930661145658, NA, 0.475795097707487, 
        0.0023495384153976, 0.000831398488771867, NA, NA, NA, NA, 
        NA, 0.36176904064251, 0.36176904064251, NA, NA, 0.396319808485098, 
        NA, NA, 0.0259693224988175, 1, NA, NA, NA, NA, NA, NA, NA, 
        NA, 0.011829577969978, NA, 0.230770399896024, 0.860576154416006, 
        NA, NA, NA, NA, NA, NA, NA, NA, NA, NA, NA, NA, NA, NA, NA, 
        NA, NA, NA, NA, 0.251923216655631, NA, NA, NA, NA, NA, NA, 
        NA, 0.656864087830811, NA, NA, NA, NA, NA, NA, NA, 0.306694921950957, 
        NA, NA, NA, NA, NA, NA, NA, NA, NA, NA, NA, NA, NA, NA, NA, 
        0.724073159318596, 0.0233355798894293, NA, NA, NA, NA, NA, 
        NA, NA, NA, NA, NA, NA, NA, NA, NA, NA, NA, NA, NA, NA, NA, 
        NA, NA, NA, NA, NA, NA, NA, NA, NA, NA, NA, NA, NA, 0.00653911463119374, 
        NA, NA, NA, 0.395007153507694, 0.254372966924749, NA, 0.190277356885556, 
        NA, NA, 0.608281647358911, NA, NA, NA, NA, NA, NA, NA, NA, 
        NA, NA, 0.151758835415893, NA, NA, NA, NA, NA, NA, NA, NA, 
        NA, NA, NA, NA, NA, NA, NA, NA, NA, NA, NA, NA, NA, NA, NA, 
        NA, NA, NA, NA, NA, NA, NA, NA, NA, NA, NA, NA, NA, NA, NA, 
        NA, NA, NA, NA, NA, NA, NA, NA, NA, NA, NA, NA, NA, NA, NA, 
        NA, NA, NA, NA, NA, NA, NA, NA, NA, NA, NA, NA, NA, NA, NA, 
        NA, NA, NA, NA, NA, NA, 1, NA, NA, NA, 0.0334016109381903, 
        NA, NA, NA, NA, NA, NA, NA, NA, NA, 0.139202361947407, NA, 
        NA, NA, NA, NA, NA, NA, 0.438886315269303, NA, NA, NA, 1, 
        0.883041156652546, 0.467122294857621, NA, NA, NA, NA, NA, 
        0.14603269471459, NA, NA, NA, NA, NA, 1, NA, NA, NA, NA, 
        NA, 0.860576154416006, NA, NA, NA, NA, NA, NA, NA, NA, NA, 
        NA, NA, NA, NA, NA, NA, NA, NA, NA, NA, NA, NA, NA, 0.677591547066724, 
        NA, NA, NA, NA, NA, NA, 0.87058628098136, NA, 0.860576154416006, 
        0.03862663908963, NA, NA, 0.651748884832238, 0.653443789891942, 
        NA, NA, 0.160831882846898, NA, NA, NA, NA, NA, NA, 0.677591547066724, 
        NA, NA, NA, NA, 1, NA, NA, NA, NA, NA, 1, NA, NA, NA, NA, 
        NA, NA, NA, NA, NA, NA, NA, NA, NA, NA, NA, NA, NA, NA, NA, 
        NA, NA, NA, NA, NA, NA, NA, NA, NA, NA, 0.306694921950957, 
        0.160831882846898, NA, NA, NA, NA, NA, 0.395007153507694, 
        NA, NA, NA, NA, NA, NA, NA, NA, 0.268791815480103, NA, 1, 
        NA, NA, 0.310955206534002, 0.757278975822082, 0.395007153507694, 
        NA, NA, NA, NA, 0.773930661145658, NA, NA, NA, NA, 0.467122294857621, 
        NA, NA, 0.594966209337126, NA, NA, NA, NA, NA, 0.724073159318596, 
        NA, NA, NA, NA, NA, NA, NA, NA, NA, NA, NA, NA, 0.677591547066724, 
        NA, NA, NA, NA, NA, NA, NA, NA, NA, NA, NA, NA, NA, NA, NA, 
        NA, NA, NA, NA, NA, NA, NA, NA, NA, NA, NA, NA, NA, NA, NA, 
        NA, NA, NA, NA, NA, NA, NA, NA, NA, NA, NA, NA, NA, 0.677591547066724, 
        NA, NA, 0.395007153507694, NA, NA, NA, NA, NA, NA, NA, NA, 
        NA, NA, NA, NA, NA, NA, NA, NA, 0.45844591569992, NA, 0.00423169961279874, 
        NA, NA, NA, NA, 0.757278975822082, 0.496979098565543, NA, 
        NA, NA, NA, NA, NA, NA, NA, NA, NA, NA, NA, NA, NA, NA, NA, 
        NA, NA, NA, NA, NA, NA, NA, NA, 0.228341051712898, 0.254617105444141, 
        NA, NA, 0.254372966924749, 0.190277356885556, NA, NA, NA, 
        NA, NA, NA, NA, NA, NA, NA, NA, NA, NA, NA, NA, NA, NA, NA, 
        NA, 0.00012491607369091, NA, 0.00118814898955945, 1, 0.306694921950957, 
        NA, 0.209933924886001, 0.292860723785027, NA, NA, NA, NA, 
        NA, NA, NA, NA, 0.000158566736785723, 0.000158566736785723, 
        0.0794793617355569, 0.36176904064251, 0.140628502748619, 
        NA, 0.446312306620291, NA, 0.621275099276642, 0.36176904064251, 
        NA, NA, NA, 0.0144521894696239, 0.724073159318596, NA, NA, 
        NA, NA, NA, NA, NA, NA, NA, 0.160831882846898, NA, NA, NA, 
        NA, 0.657581297778004, 0.621275099276642, 0.621275099276642, 
        NA, 0.677591547066724, NA, NA, NA, NA, NA, NA, 0.0233355798894293, 
        NA, 0.230770399896024, NA, 0.0117214586817138, NA, NA, NA, 
        NA, 0.011829577969978, NA, 0.0983129253705428, 0.228341051712898, 
        NA, 0.160831882846898, NA, NA, 0.0447143553447516, NA, 0.384439795341697, 
        1, NA, NA, NA, NA, NA, NA, NA, NA, NA, NA, NA, NA, NA, NA, 
        NA, NA, NA, 0.160831882846898, NA, NA, NA, NA, NA, 0.116747068177722, 
        NA, NA, NA, NA, NA, NA, 0.563093939941791, NA, NA, NA, NA, 
        NA, NA, NA, NA, NA, NA, NA, NA, NA, NA, NA, NA, NA, 0.0334016109381903, 
        NA, NA, NA, 0.0123548754840115, NA, 1, NA, NA, NA, NA, NA, 
        NA, NA, NA, NA, NA, NA, NA, NA, NA, NA, NA, NA, NA, NA, NA, 
        NA, NA, NA, NA, NA, NA, NA, NA, NA, NA, NA, NA, NA, NA, 1, 
        0.254617105444141, 0.116747068177722, NA, 0.160831882846898, 
        NA, NA, NA, NA, NA, NA, NA, NA, NA, NA, NA, NA, NA, NA, NA, 
        NA, NA, NA, NA, NA, NA, NA, NA, NA, 0.254372966924749, NA, 
        0.190277356885556, NA, NA, NA, NA, NA, NA, NA, NA, NA, NA, 
        NA, NA, NA, NA, NA, NA, NA, NA, NA, NA, NA, NA, NA, NA, NA, 
        NA, NA, NA, NA, NA, NA, NA, 0.395007153507694, NA, NA, NA, 
        NA, NA, NA, 0.0123548754840115, NA, NA, NA, NA, NA, NA, NA, 
        NA, NA, NA, NA, NA, 0.139202361947407, NA, NA, NA, NA, NA, 
        NA, NA, NA, NA, NA, NA, NA, NA, NA, NA, NA, NA, NA, 0.0214950505845563, 
        NA, NA, NA, NA, NA, NA, NA, NA, NA, NA, NA, NA, NA, NA, NA, 
        NA, NA, NA, NA, NA, NA, NA, NA, NA, NA, NA, NA, NA, NA, NA, 
        NA, NA, 0.563093939941791, 0.438886315269303, NA, 0.251923216655631, 
        NA, NA, 0.292858466111018, 0.860576154416006, 1, NA, NA, 
        NA, NA, NA, NA, NA, NA, NA, 0.0144521894696239, 0.000158566736785723, 
        NA, NA, 0.773930661145658, NA, NA, NA, NA, NA, NA, NA, NA, 
        NA, NA, 1, NA, NA, NA, NA, NA, NA, NA, NA, NA, NA, NA, NA, 
        NA, 0.395007153507694, 3.08881230695696e-05, NA, NA, NA, 
        NA, NA, NA, NA, NA, NA, NA, NA, NA, NA, NA, NA, NA, NA, NA, 
        NA, NA, NA, NA, NA, NA, NA, NA, NA, NA, NA, NA, NA, NA, NA, 
        NA, NA, NA, NA, NA, NA, NA, NA, NA, NA, NA, NA, NA, NA, NA, 
        NA, 0.159347028511111, NA, NA, NA, NA, NA, NA, NA, NA, NA, 
        NA, NA, NA, NA, NA, NA, NA, NA, NA, NA, NA, NA, NA, NA, NA, 
        NA, NA, NA, NA, NA, NA, 0.724073159318596, NA, 0.724073159318596, 
        NA, NA, NA, NA, NA, NA, NA, NA, NA, 1, NA, NA, NA, NA, NA, 
        NA, NA, NA, NA, NA, NA, 0.160831882846898, 0.159347028511111, 
        NA, NA, NA, NA, NA, NA, NA, NA, NA, NA, NA, NA, NA, NA, NA, 
        NA, NA, NA, NA, NA, NA, NA, NA, NA, NA, NA, NA, NA, 0.36176904064251, 
        NA, 1, NA, NA, 1, NA, NA, NA, NA, NA, NA, NA, NA, NA, NA, 
        NA, NA, NA, NA, NA, NA, NA, NA, NA, NA, NA, NA, NA, NA, 1, 
        NA, NA, NA, NA, NA, NA, NA, NA, NA), ORA_SCORE_DOWN = c(0, 
        0, 0, 0, 0, 0, 0, 0, 0, 0, 0, 0, 0, 0, 0, 0, 0, 0, 0, 0, 
        0, 0, 0, 0, 0, 0, 0, 0, 0, 0, 0, 0, 0, 0, 0, 0, 0, 0, 0, 
        0, 0, 0, 0, 0, 0, 0, 0, 0, 0, 0, 0, 0, 0, 0, 0, 0, 0, 0, 
        0, 0, 0, 0, 0, 0, 21.3240212179588, 0, 20.5728035262321, 
        0, 0, 0, 0, 0, 0, 0, 0, 0, 0, 0, 0, Inf, 0, 0, 26.4007280359023, 
        0, 0, 0, 0, 0, 0, 0, 0, 0, 0, 0, 0, 0, 0, 0, 0, 0, 11.0932870573064, 
        0, 0, 0, 0, 0, 0, 0, 0, 0, 0, 0, 0, 0, 0, 0, 0, 0, 0, 0, 
        0, 0, 0, 0, 0, 0, 0, 0, 0, 0, 0, 0, 0, 0, 0, 0, 26.4007280359023, 
        0, 26.4007280359023, 26.4007280359023, 0, 7.33331467290954, 
        0, 0, 0, 0, 0, 0, 0, 0, 0, 0, 0, 0, 0, 0, 0, 0, 0, 0, 0, 
        0, 0, 0, 0, 0, 0, 0, 0, 0, 0, 0, 0, 0, 0, 0, 0, 0, 0, 6.44164126255435, 
        0, 0, 0, 0, 0, 0, 0, 0, 0, 0, 0, 0, 0, 0, 0, 0, 0, 0, 0, 
        0, 0, 0, 0, 0, 0, 0, 0, 0, 7.34917560810297, 0, 0, 0, 0, 
        0, 0, 16.5860674749795, 0, 0, 3.13489549864356, 0, 0, 0, 
        0, 0, 0, 0, 0, 0, 0, 0, 0, 0, 0, 0, 0, 0, 0, 0, 0, 0, 0, 
        0, 0, 0, 0, 0, 0, 0, 0, 0, 0, 0, 0, 0, 0, 0, 0, 0, 0, 0, 
        0, 0, 0, 0, 0, 0, 0, 0, 7.67994738999453, 0, 0, 0, 0, 0, 
        0, 0, 0, 0, 0, 0, 0, 0, 0, 0, 0, 0, 0, 0, 0, 0, 0, 0, 0, 
        0, 0, 0, 0, 0, 0, 0, 0, 0, 0, 0, 0, 0, 0, 0, 0, 0, 0, 0, 
        0, 0, 0, 0, 0, 0, 0, 0, 0, 0, 0, 0, 0, 0, 0, 0, 0, 0, 0, 
        0, 0, 0, 0, 0, 0, 0, 0, 0, 0, 0, 0, 0, 0, 0, 0, 0, 0, 0, 
        0, 0, 0, 0, 0, 0, 0, 0, 0, 0, 0, 0, 0, 0, 0, 0, 0, 0, 0, 
        0, 0, 0, 0, 0, 0, 0, 0, 0, 0, 0, 0, 0, 0, 0, 0, 0, 0, 0, 
        0, 0, 0, 0, 0, 0, 0, 0, 0, 0, 0, 0, 0, 0, 0, 0, 0, 0, 0, 
        0, 0, 0, 0, 0, 0, 0, 0, 0, 0, 0, 0, 0, 0, 0, 0, 0, 0, 0, 
        0, 0, 0, 0, 0, 0, 0, 0, 0, 0, 0, 0, 0, 0, 0, 5.90443935810596, 
        0, 0, 0, 0, 0, 0, 0, 0, 0, 0, 0, 0, 0, 0, 0, 0, 0, 0, 0, 
        0, 0, 0, 0, 0, 0, 0, 0, 0, 0, 0, 0, 0, 0, 0, 0, 0, 0, 0, 
        0, 0, 0, 0, 0, 0, 0, 0, 0, 0, 0, 0, 0, 0, 0, 0, 0, 0, 0, 
        0, 0, 0, 0, 0, 0, 0, 0, 0, 0, 0, 0, 0, 0, 0, 0, 0, 0, 0, 
        0, 0, 0, 0, 0, 0, 0, 0, 0, 0, 0, 0, 0, 0, 0, 0, 0, 0, 0, 
        0, 0, 0, 0, 0, 0, 0, 0, 0, 0, 0, 0, 0, 0, 0, 12.2438316126701, 
        16.5860674749795, 0, 0, 0, 0, 0, 0, 0, 0, 0, 0, 0, 0, 3.66321266097392, 
        0, 0, 0, 0, 0, 0, 0, 0, 0, 0, 0, 0, 0, 0, 0, 0, 0, 0, 0, 
        0, 0, 0, 0, 0, 0, 0, 0, 0, 0, 0, 0, 0, 0, 0, 0, 0, 0, 0, 
        0, 0, 0, 0, 0, 0, 0, 0, 0, 0, 0, 0, 0, 0, 0, 0, 0, 0, 0, 
        0, 0, 0, 0, 0, 0, 0, 0, 0, 0, 0, 0, 0, 0, 0, 0, 0, 0, 0, 
        0, 0, 0, 0, 0, 0, 0, 0, 0, 0, 0, 0, 0, 0, 0, 0, 0, 0, 0, 
        0, 0, 0, 0, 0, 0, 0, 0, 0, 0, 0, 0, 0, 0, 0, 0, 0, 0, 0, 
        0, 0, 0, 0, 0, 0, 0, 0, 0, 0, 0, 0, 0, 0, 0, 0, 0, 0, 0, 
        0, 0, 0, 0, 0, 0, 0, 0, 0, 0, 0, 0, 0, 0, 0, 0, 0, 0, 0, 
        0, 0, 0, 0, 0, 0, 0, 0, 0, 0, 0, 0, 0, 0, 0, 0, 0, 0, 0, 
        0, 0, 0, 0, 0, 0, 0, 0, 0, 0, 0, 0, 0, 0, 0, 0, 0, 0, 0, 
        0, 0, 0, 0, 0, 0, 0, 0, 0, 3.78320386321659, 0, 0, 0, 0, 
        0, 0, 0, 0, 0, 0, 0, 0, 0, 0, 0, 0, 0, 0, 0, 0, 0, 0, 0, 
        0, 0, 0, 0, 0, 0, 0, 0, 0, 0, 0, 0, 0, 0, 0, 0, 0, 0, 0, 
        0, 0, 0, 0, 0, 0, 0, 0, 0, 0, 0, 0, 0, 0, 0, 0, 0, 0, 0, 
        0, 0, 0, 0, 0, 0, 0, 0, 0, 0, 0, 0, 0, 0, 0, 0, 0, 0, 0, 
        0, 0, 0, 0, 0, 0, 0, 0, 0, 0, 0, 0, 0, 0, 0, 0, 0, 0, 0, 
        0, 0, 0, 0, 0, 0, 0, 0, 0, 0, 0, 0, 0, 0, 0, 0, 0, 0, 0, 
        0, 0, 0, 0, 0, 0, 0, 0, 0, 0, 0, 0, 0, 0, 0, 0, 0, 0, 0, 
        0, 0, 0, 0, 0, 0, 0, 0, 0, 0, 0, 0, 0, 0, 0, 0, 0, 0, 0, 
        0, 0, 0, 0, 0, 0, 0, 0, 0, 0, 0, 0, 0, 0, 0, 0, 0, 0, 0, 
        0, 0, 0, 0, 0, 0, 0, 0, 0, 0, 0, 0, 0, 0, 0, 0, 0, 0, 0, 
        0, 0, 0, 0, 0, 0, 0, 0, 0, 0, 0, 0, 0, 0, 0, 0, 0, 0, 0, 
        0, 0, 0, 0, 0, 0, 0, 0, 0, 0, 0, 0, 0, 0, 0, 0, 0, 0, 0, 
        0, 0, 0, 0, 0, 0, 0, 0, 0, 0, 0, 0, 0, 0, 0, 0, 0, 0, 0, 
        0, 0, 0, 0, 0, 0, 0, 0, 0, 0, 0, 0, 0, 0, 0, 0, 0, 0, 0, 
        0, 0, 0, 0, 0, 0, 0, 0, 0, 0, 0, 0, 0, 0, 0, 0, 0, 0, 0, 
        0, 0, 0, 0, 0, 0, 0, 0, 0, 0, 0, 0, 0, 0, 0, 0, 0, 14.7563356038109, 
        0, 10.0784430271974, 0, 0, 0, 0, 0, 0, 0, 0, 0, 0, 0, 0, 
        0, 26.4007280359023, 26.4007280359023, 0, 0, 0, 0, 0, 0, 
        0, 0, 0, 0, 0, Inf, 0, 0, 0, 0, 0, 0, 0, 0, 0, 0, 0, 0, 0, 
        0, 0, 0, 0, 0, 0, 0, 0, 0, 0, 0, 0, 0, 0, 0, 0, 0, 0, 0, 
        0, 0, 0, 0, 0, 0, 0, 0, 0, 0, 0, 3.6543073452209, 0, 0, 0, 
        0, 0, 0, 0, 0, 0, 0, 0, 0, 0, 0, 0, 0, 0, 0, 0, 0, 0, 0, 
        0, 0, 0, 0, 0, 0, 0, 0, 0, 0, 0, 0, 0, 0, 0, 0, 0, 0, 0, 
        0, 0, 0, 0, 0, 0, 0, 0, 0, 0, 3.78320386321659, 0, 0, 0, 
        0, 0, 0, 0, 0, 0, 0, 0, 0, 0, 0, 0, 0, 0, 0, 0, 0, 0, 0, 
        0, 0, 0, 0, 0, 0, 0, 0, 0, 0, 0, 0, 0, 0, 0, 0, 0, 0, 0, 
        0, 0, 0, 0, 0, 0, 0, 0, 0, 0, 0, 0, 0, 0, 0, 0, 0, 0, 0, 
        0, 0, 0, 0, 0, 0, 0, 0, 0, 0, 0, 0, 0, 0, 0, 0, 0, 0, 0, 
        0, 0, 0, 0, 0, 0, 0, 0, 0, 0, 0, 0, 0, 0, 0, 0, 0, 0, 0, 
        0, 0, 0, 0, 0, 0, 0, 0, 0, 0, 0, 0, 0, 0, 0, 0, 0, 0, 0, 
        0, 0, 0, 0, 0, 0, 0, 0, 0, 0, 0, 0, 0, 0, 0, 0, 0, 0, 0, 
        0, 0, 0, 0, 0, 0, 0, 0, 0, 0, 0, 0, 0, 0, 0, 0, 0, 0, 0, 
        0, 0, 0, 0, 0, 0, 0, 0, 0, 0, 0, 0, 0, 0, 0, 0, 0, 0, 0, 
        0, 0, 0, 0, 0, 0, 0, 0, 0, 0, 0, 0, 0, 0, 0, 0, 0, 0, 0, 
        0, 4.97901823583164, 18.2939666773062, 0, 0, 0, 0, 0, 0, 
        0, 0, 0, 0, 0, 0, 0, 0, 0, 0, 0, 0, 0, 0, 0, 0, 0, 0, 0, 
        0, 0, 0, 33.2828966421933, 0, 0, 0, 0, 0, 0, 0, 0, 0, 0, 
        0, 0, 0, 0, 0, 0, 0, 0, 0, 0, 0, 0, 0, 0, 0, 0, 0, 0, 0, 
        0, 0, 0, 0, 0, 0, 0, 0, 0, 0, 0, 0, 0, 0, 0, 0, 0, 0, 0, 
        0, 0, 0, 0, 0, 0, 0, 0, 0, 0, 0, 0, 0, 0, 0, 0, 0, 0, 0, 
        0, 0, 0, 0, 0, 0, 0, 0, 0, 0, 0, 0, 0, 0, 0, 0, 0, 0, 0, 
        0, 0, 0, 0, 0, 0, 0, 0, 0, 0, 0, 0, 0, 0, 0, 0, 0, 0, 0, 
        0, 0, 0, 0, 0, 0, 0, 0, 0, 0, 0, 0, 0, 0, 0, 0, 0, 0, 0, 
        0, 0, 0, 0, 0, 0, 0, 0, 0, 0, 0, 0, 0, 0, 0, 0, 0, 0, 0, 
        0, 0, 0, 0, 0, 0, 0, 0, 0, 0, 0, 0, 0, 0, 0, 0, 0, 0, 0, 
        0, 0, 0, 0, 0, 0, 0, 0, 0, 0, 0, 0), OR_FLAT = c(Inf, Inf, 
        0, 0, Inf, 0.112852060756181, 0.0373293644729634, Inf, Inf, 
        0.0855393094852011, Inf, 1.50298446567085, 0.490884059076007, 
        Inf, 0, 0.244770843420926, Inf, Inf, 0.249743149450913, Inf, 
        1.48579959391979, 0, 0, 0, Inf, Inf, 2.75530107374688, Inf, 
        0.73763379419856, 0.995638536794299, Inf, 2.43991169522529, 
        2.99310129309179, Inf, Inf, Inf, Inf, 2.99310129309179, Inf, 
        Inf, Inf, Inf, Inf, 0.853783361625915, Inf, 1.46541540847744, 
        0.368975159021719, 0, Inf, 0.735351756880511, Inf, 0, 0.739876807554621, 
        0, 0.925500804680895, 0.368975159021719, 1.11347910007436, 
        0.189526537920635, 0, 0.490884059076007, Inf, 2.74502156381546, 
        2.74502156381546, 2.58603000193721, 0.601806261105525, 5.5277975885655, 
        0.586995563807458, 5.11630665509696, 2.23635939347665, 3.08361523672229, 
        6.92429695458339, Inf, 6.68189079922502, Inf, Inf, Inf, Inf, 
        Inf, 6.10503241468576, 1.00893468462543, Inf, Inf, 0.182592152920777, 
        2.99310129309179, Inf, Inf, 2.99310129309179, 2.99310129309179, 
        Inf, Inf, Inf, Inf, 7.67162439239624, 2.23635939347665, Inf, 
        0.739876807554621, Inf, 1.49857526552069, Inf, Inf, 1.30532099155433, 
        15.1751391241207, 1.90768631554673, 1.97854455994313, 1.34706247892047, 
        1.11496093315798, 0.551254480994267, Inf, Inf, 4.01682398158103, 
        Inf, 5.87447620788777, 6.16993619212509, Inf, 3.60606774441876, 
        2.26898435809091, Inf, 2.26898435809091, Inf, Inf, Inf, Inf, 
        Inf, Inf, Inf, Inf, Inf, Inf, Inf, 2.26898435809091, Inf, 
        2.26898435809091, Inf, Inf, 1.66026614483335, Inf, 0.182592152920777, 
        0.244770843420926, 0.182592152920777, 0.182592152920777, 
        Inf, 1.24034090212541, Inf, 2.23635939347665, 3.75630269639191, 
        Inf, 2.23635939347665, Inf, Inf, 2.63856555821782, Inf, Inf, 
        Inf, Inf, Inf, Inf, Inf, Inf, Inf, Inf, Inf, Inf, Inf, Inf, 
        0.731853272553943, Inf, Inf, Inf, 0, 8.47459424950712, Inf, 
        Inf, 0, 0.988330301428087, 0.368975159021719, 0.740983991878106, 
        Inf, Inf, Inf, 1.74320947868824, 0, 0.4891392211642, Inf, 
        Inf, 0.213153546769872, 0.740983991878106, 0.740983991878106, 
        0.667300484005084, 0.368975159021719, 2.25245972457242, 1.23900543779243, 
        0.0705451186762782, Inf, 0.729469098165621, 0.739876807554621, 
        1.48998477630931, 0.740983991878106, 0, 0, 1.5012928357675, 
        0.145303488409836, 1.36155419277571, 1.30552363481876, 3.94719221797447, 
        1.11347910007436, 2.01828814356855, Inf, Inf, 1.79910192593534, 
        2.00852073515824, Inf, Inf, Inf, Inf, 0.545397906285664, 
        0.551254480994267, 1.17150252150444, 3.02798640760794, 2.02192501231943, 
        1.37693715651365, 2.23635939347665, 3.75630269639191, 1.60760252723018, 
        0.490884059076007, 0.739876807554621, 0.739876807554621, 
        0.740983991878106, Inf, Inf, 1.02886649521301, 1.30593684674776, 
        2.03561978482443, Inf, 0.739876807554621, 1.81891820207886, 
        Inf, Inf, Inf, Inf, Inf, Inf, Inf, Inf, Inf, 0.926436369522074, 
        1.27800891178989, 0.906512923555115, 0.182592152920777, 0.182592152920777, 
        1.11796765845244, 0.366276340749958, 1.77392903497843, 1.77392903497843, 
        1.77392903497843, Inf, 0.867487591274808, 5.4377010447312, 
        8.47459424950712, 5.4377010447312, 0.366276340749958, Inf, 
        6.08556706572343, 0.589966295126491, 1.00119326729352, 1.09072356226935, 
        1.03967581290629, Inf, 1.0232023496251, 0.977569588327824, 
        2.23635939347665, 2.23635939347665, 2.23635939347665, 0, 
        2.99310129309179, Inf, Inf, Inf, 0, 1.11957187152153, 0.282051680543826, 
        Inf, 2.63856555821782, 0.14264122633439, 0, 3.33388430277635, 
        0.493577861002259, 0.352172569827412, 0.404410195897248, 
        0.269615428711598, 0.368975159021719, 0.368975159021719, 
        2.47776634957664, 0.551254480994267, Inf, 0.131948468028537, 
        Inf, Inf, Inf, Inf, 0.961953272720008, 0.736497716941971, 
        Inf, 0, 0, 0.182592152920777, Inf, Inf, 0.291453571538014, 
        0.291453571538014, 0, 0, 0, 0, 0, 0, Inf, 0.740983991878106, 
        2.08652601084643, 0, 0.487723108914185, 1.48998477630931, 
        0.740983991878106, 0.740983991878106, 10.1080944831618, 0.368975159021719, 
        0.740983991878106, Inf, 0.460293719314569, Inf, 1.09090174129788, 
        Inf, Inf, Inf, 0, Inf, 0.65488659660131, 1.24034090212541, 
        1.75028724070593, Inf, Inf, 2.60876180034841, 4.9409637924527, 
        1.48998477630931, Inf, Inf, 1.88884055419884, Inf, 3.94719221797447, 
        0.347806877490085, 0.627400751279684, 2.23635939347665, Inf, 
        Inf, Inf, 1.48579959391979, 1.48579959391979, 0.368975159021719, 
        0.368975159021719, 1.08556270964134, Inf, 0.631559049665935, 
        0.924384317862137, 1.22507202620568, 3.10154333642701, Inf, 
        1.86962475609185, 2.03561978482443, 1.04287350305003, 2.28715504130049, 
        3.45864046959046, 2.97169936980334, 4.08545391282696, 0.740983991878106, 
        Inf, 1.88785625155363, Inf, 1.05428971025263, 0.366276340749958, 
        1.51204103622458, 1.11496093315798, 0.825142589609394, Inf, 
        Inf, Inf, 0.767913926913829, 1.11496093315798, Inf, 1.46541540847744, 
        Inf, 0.244770843420926, 0.244770843420926, 0.368975159021719, 
        1.14160673202876, 0.833710786391832, 2.02473963671823, 0.771906112265026, 
        1.24034090212541, 0.244770843420926, 0.368975159021719, 0, 
        0.783442877742727, 1.52523292692621, 3.45864046959046, Inf, 
        1.86962475609185, 0, Inf, Inf, 0.616826914749421, 0.241540763117991, 
        Inf, 0.740983991878106, 0.740983991878106, Inf, Inf, 0.739876807554621, 
        1.99290531915991, 1.37941342250745, 0.244770843420926, 3.42083694325977, 
        0.887218856277408, 0.269615428711598, 0.740983991878106, 
        10.1080944831618, 2.717270476559, Inf, Inf, Inf, Inf, 0.901957874257721, 
        0, Inf, 1.69287130971385, 0.740983991878106, 0.368975159021719, 
        1.69287130971385, 0.368975159021719, 0.368975159021719, 0.368975159021719, 
        0.368975159021719, 0.953335841276043, 0.956884133528561, 
        1.49857526552069, Inf, 0.523551509380455, 0.740983991878106, 
        Inf, Inf, Inf, Inf, 0.740983991878106, 1.57403663209818, 
        0.182592152920777, 0.556196252213005, Inf, 1.11347910007436, 
        Inf, Inf, 0.740983991878106, 1.24034090212541, 0, 1.21659880302362, 
        0.906426198592763, 0.418023540321933, 0.990416347799863, 
        1.30747554664216, 0.182592152920777, 2.32127760103592, Inf, 
        0.192688757529904, 0.368975159021719, 2.99310129309179, Inf, 
        2.99310129309179, 0.884943598709831, 0.520333900514043, 0.520333900514043, 
        0, 0.182592152920777, 0.610429178717451, Inf, 0.739876807554621, 
        Inf, 5.29171808143944, Inf, 14.3113250109631, 2.00852073515824, 
        Inf, 0.564618462882825, 0.739876807554621, 0.352758795238176, 
        0.309884358393362, 0.456829619456939, 0.308942960525215, 
        2.00852073515824, 0.783442877742727, 0.961953272720008, 1.52523292692621, 
        3.45864046959046, 0.182592152920777, 1.77392903497843, 0.740983991878106, 
        1.41810622265244, 1.60760252723018, Inf, Inf, Inf, Inf, 2.23635939347665, 
        2.23635939347665, Inf, 0.373568449946139, 0.586575332468979, 
        1.00358147893085, 1.48579959391979, 0.182592152920777, Inf, 
        Inf, 0.182592152920777, 0, Inf, 0.334269526010816, 0.490884059076007, 
        Inf, 2.23635939347665, 0.244770843420926, 0.244770843420926, 
        0.740983991878106, 0, 0, 1.69287130971385, Inf, 0.856844200144412, 
        0.640185210070607, Inf, Inf, Inf, Inf, 0.740983991878106, 
        2.23635939347665, 2.23635939347665, Inf, Inf, 0.244770843420926, 
        0.244770843420926, Inf, 0, 0, 2.23635939347665, 0.884197564790004, 
        Inf, 2.717270476559, 0.586995563807458, 0.291453571538014, 
        2.00852073515824, 6.69171736354466, 0.740983991878106, Inf, 
        Inf, 2.99310129309179, 2.99310129309179, 1.69287130971385, 
        Inf, 2.98496753512405, Inf, 0, 1.2124471830595, 1.50415406201237, 
        Inf, Inf, Inf, 0.740983991878106, Inf, Inf, Inf, Inf, 0.713998419125088, 
        1.78130038403648, 0.781856583250591, 1.08556270964134, Inf, 
        0.631559049665935, 3.81712861068667, Inf, 1.48998477630931, 
        0.366276340749958, Inf, Inf, Inf, 0.346717603454564, 0.740983991878106, 
        0.368975159021719, 12.607174895449, 4.52604258163049, Inf, 
        0.853783361625915, Inf, 1.46541540847744, 0.368975159021719, 
        0.950509218671443, 0.157489183911782, Inf, Inf, 0.740983991878106, 
        Inf, Inf, 1.61314264463168, 0.816779308983625, Inf, Inf, 
        0.738760116009774, 1.86400200916545, 2.00852073515824, 3.50386074377213, 
        Inf, 1.31203339414427, 1.98852164026512, 0.967522711645058, 
        0.192688757529904, 0.0788775296754002, 0.740983991878106, 
        0.740983991878106, 0.740983991878106, 0.740983991878106, 
        Inf, Inf, Inf, Inf, Inf, 1.24034090212541, 3.52051452542222, 
        0.844619070874489, 0.634279526434187, Inf, Inf, 0.366276340749958, 
        0.366276340749958, 10.9336362915325, Inf, Inf, Inf, Inf, 
        Inf, Inf, 0.861308735535306, Inf, Inf, 2.08652601084643, 
        11.7666300419624, 2.46228331077935, Inf, Inf, Inf, Inf, 10.1080944831618, 
        Inf, Inf, Inf, Inf, 1.48998477630931, Inf, 1.11496093315798, 
        8.47459424950712, 1.97854455994313, Inf, Inf, 0.935395825892814, 
        1.64011162208623, Inf, Inf, 0.937564210195293, 2.79675551004953, 
        Inf, 3.42083694325977, 0, 0, 0.695411234801729, 0, Inf, Inf, 
        Inf, Inf, 2.08652601084643, 0.925500804680895, Inf, Inf, 
        Inf, 0, 3.93464317171476, Inf, Inf, 0.368975159021719, Inf, 
        Inf, 0.438653454263572, Inf, 0.545397906285664, 0.739876807554621, 
        Inf, Inf, Inf, 1.064668846042, Inf, 0, Inf, Inf, Inf, Inf, 
        Inf, Inf, 1.97897490771874, Inf, Inf, Inf, Inf, Inf, 0, Inf, 
        Inf, Inf, 0.182592152920777, 0.182592152920777, Inf, 0, 0, 
        Inf, Inf, 0, 0, 0, 0, Inf, Inf, Inf, Inf, Inf, Inf, Inf, 
        Inf, Inf, Inf, Inf, Inf, Inf, Inf, 0.738760116009774, 0, 
        Inf, 0.534156903481739, Inf, 2.99310129309179, Inf, Inf, 
        Inf, Inf, Inf, 0, Inf, 0, 0.112852060756181, 1.11347910007436, 
        2.03561978482443, 6.68189079922502, Inf, 0, Inf, 1.53116913955069, 
        Inf, 0, 2.23635939347665, 0.739876807554621, 2.25245972457242, 
        0, 0, 2.23635939347665, 0.925500804680895, 0.659917885555402, 
        0.856844200144412, 6.87555181523643, 0.640185210070607, Inf, 
        0, 1.11347910007436, Inf, 4.52604258163049, Inf, Inf, Inf, 
        6.68189079922502, 0.761691753133042, 5.30243006907271, Inf, 
        0.740983991878106, Inf, 0, 1.48579959391979, 1.88006902141665, 
        Inf, 3.62872810083387, 0.853783361625915, Inf, 1.46541540847744, 
        1.00119326729352, 0.740983991878106, Inf, Inf, Inf, 2.99310129309179, 
        1.91709246858864, Inf, Inf, Inf, 0.740983991878106, Inf, 
        0.73763379419856, 2.37805482579205, Inf, 1.34706247892047, 
        2.20308825092261, 1.10496404601441, 3.02798640760794, 1.48579959391979, 
        Inf, 0.740983991878106, Inf, 0.334269526010816, Inf, 0.922129501570227, 
        2.50784046995725, Inf, 0.967396369214166, 1.4405771896267, 
        1.86035841361203, Inf, Inf, 0.551254480994267, 0.551254480994267, 
        0, 1.42952218779356, 0.244770843420926, 1.45048472607099, 
        0.535638013379536, 0.368975159021719, 4.9409637924527, 0.943400073644752, 
        0.94938673722273, Inf, 1.30552363481876, 0.802813193477754, 
        1.29298649196836, Inf, 1.61314264463168, 2.83701320700204, 
        1.86962475609185, 0.73763379419856, 0.651499853766803, 0.522315274836414, 
        0.145303488409836, 1.48579959391979, Inf, 6.68189079922502, 
        Inf, Inf, Inf, Inf, Inf, 6.68189079922502, Inf, Inf, 1.75028724070593, 
        Inf, Inf, Inf, Inf, 1.1521209284118, Inf, 1.52504622010292, 
        2.03561978482443, Inf, Inf, Inf, Inf, 0.490884059076007, 
        0, 0, 1.24034090212541, Inf, 1.11496093315798, Inf, Inf, 
        2.99310129309179, Inf, 0.481503371770675, 0.987905824820518, 
        0.20587206390219, 2.24993610392024, 1.17596494193555, 0.904919232744841, 
        1.4103410358923, Inf, Inf, 1.49424269590055, Inf, 0.808939567898846, 
        2.14228214868161, Inf, 1.11496093315798, Inf, Inf, 0.740983991878106, 
        Inf, 0, 1.50298446567085, Inf, 3.15666884557422, Inf, Inf, 
        2.23635939347665, 0.289596795142359, 0.968480999888193, Inf, 
        7.54688009362368, Inf, Inf, 3.73287656327777, Inf, 0, 2.23635939347665, 
        1.69287130971385, 2.25245972457242, Inf, 0.334269526010816, 
        3.96359959186623, 1.11496093315798, 0.925500804680895, Inf, 
        Inf, Inf, 0.444506452307684, 0.267471507012863, 1.77392903497843, 
        Inf, Inf, 0.244770843420926, 0.244770843420926, Inf, Inf, 
        1.48579959391979, 1.30593684674776, 1.75028724070593, 0, 
        0.447266137148375, 0.244770843420926, Inf, Inf, Inf, 1.48579959391979, 
        Inf, Inf, 1.6271087757617, Inf, Inf, 1.11496093315798, Inf, 
        Inf, Inf, Inf, 0, 0, Inf, 1.30593684674776, Inf, 1.46541540847744, 
        1.48998477630931, Inf, Inf, Inf, Inf, Inf, Inf, Inf, Inf, 
        Inf, Inf, Inf, Inf, 0, Inf, Inf, Inf, Inf, Inf, Inf, Inf, 
        0, 1.48596736158601, 0, 0, 0.937564210195293, 5.30243006907271, 
        Inf, 2.23635939347665, 2.99310129309179, 0, 0.145303488409836, 
        Inf, Inf, Inf, 2.23635939347665, Inf, Inf, 1.86962475609185, 
        0.0892599372435056, 0.668264541358599, 0, 1.36583985082082, 
        0.978338171810372, 1.20578773682784, 1.75727162037787, Inf, 
        Inf, Inf, 0.81333096728938, 2.46741238888114, 2.20253224018117, 
        0.740983991878106, 2.23635939347665, Inf, Inf, 0.551254480994267, 
        0, 0, 0.202782253938602, 0, 0.740983991878106, Inf, 1.11347910007436, 
        0.102606587874505, Inf, 0, 0, 0, 0, 0, 0, 0.740983991878106, 
        0.453069068368867, 0, 0.477516791507566, 0.556196252213005, 
        1.44344323669405, 0, 2.79675551004953, 3.42083694325977, 
        Inf, Inf, 0.368975159021719, 0, Inf, 6.08556706572343, 1.48579959391979, 
        Inf, 3.8806956658454, 2.53171698387973, 6.08556706572343, 
        Inf, Inf, 0.490884059076007, 0, 0.739876807554621, 0, 0, 
        0, 1.67849035770279, Inf, 1.77930707946658, 0.621184401642007, 
        1.55129131673107, Inf, 0.418225804374916, 0.85360465013409, 
        1.77392903497843, Inf, 0.291453571538014, 0.182592152920777, 
        Inf, 0, 0.265250949204314, 0.244852872129027, 0.182592152920777, 
        0.182592152920777, 3.06411152240755, 2.99310129309179, 3.7809543095526, 
        6.87555181523643, 5.87447620788777, Inf, 9.28990747503357, 
        2.99310129309179, 0, 0.158266474712955, 0, 1.40010321825575, 
        0.412806495537896, Inf, 0.368975159021719, 0.923852449479454, 
        0.626827118555231, 0, 0, Inf, Inf, Inf, 1.60128934323956, 
        1.46675565708543, 1.50298446567085, Inf, Inf, 1.50298446567085, 
        1.19247718516706, 1.19247718516706, 0.481503371770675, 0.809287162714244, 
        1.75028724070593, 0.738760116009774, Inf, 1.07931306066774, 
        1.28494325922803, 1.064668846042, 0.604635662207778, 1.56832267863923, 
        0.763470410888723, 0.906426198592763, 1.31336271852974, 0, 
        0, Inf, 2.25245972457242, 1.27800891178989, Inf, 0.711411876335474, 
        1.57105508497485, 1.47512364577506, 0.800181159823565, 1.02403261653793, 
        1.6727324462802, 2.80101507981787, Inf, 4.71959110796251, 
        1.02886649521301, Inf, 1.11496093315798, Inf, 0.875274394923169, 
        Inf, 0.65723887197224, 0, 0, 0.676434642203578, Inf, 0.160910656166557, 
        1.51204103622458, Inf, Inf, Inf, 0.551254480994267, 6.87555181523643, 
        1.29298649196836, Inf, Inf, Inf, Inf, 4.16641490575, 1.82264298283503, 
        1.49424269590055, 1.48998477630931, 0, Inf, 2.23635939347665, 
        2.23635939347665, 0.887218856277408, 0.551254480994267, 1.24034090212541, 
        0, 0.738760116009774, Inf, Inf, 0.934104071431523, 4.62023394424809, 
        Inf, 1.77392903497843, 1.77392903497843, 1.77392903497843, 
        2.18258521076089, 0, 0.740983991878106, 0.740983991878106, 
        0.73763379419856, 1.53116913955069, Inf, Inf, 2.99310129309179, 
        0.86720533092258, 2.00852073515824, 0.792315465283086, Inf, 
        3.81712861068667, 0, 0, Inf, 1.2297441312025, 1.48579959391979, 
        Inf, 3.75395507322204, 0.739876807554621, 0, 0.739876807554621, 
        0, 0, 0.735351756880511, Inf, 1.30593684674776, Inf, 1.86962475609185, 
        Inf, Inf, Inf, 0, 0, 0, Inf, 1.48579959391979, Inf, 1.30593684674776, 
        0.740983991878106, 1.97897490771874, Inf, Inf, Inf, 0.621184401642007, 
        0.609809292144892, 1.70474444976149, 1.51669273401579, 0.802813193477754, 
        0.626827118555231, 1.30362351395738, 0.244770843420926, 0.244770843420926, 
        2.25245972457242, Inf, Inf, Inf, Inf, Inf, 0, Inf, Inf, 1.24034090212541, 
        0.830572900690513, 1.2803330669268, 2.25245972457242, Inf, 
        Inf, 0.269615428711598, Inf, 0, Inf, Inf, 2.79675551004953, 
        Inf, 3.42083694325977, Inf, 0, Inf, Inf, Inf, 0.182592152920777, 
        Inf, 1.36491570236721, 2.14045334953285, 2.14045334953285, 
        1.24034090212541, 1.24034090212541, 2.63856555821782, 2.25245972457242, 
        1.57810743136977, Inf, Inf, Inf, Inf, Inf, Inf, Inf, Inf, 
        0.182592152920777, 0.861308735535306, 0.925500804680895, 
        Inf, Inf, 0.431326135871709, 0.509694494170568, 0, Inf, 0.738760116009774, 
        0, 1.28494325922803, 0.73763379419856, 0.551254480994267, 
        0, 1.11796765845244, 0.55226157589851, 1.34706247892047, 
        3.75630269639191, 0.739876807554621, 2.23635939347665, 0.739876807554621, 
        2.23635939347665, 0, 0.486492193069863, 0.486492193069863, 
        0.740983991878106, 0.740983991878106, 0, 0.523551509380455, 
        Inf, Inf, Inf, Inf, Inf, Inf, Inf, Inf, Inf, Inf, 1.77392903497843, 
        1.77392903497843, Inf, Inf, Inf, Inf, Inf, Inf, 0.59677690839682, 
        1.3771688660352, 0.869441148697482, 1.11496093315798, Inf, 
        0, 0, 2.63856555821782, Inf, Inf, 1.48998477630931, 0, 0.740983991878106, 
        Inf, 0, Inf, 0.73763379419856, Inf, Inf, Inf, Inf, Inf, Inf, 
        Inf, 9.28990747503357, Inf, Inf, Inf, 0, 2.60149676020325, 
        0.145303488409836, 0, 0.182592152920777, 2.00852073515824, 
        0.98853156016269, 0, 0.950509218671443, 2.83701320700204, 
        2.03561978482443, 3.38290979690168, 0.231151975395125, 0.296413364582326, 
        Inf, Inf, Inf, 0, 0, 0, Inf, 1.77392903497843, 1.75028724070593, 
        3.1491778660284, 0.988330301428087, Inf, Inf, 3.73287656327777, 
        0.366276340749958, 1.48579959391979, 1.48579959391979, 6.08556706572343, 
        1.48579959391979, 0.740983991878106, Inf, Inf, 0.244770843420926, 
        0.244770843420926, 0, 0.740983991878106, 0.740983991878106, 
        0.740983991878106, 0.740983991878106, 3.73287656327777, 0.346717603454564, 
        0, 0.739876807554621, Inf, Inf, 0.366276340749958, 1.11347910007436, 
        Inf, 0.937564210195293, 0.145303488409836, Inf, Inf, Inf, 
        Inf, Inf, 0, 1.48998477630931, 0, Inf, 0.182592152920777, 
        Inf, 0, Inf, Inf, 0.366276340749958, 0.366276340749958, 0.366276340749958, 
        0.490884059076007, 0.739876807554621, 0, Inf, Inf, Inf, Inf, 
        Inf, 0.842464396106251, 1.48998477630931, 9.28990747503357, 
        1.01170715289484, 1.24034090212541, Inf, 0.734195784426487, 
        1.75028724070593, 0.368975159021719, 0.523978643371187, 0.736497716941971, 
        0, 0, 2.79675551004953, 1.05428971025263, 0.431326135871709, 
        1.42952218779356, 1.04176396129304, Inf, Inf, 1.49857526552069, 
        Inf, 0, Inf, 0.586995563807458, Inf, Inf, Inf, 1.11347910007436, 
        1.11347910007436, Inf, Inf, 0.740983991878106, 0, Inf, 1.31799234194454, 
        3.06411152240755, 3.04532417259747, Inf, Inf, Inf, Inf, 0.740983991878106, 
        0, 0, Inf, 1.11496093315798, 0.366276340749958, 0, 0, Inf, 
        Inf, 0.563040441193576, Inf, 1.11496093315798, 14.3113250109631, 
        Inf, 14.3113250109631, Inf, 7.67162439239624, Inf, Inf, Inf, 
        0.740983991878106, 0.740983991878106, 1.11496093315798, 0.925500804680895, 
        1.02886649521301, Inf, 1.11496093315798, 0.739876807554621, 
        0, Inf, Inf, Inf, Inf, 2.46228331077935, Inf, 1.97854455994313, 
        0.802813193477754, 0.586995563807458, Inf, 0, 0.523978643371187, 
        2.25245972457242, 3.75630269639191, Inf, Inf, Inf, 1.75028724070593, 
        Inf, Inf, Inf, 0.740983991878106, 0.925500804680895, 0.520333900514043, 
        0.736497716941971, Inf, Inf, Inf, Inf, Inf, 2.99310129309179, 
        Inf, 0, 0, 0.184625612387515, 0.0788775296754002, 0.740983991878106, 
        2.99310129309179, 0, 0.492372959440547, Inf, Inf, 0.767913926913829, 
        Inf, 1.48579959391979, 0, 0.856844200144412, Inf, 0.640185210070607, 
        Inf, Inf, Inf, Inf, Inf, Inf, Inf, 0.733029667715053, 0.45272092367131, 
        Inf, Inf, Inf, Inf, 0.739876807554621, 0, 1.11347910007436, 
        1.11347910007436, Inf, 1.02886649521301, Inf, Inf, 1.24034090212541, 
        1.24034090212541, Inf, Inf, 0.738760116009774, 0.738760116009774, 
        Inf), P_VALUE_FLAT = c(1, 0.1397551963533, 0.425790754257908, 
        0.425790754257908, 0.509821375586019, 4.56981708372959e-05, 
        1.47482503677234e-06, 0.264732063379028, 1, 1.06468719832932e-06, 
        0.0405442455781028, 0.597730846918489, 0.654713609675485, 
        1, 0.180701442050917, 0.31660160500316, 1, 0.509821375586019, 
        0.00751384252904272, 1, 1, 0.425790754257908, 0.180701442050917, 
        0.180701442050917, 1, 0.509821375586019, 1.58000177276036e-05, 
        1, 0.727795641460147, 1, 0.0405442455781028, 0.00846959130743547, 
        0.399437774093686, 0.509821375586019, 0.509821375586019, 
        1, 1, 0.399437774093686, 0.0405442455781028, 0.1397551963533, 
        1, 0.509821375586019, 1, 0.577618949357881, 1, 0.372360905274671, 
        0.577535537638317, 0.180701442050917, 1, 0.768494592630952, 
        0.509821375586019, 0.180701442050917, 1, 0.180701442050917, 
        1, 0.577535537638317, 1, 0.000721375958715542, 0.180701442050917, 
        0.654713609675485, 1, 0.0277655271102149, 0.0277655271102149, 
        0.0338304673662243, 0.272398706042001, 2.69587042972271e-08, 
        0.504561049655131, 3.22757080507886e-07, 0.639662664456211, 
        0.000294993435637254, 1.76661212832649e-05, 1, 3.05446284563742e-05, 
        0.509821375586019, 1, 1, 1, 1, 6.41007297492583e-07, 1, 0.509821375586019, 
        1, 0.168254644939628, 0.399437774093686, 1, 1, 0.399437774093686, 
        0.399437774093686, 1, 1, 1, 1, 0.0281105155159735, 0.639662664456211, 
        1, 1, 1, 0.568863118160542, 0.509821375586019, 1, 0.235438619349138, 
        0.000266816992165842, 0.0173582919676446, 0.147591406004377, 
        0.784811169121556, 1, 0.46536760798595, 0.509821375586019, 
        0.509821375586019, 0.00337977627644823, 0.0221713350851793, 
        0.00129810814138304, 0.00075508268125997, 0.0221713350851793, 
        0.0434779148582499, 0.24990945779701, 1, 0.24990945779701, 
        0.00165575463534992, 0.0748345519182037, 0.1397551963533, 
        0.0221713350851793, 0.1397551963533, 0.509821375586019, 0.264732063379028, 
        1, 0.509821375586019, 0.509821375586019, 0.509821375586019, 
        0.24990945779701, 1, 0.24990945779701, 0.509821375586019, 
        1, 0.443611558304456, 0.0232645175039387, 0.168254644939628, 
        0.31660160500316, 0.168254644939628, 0.168254644939628, 1, 
        1, 1, 0.639662664456211, 0.246286083618708, 1, 0.639662664456211, 
        1, 1, 0.311893258144351, 0.509821375586019, 1, 1, 1, 0.264732063379028, 
        1, 0.509821375586019, 0.264732063379028, 0.264732063379028, 
        0.264732063379028, 0.264732063379028, 0.509821375586019, 
        1, 1, 0.62743353738148, 1, 1, 1, 1, 0.0161089173948406, 0.1397551963533, 
        0.1397551963533, 0.0135379965310708, 1, 0.577535537638317, 
        1, 0.1397551963533, 0.1397551963533, 0.1397551963533, 0.280347360258029, 
        0.0322220151353558, 0.000890807100218625, 0.509821375586019, 
        0.509821375586019, 6.11776234481567e-08, 1, 1, 0.568863118160542, 
        0.577535537638317, 0.475537291951231, 0.656061193461788, 
        4.05063239841596e-06, 0.509821375586019, 0.510863677019481, 
        1, 1, 1, 0.425790754257908, 1, 0.272421115087922, 0.0877605093416405, 
        0.400226497836116, 0.231306788207404, 0.00954085784217946, 
        1, 0.0125305687466182, 0.509821375586019, 0.1397551963533, 
        0.18065331103513, 0.366659539756623, 0.509821375586019, 0.1397551963533, 
        1, 0.0748345519182037, 0.283205942048912, 0.46536760798595, 
        0.651907157524058, 0.200188011855956, 0.000665637593087556, 
        0.411185289454141, 0.639662664456211, 0.246286083618708, 
        0.224188857535493, 0.654713609675485, 1, 1, 1, 0.264732063379028, 
        1, 1, 0.765139441799517, 0.11854768011335, 1, 1, 0.322062648128021, 
        0.264732063379028, 0.264732063379028, 0.264732063379028, 
        0.264732063379028, 0.264732063379028, 0.264732063379028, 
        1, 1, 1, 0.816249102263613, 0.229676300786483, 0.846838635079849, 
        0.168254644939628, 0.168254644939628, 1, 0.408505703274138, 
        0.354054256335668, 0.354054256335668, 0.354054256335668, 
        0.509821375586019, 0.624012589569285, 0.0176642020266164, 
        0.0161089173948406, 0.0176642020266164, 0.408505703274138, 
        1, 0.0848262850967562, 0.0121434753286278, 1, 0.690008080261539, 
        0.916657068849816, 1, 1, 1, 0.639662664456211, 0.639662664456211, 
        0.639662664456211, 0.0322220151353558, 0.399437774093686, 
        0.1397551963533, 0.1397551963533, 1, 0.0322220151353558, 
        0.837570932423738, 4.01141785272772e-08, 0.509821375586019, 
        0.311893258144351, 4.03353558615269e-07, 0.000168317915571267, 
        0.0690106493898434, 0.00221855975275604, 3.12343982691918e-07, 
        0.0470448909543644, 0.0605326109143957, 0.577535537638317, 
        0.577535537638317, 0.0226828462187792, 0.46536760798595, 
        1, 4.53497653064948e-07, 0.0405442455781028, 1, 1, 1, 1, 
        0.749656874432765, 1, 0.0023654238298222, 0.425790754257908, 
        0.168254644939628, 1, 0.0405442455781028, 0.141183522555002, 
        0.141183522555002, 0.0322220151353558, 0.425790754257908, 
        0.425790754257908, 0.425790754257908, 0.425790754257908, 
        0.425790754257908, 1, 1, 0.288702386807244, 1, 0.000442948436331583, 
        1, 1, 1, 0.00529048940068679, 0.577535537638317, 1, 1, 0.0115204745551262, 
        0.264732063379028, 0.854516727891943, 0.509821375586019, 
        1, 0.264732063379028, 0.425790754257908, 0.264732063379028, 
        0.476985081228895, 1, 0.52727414990291, 0.264732063379028, 
        0.509821375586019, 0.00051813729313254, 3.13348389181748e-06, 
        1, 0.1397551963533, 0.509821375586019, 0.410912777629061, 
        1, 0.00954085784217946, 0.00104736710354326, 0.0973449744690033, 
        0.639662664456211, 1, 1, 1, 1, 1, 0.577535537638317, 0.577535537638317, 
        0.878033696048568, 0.264732063379028, 0.263966751089863, 
        0.740429241396955, 0.395590940072646, 0.0386859880120311, 
        1, 0.703743101158134, 0.11854768011335, 0.841980250907495, 
        0.000489815848546614, 0.000111461333424727, 3.46464331815171e-06, 
        0.316601605003159, 1, 0.0119434039596425, 0.00359730042236285, 
        0.264732063379028, 1, 0.408505703274138, 0.498174743996835, 
        1, 0.39258667466298, 0.509821375586019, 1, 1, 0.4785511010594, 
        1, 1, 0.372360905274671, 1, 0.31660160500316, 0.31660160500316, 
        0.577535537638317, 0.587447832331947, 0.430782770690441, 
        0.0285749619289222, 0.470618888613888, 1, 0.31660160500316, 
        0.577535537638317, 0.180701442050917, 0.23242542136212, 0.0646955658325825, 
        0.000111461333424727, 1, 0.703743101158134, 0.0764336172978206, 
        0.509821375586019, 1, 0.305504656004995, 0.0770640862668174, 
        0.264732063379028, 1, 1, 0.509821375586019, 0.509821375586019, 
        1, 0.00776303363843464, 0.454312761360885, 0.31660160500316, 
        0.126519599268455, 1, 0.0605326109143957, 1, 0.00529048940068679, 
        0.00130644071769655, 1, 1, 0.509821375586019, 0.509821375586019, 
        0.821054186055437, 0.425790754257908, 0.509821375586019, 
        0.570375668926969, 1, 0.577535537638317, 0.570375668926969, 
        0.577535537638317, 0.577535537638317, 0.577535537638317, 
        0.577535537638317, 0.832350025693433, 0.911100564944534, 
        0.568863118160542, 0.509821375586019, 0.00160219139776513, 
        1, 0.264732063379028, 1, 1, 1, 1, 0.0316370808922298, 0.168254644939628, 
        0.00602379797448279, 1, 1, 1, 0.264732063379028, 1, 1, 0.425790754257908, 
        0.717839433800334, 0.784846739565295, 0.00102213100160313, 
        1, 0.403533719633468, 0.168254644939628, 0.0891781997502475, 
        0.264732063379028, 0.0104410092244793, 0.577535537638317, 
        0.399437774093686, 1, 0.399437774093686, 0.692768648005342, 
        0.375095799858232, 0.375095799858232, 0.000983641592599334, 
        0.168254644939628, 0.539500643194207, 0.509821375586019, 
        1, 1, 0.00380508116363361, 0.509821375586019, 0.000491132486226233, 
        0.366659539756623, 1, 0.306623864989431, 1, 8.31921268335612e-05, 
        0.105233051341681, 0.082914628290803, 2.16124970976732e-07, 
        0.366659539756623, 0.23242542136212, 1, 0.0646955658325825, 
        0.000111461333424727, 0.168254644939628, 0.354054256335668, 
        1, 0.265069101835224, 0.224188857535493, 0.0221713350851793, 
        1, 0.264732063379028, 0.509821375586019, 0.639662664456211, 
        0.639662664456211, 0.0748345519182037, 4.4872424700764e-05, 
        0.0227624065364063, 1, 1, 0.168254644939628, 1, 0.0405442455781028, 
        0.168254644939628, 0.0322220151353558, 1, 9.68466562335374e-06, 
        0.654713609675485, 0.1397551963533, 0.639662664456211, 0.31660160500316, 
        0.31660160500316, 1, 0.180701442050917, 0.425790754257908, 
        0.570375668926969, 1, 0.508167885562835, 0.0599442721806727, 
        0.0119434039596425, 0.509821375586019, 1, 0.1397551963533, 
        1, 0.639662664456211, 0.639662664456211, 0.509821375586019, 
        1, 0.31660160500316, 0.31660160500316, 1, 0.0764336172978206, 
        0.425790754257908, 0.639662664456211, 0.82665920569186, 1, 
        0.00130644071769655, 0.504561049655131, 0.141183522555002, 
        0.366659539756623, 0.00350818777478252, 1, 0.509821375586019, 
        0.509821375586019, 0.399437774093686, 0.399437774093686, 
        0.570375668926969, 0.509821375586019, 2.56269011506388e-05, 
        1, 0.425790754257908, 0.393893020279432, 0.169710432152774, 
        1, 1, 1, 1, 1, 1, 1, 1, 0.107725676173356, 0.0780557344355536, 
        0.302635461649883, 0.878033696048568, 0.264732063379028, 
        0.263966751089863, 0.0790943562357437, 1, 1, 0.408505703274138, 
        0.0405442455781028, 0.1397551963533, 1, 0.0142660165198601, 
        1, 0.577535537638317, 0.00167431136545126, 0.246671528154186, 
        0.0748345519182037, 0.577618949357881, 1, 0.372360905274671, 
        0.577535537638317, 0.898940057219902, 8.07894243061155e-07, 
        0.509821375586019, 0.1397551963533, 1, 1, 1, 0.322808410868762, 
        0.318735269552704, 1, 1, 0.702764548230498, 0.0218963145177411, 
        0.366659539756623, 0.000922755970708897, 0.264732063379028, 
        0.297062139529437, 0.0957742444034328, 0.897517111456432, 
        0.0104410092244793, 0.00256127141405435, 1, 1, 1, 1, 0.509821375586019, 
        0.509821375586019, 0.0221713350851793, 0.0405442455781028, 
        1, 1, 0.0246239375797287, 0.53849874965306, 0.0280394791710365, 
        1, 1, 0.408505703274138, 0.408505703274138, 0.0030363779389525, 
        1, 1, 0.509821375586019, 0.0119434039596425, 0.509821375586019, 
        0.264732063379028, 0.784087845320284, 1, 1, 0.288702386807244, 
        0.00309201327427789, 0.050036109142866, 1, 0.509821375586019, 
        1, 1, 0.00529048940068679, 0.509821375586019, 0.0405442455781028, 
        0.509821375586019, 0.509821375586019, 1, 1, 1, 0.0161089173948406, 
        0.147591406004377, 0.264732063379028, 0.509821375586019, 
        0.764679419537355, 0.353442468620124, 0.509821375586019, 
        0.509821375586019, 0.809417329833985, 0.167207436518234, 
        1, 0.126519599268455, 0.425790754257908, 0.425790754257908, 
        0.116867557892919, 0.425790754257908, 1, 1, 1, 1, 0.288702386807244, 
        1, 1, 1, 0.509821375586019, 0.425790754257908, 0.00118249599620496, 
        0.509821375586019, 0.509821375586019, 0.577535537638317, 
        1, 1, 0.293805480324913, 0.264732063379028, 0.283205942048912, 
        1, 1, 0.000458674688886459, 1, 1, 7.03348348170368e-05, 0.180701442050917, 
        0.509821375586019, 1, 1, 0.264732063379028, 1, 1, 0.229534803233914, 
        0.0405442455781028, 0.509821375586019, 0.1397551963533, 0.1397551963533, 
        0.0221713350851793, 0.425790754257908, 1, 1, 1, 0.168254644939628, 
        0.168254644939628, 0.509821375586019, 0.425790754257908, 
        0.425790754257908, 1, 1, 0.425790754257908, 0.425790754257908, 
        0.425790754257908, 4.72172211025424e-06, 0.509821375586019, 
        0.264732063379028, 0.509821375586019, 0.509821375586019, 
        0.509821375586019, 0.509821375586019, 0.509821375586019, 
        1, 1, 1, 1, 1, 1, 1, 0.702764548230498, 0.180701442050917, 
        0.509821375586019, 0.0813530803136636, 1, 0.399437774093686, 
        1, 0.0232645175039387, 0.509821375586019, 1, 1, 0.180701442050917, 
        1, 0.180701442050917, 4.56981708372959e-05, 1, 0.11854768011335, 
        3.05446284563742e-05, 0.509821375586019, 0.425790754257908, 
        0.509821375586019, 0.278102668262679, 0.509821375586019, 
        0.180701442050917, 0.639662664456211, 1, 0.475537291951231, 
        0.180701442050917, 0.180701442050917, 0.639662664456211, 
        1, 0.0420354785294909, 0.508167885562835, 0.0489505394162812, 
        0.0599442721806727, 0.509821375586019, 0.425790754257908, 
        1, 0.509821375586019, 0.246671528154186, 1, 0.0405442455781028, 
        0.0405442455781028, 3.05446284563742e-05, 0.307464997487123, 
        0.145698432201223, 1, 1, 1, 0.425790754257908, 1, 0.00283364766497601, 
        0.509821375586019, 0.00299339936978723, 0.577618949357881, 
        1, 0.372360905274671, 1, 1, 0.264732063379028, 1, 1, 0.399437774093686, 
        0.049087261846104, 1, 1, 1, 1, 1, 0.727795641460147, 0.0331711811650578, 
        1, 0.784811169121556, 0.0161581564018855, 0.875631643203344, 
        0.200188011855956, 1, 1, 1, 0.264732063379028, 9.68466562335374e-06, 
        0.0119434039596425, 0.843149164781826, 0.00290747772230526, 
        0.0119434039596425, 1, 0.22688794248515, 0.20489014097353, 
        0.509821375586019, 0.509821375586019, 0.46536760798595, 0.46536760798595, 
        0.425790754257908, 0.220441401676206, 0.31660160500316, 0.207386621240945, 
        0.00301623070719247, 0.577535537638317, 3.13348389181748e-06, 
        0.838493448799098, 0.838998404737782, 1, 0.231306788207404, 
        0.372814485002631, 0.271076704685808, 1, 0.322808410868762, 
        0.0150426352512064, 0.703743101158134, 0.727795641460147, 
        0.126946002948933, 0.150244185238147, 0.0877605093416405, 
        1, 1, 3.05446284563742e-05, 0.264732063379028, 1, 0.509821375586019, 
        1, 1, 3.05446284563742e-05, 0.509821375586019, 0.509821375586019, 
        0.52727414990291, 0.509821375586019, 0.0405442455781028, 
        0.1397551963533, 1, 0.68747214243464, 1, 0.190896516096297, 
        0.11854768011335, 1, 0.264732063379028, 0.264732063379028, 
        0.264732063379028, 0.654713609675485, 0.180701442050917, 
        0.180701442050917, 1, 7.03348348170368e-05, 1, 1, 1, 0.399437774093686, 
        0.509821375586019, 0.0401103980920598, 1, 0.0409505447211946, 
        0.0588477461245509, 0.5625358086513, 0.658317249415793, 0.179226393248908, 
        0.509821375586019, 0.0748345519182037, 0.738602762394731, 
        0.0405442455781028, 0.399730877028917, 0.0840118547638973, 
        1, 1, 0.264732063379028, 1, 1, 0.264732063379028, 0.180701442050917, 
        0.597730846918489, 1, 9.76765287329012e-05, 1, 1, 0.639662664456211, 
        4.21985967305735e-08, 0.90089135464802, 0.509821375586019, 
        0.00118255934620461, 0.264732063379028, 1, 0.0153893416541566, 
        0.0221713350851793, 0.180701442050917, 0.639662664456211, 
        0.570375668926969, 0.475537291951231, 1, 9.68466562335374e-06, 
        1.47776205300955e-07, 1, 1, 1, 0.509821375586019, 0.509821375586019, 
        0.000797718685964238, 0.00292876573203534, 0.354054256335668, 
        0.509821375586019, 0.509821375586019, 0.31660160500316, 0.31660160500316, 
        0.509821375586019, 0.509821375586019, 1, 0.765139441799517, 
        0.52727414990291, 0.180701442050917, 0.00376839857237211, 
        0.31660160500316, 1, 0.509821375586019, 1, 1, 0.000868264418842741, 
        0.00614783513335872, 0.377267450549135, 0.509821375586019, 
        1, 1, 0.509821375586019, 1, 1, 0.509821375586019, 0.425790754257908, 
        0.180701442050917, 1, 0.765139441799517, 1, 0.372360905274671, 
        1, 0.509821375586019, 0.509821375586019, 0.264732063379028, 
        1, 1, 0.264732063379028, 0.264732063379028, 1, 0.1397551963533, 
        0.264732063379028, 1, 1, 0.425790754257908, 0.509821375586019, 
        0.509821375586019, 0.509821375586019, 0.509821375586019, 
        0.00165575463534992, 0.1397551963533, 1, 0.180701442050917, 
        0.198878397959428, 0.425790754257908, 0.425790754257908, 
        0.809417329833985, 0.145698432201223, 0.1397551963533, 0.639662664456211, 
        0.399437774093686, 0.180701442050917, 0.0877605093416405, 
        1, 0.509821375586019, 1, 0.639662664456211, 0.264732063379028, 
        0.264732063379028, 0.703743101158134, 0.00559186821003741, 
        0.404592276177884, 0.0764336172978206, 0.157914876933614, 
        0.919585680013433, 0.409804683429373, 0.00528488696499467, 
        1, 1, 0.264732063379028, 0.373512038155087, 1.93825534273365e-05, 
        0.000781115351668733, 1, 0.639662664456211, 1, 1, 0.46536760798595, 
        0.180701442050917, 0.425790754257908, 0.000159997521522491, 
        0.180701442050917, 1, 1, 1, 0.0120378994903823, 1, 0.180701442050917, 
        0.425790754257908, 0.0764336172978206, 0.180701442050917, 
        0.425790754257908, 0.0764336172978206, 1, 0.000165377152532802, 
        0.425790754257908, 0.00139920935426371, 0.00602379797448279, 
        0.437774396536696, 0.0322220151353558, 0.167207436518234, 
        0.126519599268455, 1, 1, 0.577535537638317, 0.180701442050917, 
        1, 0.0848262850967562, 1, 0.509821375586019, 0.027142866666554, 
        0.167754936065024, 0.0848262850967562, 0.264732063379028, 
        0.1397551963533, 0.654713609675485, 0.425790754257908, 1, 
        0.0764336172978206, 0.425790754257908, 0.180701442050917, 
        0.0760721504873871, 0.0405442455781028, 0.146834321031893, 
        0.260585202243915, 0.0651644852495446, 1, 2.08174632286041e-05, 
        0.651907157524058, 0.354054256335668, 0.509821375586019, 
        0.141183522555002, 0.168254644939628, 1, 0.0322220151353558, 
        1.26661946216952e-06, 0.000478367692039064, 0.168254644939628, 
        0.168254644939628, 0.108240987589674, 0.399437774093686, 
        0.0018845996714945, 0.0489505394162812, 0.00129810814138304, 
        0.509821375586019, 0.00922843312183408, 0.399437774093686, 
        0.0135379965310708, 0.0108932208534774, 0.425790754257908, 
        0.112807443118941, 0.00036487723062464, 1, 0.577535537638317, 
        1, 0.410440739534586, 0.425790754257908, 0.425790754257908, 
        0.00318027223305501, 0.264732063379028, 0.509821375586019, 
        0.0458475966817466, 0.232880972253756, 0.597730846918489, 
        0.1397551963533, 0.264732063379028, 0.597730846918489, 1, 
        1, 0.0401103980920598, 0.497212789384063, 0.52727414990291, 
        0.702764548230498, 1, 0.817493168593721, 0.64400117424382, 
        1, 0.0146203828184851, 0.18348515402501, 0.251071460215242, 
        0.784846739565295, 0.192866544567754, 0.425790754257908, 
        0.180701442050917, 0.509821375586019, 0.475537291951231, 
        0.229676300786483, 1, 0.0907563787894515, 0.0541636990547779, 
        0.305121072120315, 0.329638619465294, 1, 0.147482142215466, 
        0.0493312294057447, 0.1397551963533, 0.00637975557819368, 
        1, 1, 1, 0.264732063379028, 0.581983145779722, 0.0119434039596425, 
        0.0784834434739041, 0.425790754257908, 0.425790754257908, 
        0.167313571727012, 7.03348348170368e-05, 0.00038290407927386, 
        0.498174743996835, 0.000458674688886459, 1, 1, 0.46536760798595, 
        0.0489505394162812, 0.271076704685808, 1, 0.509821375586019, 
        1, 0.264732063379028, 0.000243080814289217, 0.00736909918272455, 
        0.738602762394731, 1, 0.180701442050917, 0.509821375586019, 
        0.639662664456211, 0.639662664456211, 1, 0.46536760798595, 
        1, 0.425790754257908, 0.702764548230498, 1, 1, 0.858157120775303, 
        0.0302808355368214, 1, 0.354054256335668, 0.354054256335668, 
        0.354054256335668, 0.12882192177561, 0.425790754257908, 1, 
        1, 0.727795641460147, 0.278102668262679, 1, 1, 0.399437774093686, 
        0.486445317962027, 0.366659539756623, 0.677307585748492, 
        1, 0.0790943562357437, 0.425790754257908, 0.425790754257908, 
        1, 0.622251718492993, 1, 1, 0.00102498340201313, 1, 0.180701442050917, 
        1, 0.180701442050917, 0.180701442050917, 0.768494592630952, 
        1, 0.765139441799517, 1, 0.703743101158134, 0.1397551963533, 
        0.1397551963533, 1, 0.180701442050917, 0.0764336172978206, 
        0.425790754257908, 1, 1, 1, 0.765139441799517, 1, 0.229534803233914, 
        0.509821375586019, 0.1397551963533, 1, 0.260585202243915, 
        0.0200226545089961, 0.0181432378503281, 0.399864660674343, 
        0.372814485002631, 0.410440739534586, 0.460641078972425, 
        0.31660160500316, 0.31660160500316, 0.475537291951231, 0.264732063379028, 
        0.264732063379028, 0.264732063379028, 0.0405442455781028, 
        0.0405442455781028, 0.425790754257908, 0.509821375586019, 
        0.509821375586019, 1, 0.632349750141899, 0.592943584639589, 
        0.475537291951231, 0.509821375586019, 1, 0.0605326109143957, 
        0.264732063379028, 0.425790754257908, 1, 1, 0.167207436518234, 
        1, 0.126519599268455, 1, 0.425790754257908, 0.264732063379028, 
        0.264732063379028, 1, 0.168254644939628, 0.264732063379028, 
        0.261393054096744, 0.161092768263365, 0.161092768263365, 
        1, 1, 0.311893258144351, 0.475537291951231, 0.0966132060546453, 
        1, 1, 1, 1, 0.0119434039596425, 0.509821375586019, 1, 1, 
        0.168254644939628, 0.784087845320284, 1, 0.509821375586019, 
        1, 0.123556283231559, 0.136333446432154, 0.425790754257908, 
        1, 0.702764548230498, 2.83957780259258e-05, 0.64400117424382, 
        0.727795641460147, 0.46536760798595, 0.180701442050917, 1, 
        0.00352624840660753, 0.784811169121556, 0.246286083618708, 
        1, 0.639662664456211, 1, 0.639662664456211, 0.180701442050917, 
        0.335982060599043, 0.335982060599043, 1, 1, 0.425790754257908, 
        0.00160219139776513, 0.0232645175039387, 1, 0.0405442455781028, 
        1, 1, 1, 1, 1, 0.264732063379028, 1, 0.354054256335668, 0.354054256335668, 
        0.509821375586019, 1, 0.509821375586019, 0.509821375586019, 
        0.509821375586019, 1, 0.0114998717672752, 0.21947747248031, 
        0.832373202261297, 1, 1, 0.180701442050917, 0.180701442050917, 
        0.311893258144351, 1, 1, 1, 0.425790754257908, 1, 1, 0.180701442050917, 
        1, 0.727795641460147, 1, 0.509821375586019, 0.509821375586019, 
        0.509821375586019, 0.509821375586019, 1, 1, 0.00922843312183408, 
        0.0405442455781028, 0.0748345519182037, 0.0405442455781028, 
        0.425790754257908, 0.00560713194995087, 0.0877605093416405, 
        0.180701442050917, 0.168254644939628, 0.366659539756623, 
        1, 0.425790754257908, 0.898940057219902, 0.0150426352512064, 
        0.11854768011335, 5.44914503008894e-06, 1.20733932016466e-06, 
        2.96283322973391e-05, 1, 1, 0.509821375586019, 0.425790754257908, 
        0.425790754257908, 0.425790754257908, 0.0748345519182037, 
        0.354054256335668, 0.52727414990291, 0.00349022255588926, 
        1, 0.509821375586019, 0.1397551963533, 0.0153893416541566, 
        0.408505703274138, 1, 1, 0.0848262850967562, 1, 1, 0.509821375586019, 
        0.264732063379028, 0.31660160500316, 0.31660160500316, 1, 
        1, 1, 1, 1, 0.0153893416541566, 0.0142660165198601, 0.425790754257908, 
        1, 1, 1, 0.408505703274138, 1, 1, 0.809417329833985, 0.0877605093416405, 
        1, 1, 0.509821375586019, 1, 1, 0.0322220151353558, 1, 0.180701442050917, 
        0.509821375586019, 0.168254644939628, 1, 0.0322220151353558, 
        0.264732063379028, 0.264732063379028, 0.408505703274138, 
        0.408505703274138, 0.408505703274138, 0.654713609675485, 
        1, 0.425790754257908, 0.1397551963533, 0.509821375586019, 
        0.509821375586019, 0.0232645175039387, 0.0232645175039387, 
        0.794025804196955, 1, 0.00922843312183408, 1, 1, 0.509821375586019, 
        0.592407037983182, 0.52727414990291, 0.577535537638317, 0.234242999413295, 
        0.749656874432765, 0.425790754257908, 0.425790754257908, 
        0.167207436518234, 1, 0.123556283231559, 0.220441401676206, 
        1, 0.264732063379028, 0.264732063379028, 0.568863118160542, 
        0.509821375586019, 0.0764336172978206, 1, 0.504561049655131, 
        0.509821375586019, 0.264732063379028, 0.264732063379028, 
        1, 1, 0.264732063379028, 0.264732063379028, 1, 0.180701442050917, 
        1, 0.232388750037783, 0.108240987589674, 1.62366073222029e-05, 
        0.509821375586019, 0.509821375586019, 0.509821375586019, 
        0.509821375586019, 1, 0.180701442050917, 0.180701442050917, 
        1, 1, 0.408505703274138, 0.425790754257908, 0.425790754257908, 
        1, 1, 0.210177063451587, 1, 1, 0.000491132486226233, 0.509821375586019, 
        0.000491132486226233, 1, 0.0281105155159735, 0.264732063379028, 
        1, 0.509821375586019, 1, 1, 1, 1, 1, 1, 1, 1, 0.425790754257908, 
        0.0221713350851793, 0.509821375586019, 0.509821375586019, 
        0.509821375586019, 0.050036109142866, 1, 0.147591406004377, 
        0.372814485002631, 0.504561049655131, 0.509821375586019, 
        0.0322220151353558, 0.234242999413295, 0.475537291951231, 
        0.246286083618708, 1, 1, 1, 0.52727414990291, 1, 1, 1, 1, 
        1, 0.375095799858232, 0.749656874432765, 1, 1, 0.509821375586019, 
        0.264732063379028, 0.264732063379028, 0.399437774093686, 
        0.264732063379028, 0.425790754257908, 0.425790754257908, 
        0.0014177279107031, 0.00256127141405435, 1, 0.399437774093686, 
        0.425790754257908, 0.00793567372507092, 0.264732063379028, 
        0.264732063379028, 0.4785511010594, 1, 1, 0.425790754257908, 
        0.508167885562835, 0.0119434039596425, 0.0599442721806727, 
        1, 0.264732063379028, 0.264732063379028, 1, 1, 0.509821375586019, 
        0.509821375586019, 0.610164855389215, 0.253408749054281, 
        0.509821375586019, 0.509821375586019, 1, 1, 1, 0.180701442050917, 
        1, 1, 0.264732063379028, 1, 1, 1, 1, 1, 1, 1, 0.702764548230498, 
        0.702764548230498, 1), BH_P_VALUE_FLAT = c(1, 0.641061432101305, 
        NA, NA, 0.925963073408106, 0.00170254980068182, 0.000133932548651888, 
        0.790852987611048, 1, 0.000118999269167116, 0.280527565833254, 
        1, 1, 1, NA, 0.869607054951967, 1, 0.925963073408106, 0.0925221457177888, 
        1, 1, NA, NA, NA, 1, 0.925963073408106, 0.000907376555352336, 
        1, 1, 1, 0.280527565833254, 0.101705092311601, 0.925963073408106, 
        0.925963073408106, 0.925963073408106, 1, 1, 0.925963073408106, 
        0.280527565833254, 0.641061432101305, 1, 0.925963073408106, 
        1, 0.990885871802834, 1, 0.925963073408106, 0.990885871802834, 
        NA, 1, 1, 0.925963073408106, NA, 1, NA, 1, 0.990885871802834, 
        1, 0.0161255272002105, NA, 1, 1, 0.22442076398192, 0.22442076398192, 
        0.262864540551465, 0.806166762164463, 2.04381870165078e-05, 
        0.925963073408106, 5.86207547472448e-05, 1, 0.00824279734578713, 
        0.00095069904535496, 1, 0.00123281514297532, 0.925963073408106, 
        1, 1, 1, 1, 8.46712366597021e-05, 1, 0.925963073408106, 1, 
        0.680986069908857, 0.925963073408106, 1, 1, 0.925963073408106, 
        0.925963073408106, 1, 1, 1, 1, 0.22442076398192, 1, 1, 1, 
        1, 0.990885871802834, 0.925963073408106, 1, 0.790852987611048, 
        0.00760166842386212, 0.162719988574113, 0.655811354508747, 
        1, 1, 0.925963073408106, 0.925963073408106, 0.925963073408106, 
        0.0491081492967928, 0.191755654040271, 0.0237282295351636, 
        0.0166232596344051, 0.191755654040271, 0.296588780699705, 
        0.790852987611048, 1, 0.790852987611048, 0.0279629242988584, 
        0.451180929199793, 0.641061432101305, 0.191755654040271, 
        0.641061432101305, 0.925963073408106, 0.790852987611048, 
        1, 0.925963073408106, 0.925963073408106, 0.925963073408106, 
        0.790852987611048, 1, 0.790852987611048, 0.925963073408106, 
        1, 0.925963073408106, 0.193161965332703, 0.680986069908857, 
        0.869607054951967, 0.680986069908857, 0.680986069908857, 
        1, 1, 1, 1, 0.790852987611048, 1, 1, 1, 1, 0.869607054951967, 
        0.925963073408106, 1, 1, 1, 0.790852987611048, 1, 0.925963073408106, 
        0.790852987611048, 0.790852987611048, 0.790852987611048, 
        0.790852987611048, 0.925963073408106, 1, 1, 1, 1, 1, 1, 1, 
        0.152453254882725, 0.641061432101305, 0.641061432101305, 
        NA, 1, 0.990885871802834, 1, 0.641061432101305, 0.641061432101305, 
        0.641061432101305, 0.824584442216429, NA, 0.0184906102373952, 
        0.925963073408106, 0.925963073408106, 2.22227717175429e-05, 
        1, 1, 0.990885871802834, 0.990885871802834, 0.925963073408106, 
        1, 0.00029427844374492, 0.925963073408106, 0.926697781160182, 
        1, 1, 1, NA, 1, 0.806166762164463, 0.492339845843258, 0.925963073408106, 
        0.790852987611048, 0.110022749561006, 1, 0.128217721048143, 
        0.925963073408106, 0.641061432101305, 0.725108455618907, 
        0.925963073408106, 0.925963073408106, 0.641061432101305, 
        1, 0.451180929199793, 0.829633535881187, 0.925963073408106, 
        1, 0.790416253333435, 0.0151120534805659, 0.925963073408106, 
        1, 0.790852987611048, 0.790852987611048, 1, 1, 1, 1, 0.790852987611048, 
        1, 1, 1, 0.626362833471625, 1, 1, 0.880001165088765, 0.790852987611048, 
        0.790852987611048, 0.790852987611048, 0.790852987611048, 
        0.790852987611048, 0.790852987611048, 1, 1, 1, 1, 0.790852987611048, 
        1, 0.680986069908857, 0.680986069908857, 1, 0.925963073408106, 
        0.925963073408106, 0.925963073408106, 0.925963073408106, 
        0.925963073408106, 1, 0.163478251876902, 0.152453254882725, 
        0.163478251876902, 0.925963073408106, 1, 0.485246426163727, 
        0.125138082641817, 1, 1, 1, 1, 1, 1, 1, 1, 1, NA, 0.925963073408106, 
        0.641061432101305, 0.641061432101305, 1, NA, 1, 2.04381870165078e-05, 
        0.925963073408106, 0.869607054951967, 6.51191911853317e-05, 
        NA, 0.428514844288216, 0.0362198575365678, 5.86207547472448e-05, 
        0.317935937472983, 0.382408189820074, 0.990885871802834, 
        0.990885871802834, 0.193161965332703, 0.925963073408106, 
        1, 6.58932089903369e-05, 0.280527565833254, 1, 1, 1, 1, 1, 
        1, NA, NA, 0.680986069908857, 1, 0.280527565833254, 0.641061432101305, 
        0.641061432101305, NA, NA, NA, NA, NA, NA, 1, 1, 0.840650436935722, 
        1, 0.0115099274594632, 1, 1, 1, 0.0698825554472537, 0.990885871802834, 
        1, 1, 0.124847237074536, 0.790852987611048, 1, 0.925963073408106, 
        1, 0.790852987611048, NA, 0.790852987611048, 0.925963073408106, 
        1, 0.948179876001149, 0.790852987611048, 0.925963073408106, 
        0.0119500553479616, 0.000252941783045044, 1, 0.641061432101305, 
        0.925963073408106, 0.925963073408106, 1, 0.110022749561006, 
        0.020565194614167, 0.535766090543416, 1, 1, 1, 1, 1, 1, 0.990885871802834, 
        0.990885871802834, 1, 0.790852987611048, 0.790852987611048, 
        1, 0.925963073408106, 0.280527565833254, 1, 1, 0.626362833471625, 
        1, 0.0115099274594632, 0.00344581526523677, 0.000264954039014444, 
        0.869607054951967, 1, 0.124847237074536, 0.0502584376316656, 
        0.790852987611048, 1, 0.925963073408106, 0.925963073408106, 
        1, 0.925963073408106, 0.925963073408106, 1, 1, 0.925963073408106, 
        1, 1, 0.925963073408106, 1, 0.869607054951967, 0.869607054951967, 
        0.990885871802834, 1, 0.925963073408106, 0.226882074768983, 
        0.925963073408106, 1, 0.869607054951967, 0.990885871802834, 
        NA, 0.790852987611048, 0.405183867046303, 0.00344581526523677, 
        1, 1, NA, 0.925963073408106, 1, 0.869607054951967, 0.460798836813522, 
        0.790852987611048, 1, 1, 0.925963073408106, 0.925963073408106, 
        1, 0.0947872930810549, 0.925963073408106, 0.869607054951967, 
        0.641061432101305, 1, 0.382408189820074, 1, 0.0698825554472537, 
        0.0237282295351636, 1, 1, 0.925963073408106, 0.925963073408106, 
        1, NA, 0.925963073408106, 0.990885871802834, 1, 0.990885871802834, 
        0.990885871802834, 0.990885871802834, 0.990885871802834, 
        0.990885871802834, 0.990885871802834, 1, 1, 0.990885871802834, 
        0.925963073408106, 0.0277140964399134, 1, 0.790852987611048, 
        1, 1, 1, 1, 0.248479343440053, 0.680986069908857, 0.0767770040081008, 
        1, 1, 1, 0.790852987611048, 1, 1, NA, 1, 1, 0.0204013819606176, 
        1, 0.925963073408106, 0.680986069908857, 0.498368939373499, 
        0.790852987611048, 0.118521768774754, 0.990885871802834, 
        0.925963073408106, 1, 0.925963073408106, 1, 0.925963073408106, 
        0.925963073408106, NA, 0.680986069908857, 0.967770906865658, 
        0.925963073408106, 1, 1, 0.0521583295354683, 0.925963073408106, 
        0.0115099274594632, 0.925963073408106, 1, 0.869607054951967, 
        1, 0.00281112000672475, 0.576994806035707, 0.483835160267216, 
        5.23382638048653e-05, 0.925963073408106, 0.790852987611048, 
        1, 0.405183867046303, 0.00344581526523677, 0.680986069908857, 
        0.925963073408106, 1, 0.790852987611048, 0.790852987611048, 
        0.191755654040271, 1, 0.790852987611048, 0.925963073408106, 
        1, 1, 0.451180929199793, 0.00170254980068182, 0.193161965332703, 
        1, 1, 0.680986069908857, 1, 0.280527565833254, 0.680986069908857, 
        NA, 1, 0.000586325797947208, 1, 0.641061432101305, 1, 0.869607054951967, 
        0.869607054951967, 1, NA, NA, 0.990885871802834, 1, 0.925963073408106, 
        0.382408189820074, 0.124847237074536, 0.925963073408106, 
        1, 0.641061432101305, 1, 1, 1, 0.925963073408106, 1, 0.869607054951967, 
        0.869607054951967, 1, NA, NA, 1, 1, 1, 0.0237282295351636, 
        0.925963073408106, 0.641061432101305, 0.925963073408106, 
        0.0497440673281625, 1, 0.925963073408106, 0.925963073408106, 
        0.925963073408106, 0.925963073408106, 0.990885871802834, 
        0.925963073408106, 0.00123281514297532, 1, NA, 0.925963073408106, 
        0.684970160883281, 1, 1, 1, 1, 1, 1, 1, 1, 0.586843861820133, 
        0.464815500552702, 0.869607054951967, 1, 0.790852987611048, 
        0.790852987611048, 0.465279755508241, 1, 1, 0.925963073408106, 
        0.280527565833254, 0.641061432101305, 1, 0.143948069467755, 
        1, 0.990885871802834, 0.0279629242988584, 0.790852987611048, 
        0.451180929199793, 0.990885871802834, 1, 0.925963073408106, 
        0.990885871802834, 1, 9.78225279306549e-05, 0.925963073408106, 
        0.641061432101305, 1, 1, 1, 0.880001165088765, 0.873815748415244, 
        1, 1, 1, 0.191755654040271, 0.925963073408106, 0.0188840059921131, 
        0.790852987611048, 0.861539498475594, 0.531144950832778, 
        1, 0.118521768774754, 0.0408959051057249, 1, 1, 1, 1, 0.925963073408106, 
        0.925963073408106, 0.191755654040271, 0.280527565833254, 
        1, 1, 0.20328739376901, 0.967167717238438, 0.22442076398192, 
        1, 1, 0.925963073408106, 0.925963073408106, 0.0454830633535875, 
        1, 1, 0.925963073408106, 0.124847237074536, 0.925963073408106, 
        0.790852987611048, 1, 1, 1, 0.840650436935722, 0.0458438294645488, 
        0.327488588218848, 1, 0.925963073408106, 1, 1, 0.0698825554472537, 
        0.925963073408106, 0.280527565833254, 0.925963073408106, 
        0.925963073408106, 1, 1, 1, 0.152453254882725, 0.655811354508747, 
        0.790852987611048, 0.925963073408106, 1, 0.925963073408106, 
        0.925963073408106, 0.925963073408106, 1, 0.680986069908857, 
        1, 0.641061432101305, NA, NA, 0.626362833471625, NA, 1, 1, 
        1, 1, 0.840650436935722, 1, 1, 1, 0.925963073408106, NA, 
        0.0226086675004645, 0.925963073408106, 0.925963073408106, 
        0.990885871802834, 1, 1, 0.853798725824197, 0.790852987611048, 
        0.829633535881187, 1, 1, 0.0115099274594632, 1, 1, 0.00243325035688463, 
        NA, 0.925963073408106, 1, 1, 0.790852987611048, 1, 1, 0.790852987611048, 
        0.280527565833254, 0.925963073408106, 0.641061432101305, 
        0.641061432101305, 0.191755654040271, NA, 1, 1, 1, 0.680986069908857, 
        0.680986069908857, 0.925963073408106, NA, NA, 1, 1, NA, NA, 
        NA, NA, 0.925963073408106, 0.790852987611048, 0.925963073408106, 
        0.925963073408106, 0.925963073408106, 0.925963073408106, 
        0.925963073408106, 1, 1, 1, 1, 1, 1, 1, 1, NA, 0.925963073408106, 
        0.476637200386101, 1, 0.925963073408106, 1, 0.193161965332703, 
        0.925963073408106, 1, 1, NA, 1, NA, 0.00170254980068182, 
        1, 0.626362833471625, 0.00123281514297532, 0.925963073408106, 
        NA, 0.925963073408106, 0.819641332628138, 0.925963073408106, 
        NA, 1, 1, 0.925963073408106, NA, NA, 1, 1, 0.288101652374294, 
        0.925963073408106, 0.32567941307027, 0.382408189820074, 0.925963073408106, 
        NA, 1, 0.925963073408106, 0.790852987611048, 1, 0.280527565833254, 
        0.280527565833254, 0.00123281514297532, 0.869607054951967, 
        0.655811354508747, 1, 1, 1, NA, 1, 0.0447531527957624, 0.925963073408106, 
        0.0454830633535875, 0.990885871802834, 1, 0.925963073408106, 
        1, 1, 0.790852987611048, 1, 1, 0.925963073408106, 0.32567941307027, 
        1, 1, 1, 1, 1, 1, 0.259127560391554, 1, 1, 0.152453254882725, 
        1, 0.790416253333435, 1, 1, 1, 0.790852987611048, 0.000586325797947208, 
        0.124847237074536, 1, 0.045271240517525, 0.124847237074536, 
        1, 0.790852987611048, 0.790852987611048, 0.925963073408106, 
        0.925963073408106, 0.925963073408106, 0.925963073408106, 
        NA, 0.790852987611048, 0.869607054951967, 0.790852987611048, 
        0.0454830633535875, 0.990885871802834, 0.000252941783045044, 
        1, 1, 1, 0.790852987611048, 0.925963073408106, 0.805469226806705, 
        1, 0.880001165088765, 0.14868672802723, 1, 1, 0.641061432101305, 
        0.665563418143377, 0.492339845843258, 1, 1, 0.00123281514297532, 
        0.790852987611048, 1, 0.925963073408106, 1, 1, 0.00123281514297532, 
        0.925963073408106, 0.925963073408106, 0.948179876001149, 
        0.925963073408106, 0.280527565833254, 0.641061432101305, 
        1, 1, 1, 0.762012741450327, 0.626362833471625, 1, 0.790852987611048, 
        0.790852987611048, 0.790852987611048, 1, NA, NA, 1, 0.00243325035688463, 
        1, 1, 1, 0.925963073408106, 0.925963073408106, 0.280527565833254, 
        1, 0.28199593118434, 0.381722210352555, 0.990885871802834, 
        1, 0.721373821026767, 0.925963073408106, 0.451180929199793, 
        1, 0.280527565833254, 0.925963073408106, 0.485246426163727, 
        1, 1, 0.790852987611048, 1, 1, 0.790852987611048, NA, 1, 
        1, 0.0032255453692933, 1, 1, 1, 2.04381870165078e-05, 1, 
        0.925963073408106, 0.0226086675004645, 0.790852987611048, 
        1, 0.149071422823264, 0.191755654040271, NA, 1, 0.990885871802834, 
        0.925963073408106, 1, 0.000586325797947208, 4.29437652604574e-05, 
        1, 1, 1, 0.925963073408106, 0.925963073408106, 0.0170453713339123, 
        0.045271240517525, 0.925963073408106, 0.925963073408106, 
        0.925963073408106, 0.869607054951967, 0.869607054951967, 
        0.925963073408106, 0.925963073408106, 1, 1, 0.948179876001149, 
        NA, 0.0521474583395873, 0.869607054951967, 1, 0.925963073408106, 
        1, 1, 0.0182838869649058, 0.0776765604240888, 0.925963073408106, 
        0.925963073408106, 1, 1, 0.925963073408106, 1, 1, 0.925963073408106, 
        NA, NA, 1, 1, 1, 0.925963073408106, 1, 0.925963073408106, 
        0.925963073408106, 0.790852987611048, 1, 1, 0.790852987611048, 
        0.790852987611048, 1, 0.641061432101305, 0.790852987611048, 
        1, 1, NA, 0.925963073408106, 0.925963073408106, 0.925963073408106, 
        0.925963073408106, 0.0279629242988584, 0.641061432101305, 
        1, NA, 0.789536372226908, NA, NA, 1, 0.655811354508747, 0.641061432101305, 
        1, 0.925963073408106, NA, 0.492339845843258, 1, 0.925963073408106, 
        1, 1, 0.790852987611048, 0.790852987611048, 1, 0.0727425243149876, 
        0.925963073408106, NA, 0.680986069908857, 1, 0.925963073408106, 
        0.0698825554472537, 1, 1, 0.790852987611048, 0.925963073408106, 
        0.00100581607606857, 0.0169397105369354, 1, 1, 1, 1, 0.925963073408106, 
        NA, NA, 0.00484325830775372, NA, 1, 1, 1, 0.124936199710897, 
        1, NA, NA, NA, NA, NA, NA, 1, 0.00490393882918696, NA, 0.0250993974289527, 
        0.0767770040081008, 0.925963073408106, NA, 0.680986069908857, 
        0.641061432101305, 1, 1, 0.990885871802834, NA, 1, 0.485246426163727, 
        1, 0.925963073408106, 0.222816865912446, 0.680986069908857, 
        0.485246426163727, 0.790852987611048, 0.641061432101305, 
        1, NA, 1, NA, NA, NA, 0.45674725065361, 0.280527565833254, 
        0.655811354508747, 0.790852987611048, 0.406369086126988, 
        1, 0.00104302669210902, 1, 0.925963073408106, 0.925963073408106, 
        0.641061432101305, 0.680986069908857, 1, NA, 0.000122693205235488, 
        0.0115099274594632, 0.680986069908857, 0.680986069908857, 
        0.586843861820133, 0.925963073408106, 0.0311173104850172, 
        0.32567941307027, 0.0237282295351636, 0.925963073408106, 
        0.108136397790524, 0.925963073408106, NA, 0.122696510853509, 
        NA, 0.609327936252122, 0.0100031436999548, 1, 0.990885871802834, 
        1, 0.925963073408106, NA, NA, 0.0466761167134235, 0.790852987611048, 
        0.925963073408106, 0.3112923270027, 0.790852987611048, 1, 
        0.641061432101305, 0.790852987611048, 1, 1, 1, 0.280527565833254, 
        0.925963073408106, 0.948179876001149, 1, 1, 1, 1, 1, 0.146506318863855, 
        0.73444608484391, 0.790852987611048, 1, 0.76776736782725, 
        NA, NA, 0.925963073408106, 0.925963073408106, 0.790852987611048, 
        1, 0.505245281153537, 0.352914146756019, 0.869607054951967, 
        0.896938041354069, 1, 0.655811354508747, 0.32581034693885, 
        0.641061432101305, 0.0799119384061674, 1, 1, 1, 0.790852987611048, 
        0.99719517785134, 0.124847237074536, 0.465279755508241, NA, 
        NA, 0.680986069908857, 0.00243325035688463, 0.01030295605898, 
        0.925963073408106, 0.0115099274594632, 1, 1, 0.925963073408106, 
        0.32567941307027, 0.805469226806705, 1, 0.925963073408106, 
        1, 0.790852987611048, 0.00706392846324466, 0.0915153941239212, 
        1, 1, NA, 0.925963073408106, 1, 1, 1, 0.925963073408106, 
        1, NA, 1, 1, 1, 1, 0.239119858885878, 1, 0.925963073408106, 
        0.925963073408106, 0.925963073408106, 0.641061432101305, 
        NA, 1, 1, 1, 0.819641332628138, 1, 1, 0.925963073408106, 
        0.925963073408106, 0.925963073408106, 1, 1, 0.465279755508241, 
        NA, NA, 1, 1, 1, 1, 0.0204013819606176, 1, NA, 1, NA, NA, 
        1, 1, 1, 1, 1, 0.641061432101305, 0.641061432101305, 1, NA, 
        NA, NA, 1, 1, 1, 1, 1, 0.790852987611048, 0.925963073408106, 
        0.641061432101305, 1, 0.790852987611048, 0.1829743207646, 
        0.166848889851435, 0.925963073408106, 0.925963073408106, 
        0.925963073408106, 0.925963073408106, 0.869607054951967, 
        0.869607054951967, 0.925963073408106, 0.790852987611048, 
        0.790852987611048, 0.790852987611048, 0.280527565833254, 
        0.280527565833254, NA, 0.925963073408106, 0.925963073408106, 
        1, 1, 1, 0.925963073408106, 0.925963073408106, 1, 0.382408189820074, 
        0.790852987611048, NA, 1, 1, 0.680986069908857, 1, 0.641061432101305, 
        1, NA, 0.790852987611048, 0.790852987611048, 1, 0.680986069908857, 
        0.790852987611048, 0.790852987611048, 0.680986069908857, 
        0.680986069908857, 1, 1, 0.869607054951967, 0.925963073408106, 
        0.533760412157413, 1, 1, 1, 1, 0.124847237074536, 0.925963073408106, 
        1, 1, 0.680986069908857, 1, 1, 0.925963073408106, 1, 0.641061432101305, 
        0.641061432101305, NA, 1, 1, NA, 1, 1, 0.925963073408106, 
        NA, 1, 0.0497440673281625, 1, 0.790852987611048, 1, 1, 1, 
        1, NA, 0.910787190392555, 0.910787190392555, 1, 1, NA, 0.0277140964399134, 
        0.193161965332703, 1, 0.280527565833254, 1, 1, 1, 1, 1, 0.790852987611048, 
        1, 0.925963073408106, 0.925963073408106, 0.925963073408106, 
        1, 0.925963073408106, 0.925963073408106, 0.925963073408106, 
        1, 0.124847237074536, 0.790852987611048, 1, 1, 1, NA, NA, 
        0.869607054951967, 1, 1, 1, NA, 1, 1, NA, 1, 1, 1, 0.925963073408106, 
        0.925963073408106, 0.925963073408106, 0.925963073408106, 
        1, 1, 0.108136397790524, 0.280527565833254, 0.451180929199793, 
        0.280527565833254, NA, 0.0727425243149876, 0.492339845843258, 
        NA, 0.680986069908857, 0.925963073408106, 1, NA, 1, 0.14868672802723, 
        0.626362833471625, 0.000377028939462821, 0.000122693205235488, 
        0.00123281514297532, 1, 1, 0.925963073408106, NA, NA, NA, 
        0.451180929199793, 0.925963073408106, 0.948179876001149, 
        0.0497440673281625, 1, 0.925963073408106, 0.641061432101305, 
        0.149071422823264, 0.925963073408106, 1, 1, 0.485246426163727, 
        1, 1, 0.925963073408106, 0.790852987611048, 0.869607054951967, 
        0.869607054951967, 1, 1, 1, 1, 1, 0.149071422823264, 0.143948069467755, 
        NA, 1, 1, 1, 0.925963073408106, 1, 1, 1, 0.492339845843258, 
        1, 1, 0.925963073408106, 1, 1, NA, 1, NA, 0.925963073408106, 
        0.680986069908857, 1, NA, 0.790852987611048, 0.790852987611048, 
        0.925963073408106, 0.925963073408106, 0.925963073408106, 
        1, 1, NA, 0.641061432101305, 0.925963073408106, 0.925963073408106, 
        0.193161965332703, 0.193161965332703, 1, 1, 0.108136397790524, 
        1, 1, 0.925963073408106, 1, 0.948179876001149, 0.990885871802834, 
        0.790852987611048, 1, NA, NA, 0.680986069908857, 1, 0.641061432101305, 
        0.790852987611048, 1, 0.790852987611048, 0.790852987611048, 
        0.990885871802834, 0.925963073408106, NA, 1, 0.925963073408106, 
        0.925963073408106, 0.790852987611048, 0.790852987611048, 
        1, 1, 0.790852987611048, 0.790852987611048, 1, NA, 1, 0.790852987611048, 
        0.586843861820133, 0.000907376555352336, 0.925963073408106, 
        0.925963073408106, 0.925963073408106, 0.925963073408106, 
        1, NA, NA, 1, 1, 0.925963073408106, NA, NA, 1, 1, 0.790852987611048, 
        1, 1, 0.0115099274594632, 0.925963073408106, 0.0115099274594632, 
        1, 0.22442076398192, 0.790852987611048, 1, 0.925963073408106, 
        1, 1, 1, 1, 1, 1, 1, 1, NA, 0.191755654040271, 0.925963073408106, 
        0.925963073408106, 0.925963073408106, 0.327488588218848, 
        1, 0.655811354508747, 0.925963073408106, 0.925963073408106, 
        0.925963073408106, NA, 0.790852987611048, 0.925963073408106, 
        0.790852987611048, 1, 1, 1, 0.948179876001149, 1, 1, 1, 1, 
        1, 0.925963073408106, 1, 1, 1, 0.925963073408106, 0.790852987611048, 
        0.790852987611048, 0.925963073408106, 0.790852987611048, 
        NA, NA, 0.0251214470030683, 0.0408959051057249, 1, 0.925963073408106, 
        NA, 0.0960877826877337, 0.790852987611048, 0.790852987611048, 
        0.925963073408106, 1, 1, NA, 0.925963073408106, 0.124847237074536, 
        0.382408189820074, 1, 0.790852987611048, 0.790852987611048, 
        1, 1, 0.925963073408106, 0.925963073408106, 1, 0.790852987611048, 
        0.925963073408106, 0.925963073408106, 1, 1, 1, NA, 1, 1, 
        0.790852987611048, 1, 1, 1, 1, 1, 1, 1, 1, 1, 1), ORA_SCORE_FLAT = c(0, 
        0, 0, 0, 0, 0, 0, 0, 0, 0, 0, 0, 0, 0, 0, 0, 0, 0, 0, 0, 
        0, 0, 0, 0, 0, 0, 4.44835337493049, 0, 0, 0, 0, 0, 0, 0, 
        0, 0, 0, 0, 0, 0, 0, 0, 0, 0, 0, 0, 0, 0, 0, 0, 0, 0, 0, 
        0, 0, 0, 0, 0, 0, 0, 0, 0, 0, 0, 0, 11.5677542696185, 0, 
        9.96667371871488, 0, 3.3855926020135, 8.43629927588104, 0, 
        7.97168549768161, 0, 0, 0, 0, 0, 10.6286050389011, 0, 0, 
        0, 0, 0, 0, 0, 0, 0, 0, 0, 0, 0, 0, 0, 0, 0, 0, 0, 0, 0, 
        0, 8.31454593464187, 0, 0, 0, 0, 0, 0, 0, 2.62561824878147, 
        0, 4.15032007158858, 4.67107473695644, 0, 0, 0, 0, 0, Inf, 
        0, 0, 0, 0, 0, 0, 0, 0, 0, 0, 0, 0, 0, 0, 0, 0, 0, 0, 0, 
        0, 0, 0, 0, 0, 0, 0, 0, 0, 0, 0, 0, 0, 0, 0, 0, 0, 0, 0, 
        0, 0, 0, 0, 0, 0, 0, 0, 0, 0, 0, 0, 0, 0, 0, 0, 0, 0, 0, 
        0, 0, 0, 0, 0, 0, 0, 0, 0, 0, 0, 0, 0, 0, 0, 0, 0, 0, 0, 
        0, 0, 0, 0, 0, 0, 0, 0, 0, 0, 0, 0, 0, 0, 0, 0, 0, 0, 0, 
        0, 0, 0, 0, 1.84931483598364, 0, 0, 0, 0, 0, 0, 0, 0, 0, 
        0, 0, 0, 0, 0, 0, 0, 0, 0, 0, 0, 0, 0, 0, 0, 0, 0, 0, 0, 
        0, 0, 0, 0, 0, 0, 0, 0, 0, 0, 0, 0, 0, 0, 0, 0, 0, 0, 0, 
        0, 0, 0, 0, 0, 0, 0, 0, 0, 0, 0, 0, 0, 0, 0, 0, 0, 0, 0, 
        0, 0, 0, 0, 0, 0, 0, 0, 0, 0, 0, 0, 0, 0, 0, 0, 0, 0, 0, 
        0, 0, 0, 0, 0, 0, 0, 0, 0, 0, 0, 0, 0, 0, 0, 0, 0, 0, 0, 
        0, 0, 0, 0, 0, 0, 0, 0, 0, 0, 0, 0, 0, 0, 0, 0, 0, 2.65969959040684, 
        8.29029114123199, 0, 0, 0, 0, 0, 0, 0, 0, 0, 0, 0, 0, 0, 
        0, 0, 0, 0, 0, 0, 0, 0, 0, 0, 0, 0, 0, 2.31421489239818, 
        4.40875231845476, 5.62022982358583, 0, 0, 0, 0, 0, 0, 0, 
        0, 0, 0, 0, 0, 0, 0, 0, 0, 0, 0, 0, 0, 0, 0, 0, 0, 0, 0, 
        0, 0, 0, 0, 0, 4.40875231845476, 0, 0, 0, 0, 0, 0, 0, 0, 
        0, 0, 0, 0, 0, 0, 0, 0, 0, 0, 0, 0, 0, 2.34312438487911, 
        0, 0, 0, 0, 0, 0, 0, 0, 0, 0, 0, 0, 0, 0, 0, 0, 0, 0, 0, 
        0, 0, 0, 0, 0, 0, 0, 0, 0, 0, 0, 0, 0, 0, 0, 0, 0, 0, 0, 
        0, 0, 0, 0, 0, 0, 0, 0, 0, 0, 0, 0, 0, 0, 0, 0, 0, 0, 0, 
        0, 0, 0, 7.44370781759323, 0, 0, 0, 0, 0, 0, 0, 0, 0, 0, 
        0, 0, 4.40875231845476, 0, 0, 0, 0, 0, 0, 0, 0, 0, 0, 0, 
        0, 0, 0, 0, 0, 0, 0, 0, 0, 0, 0, 0, 0, 0, 0, 0, 0, 0, 0, 
        0, 0, 0, 0, 0, 0, 0, 0, 0, 0, 0, 0, 0, 0, 0, 0, 0, 0, 0, 
        0, 0, 0, 2.34312438487911, 0, 0, 0, 3.57402606834055, 0, 
        0, 0, 0, 0, 0, 0, 4.58973462464361, 0, 0, 0, 0, 0, 0, 0, 
        0, 0, 0, 0, 0, 0, 0, 0, 0, 0, 0, 0, 0, 0, 0, 0, 0, 0, 0, 
        0, 0, 5.67956298576374, 0, 0, 0, 0, 0, 0, 0, 0, 0, 0, 0, 
        0, 0, 0, 0, 0, 0, 0, 0, 0, 3.11845166004667, 0, 0, 0, 0, 
        0, 0, 0, 0, 0, 0, 0, 0, 0, 0, 0, 0, 0, 0, 0, 0, 0, 0, 0, 
        4.63135987349555, 0, 0, 0, 0, 0, 0, 0, 0, 0, 0, 4.76132759987172, 
        0, 0, 0, 0, 0, 0, 0, 0, 0, 0, 0, 0, 0, 0, 0, 0, 0, 0, 0, 
        0, 0, 0, 0, 0, 0, 0, 0, 0, 0, 0, 0, 0, 0, 0, 0, 0, 0, 0, 
        0, 3.2523357990285, 0, 0, 0, 0, 0, 0, 0, 0, 0, 0, Inf, 0, 
        0, Inf, 0, 0, 0, 0, 0, 0, 0, 0, 0, 0, 0, 0, 0, 0, 0, 0, 0, 
        0, 0, 0, 0, 0, 0, 0, 0, 0, 0, 0, 0, 0, 0, 0, 0, 0, 0, 0, 
        0, 0, 0, 0, 0, 0, 0, 0, 0, 0, 0, 0, 0, 0, 0, 0, 0, 0, 0, 
        0, 0, 0, 0, 7.97168549768161, 0, 0, 0, 0, 0, 0, 0, 0, 0, 
        0, 0, 0, 0, 0, 0, 0, 0, 0, 0, 0, 0, 0, 0, 0, 0, 7.97168549768161, 
        0, 0, 0, 0, 0, 0, 0, 1.22881044093994, 0, 2.49568009839912, 
        0, 0, 0, 0, 0, 0, 0, 0, 0, 0, 0, 0, 0, 0, 0, 0, 0, 0, 0, 
        0, 0, 0, 0, 0, 0, 0, 0, 0, 0, 1.78297843946133, 0, 0, 0, 
        0, 0, 0, 0, 0, 0, 0, 0, 0, 0, 0, 8.29029114123199, 0, 0, 
        0, 0, 0, 0, 0, 0, 0, 0, 0, 0, 0, 0, 0, 0, 7.97168549768161, 
        0, 0, 0, 0, 0, 7.97168549768161, 0, 0, 0, 0, 0, 0, 0, 0, 
        0, 0, 0, 0, 0, 0, 0, 0, 0, 0, 0, Inf, 0, 0, 0, 0, 0, 0, 0, 
        0, 0, 0, 0, 0, 0, 0, 0, 0, 0, 0, 0, 0, 0, 0, 0, 0, 0, 0, 
        0, 4.13173980479791, 0, 0, 0, 0, 0, 0, 4.79873728988399, 
        0, 0, 0, 0, 0, 0, 0, 0, 0, 0, 8.67660307015923, 0, 0, 0, 
        0, 0, 0, 0, 0, 0, 0, 0, 0, 0, 0, 0, 0, 0, 0, 0, 0, 0, 0, 
        0, 0, Inf, 0, 0, 0, 0, 0, 0, 0, 0, 0, 0, 0, 0, 0, 0, 0, 0, 
        0, 0, 0, 0, 0, 0, 0, 0, 0, 0, 0, 0, 0, 0, 0, 0, 0, Inf, 0, 
        0, 0, 0, 0, 0, 0, 0, 0, 0, 0, 0, 0, 0, 0, 0, 0, 0, 0, 0, 
        0, 0, 0, 0, 0, 0, 0, 0, 0, 0, 0, 3.90571488083726, 2.01756501442867, 
        0, 0, 0, 0, 0, 0, 0, 0, 0, 0, 0, 0, 0, 0, 0, 0, 0, 0, 0, 
        0, 0, 0, 0, 0, 0, 0, 0, 0, 0, 0, 0, 0, 0, 0, 0, 0, 0, 0, 
        0, 0, 0, 0, 0, 0, 0, 0, 0, 0, 0, 0, 0, 0, 0, 0, 0, 0, 0, 
        0, 0, 0, 0, 0, 0, 0, 0, 0, 0, 0, 2.89155293633235, 0, 4.15032007158858, 
        0, 0, 0, 0, 0, 0, 0, 0, 0, 0, 0, 0, 0, 0, Inf, 0, 0, 0, 0, 
        0, 0, 0, 0, 0, 0, 0, 0, 0, 0, 0, 0, 0, 0, 0, 0, 0, 0, 0, 
        0, 0, 0, 0, 0, 0, 0, 0, 0, 0, 0, 0, 0, 0, 0, 0, 0, 0, 0, 
        0, 0, 0, 0, 0, 0, Inf, 0, 0, Inf, 0, 0, 0, 0, 0, 0, 0, 0, 
        0, 4.42839750653849, 0, 0, 0, 0, 0, 0, 0, 0, 0, 0, 0, 0, 
        0, 0, 0, 0, 0, 0, 0, 0, 0, 0, 0, 0, 0, 0, 0, 0, 0, 0, 0, 
        0, 0, 0, 0, 0, 0, 0, 0, 0, 3.22586488769681, 0, 0, 0, 0, 
        0, 0, 0, 0, 0, 0, 0, 0, 0, 0, 0, 0, 0, 0, 0, 0, 0, 0, 0, 
        0, 0, 0, 0, 0, 0, 0, 0, 0, 0, 0, 0, 0, 0, 0, 0, 0, 0, 0, 
        0, 0, 0, 0, 0, 0, 0, 0, 0, 0, 0, 0, 0, 0, 0, 0, 0, 0, 0, 
        0, 0, 0, 0, 0, 0, 0, 0, 0, 0, 0, 0, 0, 0, 0, 0, 0, 0, 0, 
        0, 0, 0, 0, 0, 0, 0, 0, 0, 0, 0, 0, 0, 0, 0, 0, 0, 0, 0, 
        0, 0, 0, 0, 0, 0, 0, 0, 0, 0, 0, 0, 0, 0, 0, 0, 0, 0, 0, 
        0, 0, 0, 0, 0, 0, 0, 0, 0, 0, 0, 0, 0, 0, 0, 0, 0, 0, 0, 
        0, 0, 0, 0, 0, 0, 0, 0, 0, 0, 0, 0, 0, 0, 0, 0, 0, 0, 0, 
        0, 0, 0, 0, 0, 0, 0, 0, 0, 0, 0, 6.0196395660393, 0, 0, 0, 
        0, 0, 0, 0, 0, 0, 0, 0, 2.15686089663895, 0, 0, 0, 0, 0, 
        0, 0, 0, 0, 0, 0, 0, 0, 0, 0, 0, 0, 0, 0, 0, 0, 0, 0, 0, 
        0, 0, 0, 0, 0, 0, 0, 0, 0, 0, 0, 0, 0, 0, 0, 0, 0, 0, 0, 
        0, 0, 0, 0, 0, 0, 0, 0, 0, 0, 0, 0, 0, 0, 0, 0, 0, 0, 0, 
        0, 0, 0, 0, 0, 0, 0, 0, 0, 0, 0, 0, 0, 0, 0, 0, 0, 0, 0, 
        0, 0, 0, 0, 0, 0, 0, 0, 0, 0, 0, 4.88760576963862, 0, 0, 
        0, 0, 0, 0, 0, 0, 0, 0, 0, 0, 0, 0, 0, 0, 0, 7.44370781759323, 
        0, 7.44370781759323, 0, 0, 0, 0, 0, 0, 0, 0, 0, 0, 0, 0, 
        0, 0, 0, 0, 0, 0, 0, 0, 0, 0, 0, 0, 0, 0, 0, 0, 0, 0, 0, 
        0, 0, 0, 0, 0, 0, 0, 0, 0, 0, 0, 0, 0, 0, 0, 0, 0, 0, 0, 
        0, 0, 0, 0, 0, 0, 0, 0, 0, 0, 0, 0, 0, 0, 0, 0, 0, 0, 0, 
        0, 0, 0, 0, 0, 0, 0, 0, 0, 0, 0, 0, 0, 0, 0, 0, 0, 0, 0, 
        0, 0, 0), OR_DIFF = c(0, 0, Inf, Inf, 0, 12.2118297589942, 
        36.8623925861992, 0, 0, 16.2268093026804, 0, 0.651084561731871, 
        2.75147426819685, 0, Inf, 5.51488056068249, 0, 0, 5.4908895734318, 
        0, 0.907099715492985, Inf, Inf, Inf, 0, 0, 0.427495900722887, 
        0, 1.83521250126949, 1.02568788203061, 0, 0.502874121250008, 
        0.450753131551787, 0, 0, 0, 0, 0.450753131551787, 0, 0, 0, 
        0, 0, 1.53989389116286, 0, 0.818618918469353, 3.6544359390362, 
        Inf, 0, 1.84713202674282, 0, Inf, 0, 0, 1.46343250434101, 
        3.6544359390362, 1.21236290371969, 7.27562885961316, Inf, 
        2.75147426819685, 0, 0.49871814880433, 0.49871814880433, 
        0.341175240617494, 1.03921252567775, 0.226946656864372, 2.30880622271672, 
        0.24042761349699, 0.602979582059441, 0.456864238968225, 0.198624987903903, 
        0, 0.20570511101072, 0, 0, 0, 0, 0, 0.189519288365734, 1.08519012146171, 
        0, 0, 7.40079004477984, 0.450753131551787, 0, 0, 0.450753131551787, 
        0.450753131551787, 0, 0, 0, 0, 0.176403298167896, 0.602979582059441, 
        0, 1.82345132230325, 0, 0.905135482546975, 0, 0, 0.671913053050589, 
        0, 0.562585408128157, 0.435167219273203, 1.00864906380941, 
        1.21535302160812, 2.45434965295136, 0, 0, 0.259610413008612, 
        0, 0.146629386859284, 0.139889339702451, 0, 0.232098327581181, 
        0.354903143227002, 0, 0.354903143227002, 0, 0, 0, 0, 0, 0, 
        0, 0, 0, 0, 0, 0.354903143227002, 0, 0.354903143227002, 0, 
        0, 0.819243103730111, 0, 7.40079004477984, 5.51488056068249, 
        7.40079004477984, 7.40079004477984, 0, 1.09067348605393, 
        0, 0.602979582059441, 0.359353120501614, 0, 0.602979582059441, 
        0, 0, 0.512646451389201, 0, 0, 0, 0, 0, 0, 0, 0, 0, 0, 0, 
        0, 0, 0, 0.903779120624607, 0, 0, 0, 0, 0.159701912729244, 
        0, 0, 1.21236290371969, 1.00864906380941, 0.907099715492985, 
        1.81777673689473, 0, 0, 0, 0.625876169874458, Inf, 2.46334303129726, 
        0, 0, 4.89939046019938, 1.81777673689473, 1.81777673689473, 
        1.10480698114506, 3.6544359390362, 0, 1.10731392487273, 19.5447156940903, 
        0, 1.03921252567775, 1.82345132230325, 0.359353120501614, 
        0, Inf, 0, 0.453887962119698, 1.82937764467103, 0.789835228489523, 
        0.731982592298464, 0.24440005458373, 1.21236290371969, 0.379346458256514, 
        0, 0, 0.530617393878768, 0.176403298167896, 0, 0, 0, 0, 2.49644375944595, 
        2.45434965295136, 0.728913320041983, 0.446937806679015, 0.465709635322332, 
        0.89794158686946, 0.602979582059441, 0.359353120501614, 0.859982924732979, 
        2.75147426819685, 1.82345132230325, 1.82345132230325, 0, 
        0, 0, 0.506453922773229, 0.395813499015953, 0.451704124965599, 
        0, 0.602979582059441, 0.546774209518355, 0, 0, 0, 0, 0, 0, 
        0, 0, 0, 1.28846688480381, 1.0758941170786, 0.952121595863432, 
        7.40079004477984, 7.40079004477984, 0.591713570738862, 1.82937764467103, 
        0.76885753439225, 0.76885753439225, 0.76885753439225, 0, 
        1.68840719156442, 0.115310150875652, 0, 0.249648639343455, 
        3.6917763478057, 0, 0.22214658078195, 2.41696905695505, 1.14400918445827, 
        0.859212423627856, 1.0094753384878, 0, 1.16821254358217, 
        0.677886562150519, 0.602979582059441, 0.602979582059441, 
        0.602979582059441, 1.82345132230325, 0, 0, 0, 0, Inf, 1.02231186934796, 
        3.80134424564757, 0, 0.512646451389201, 9.87619113558325, 
        Inf, 0.407429531353792, 1.86040266904736, 2.48944118200191, 
        3.39625358604699, 5.04185749703856, 3.6544359390362, 3.6544359390362, 
        0.47253905657621, 2.45434965295136, 0, 10.6348353531524, 
        0, 0, 0, 0, 1.17730046825509, 1.84113003798621, 0, Inf, Inf, 
        7.40079004477984, 0, 0, 1.36774865886972, 1.36774865886972, 
        1.82345132230325, 0, 0, 0, 0, Inf, 0, 1.81777673689473, 0.269896090170557, 
        Inf, 2.46687303248192, 0.90645408435911, 0, 0, 0.134094412857513, 
        0.907099715492985, 1.81777673689473, 0, 2.82846786982077, 
        0, 1.09676277048797, 0, 0, 0, Inf, 0, 1.67303946405784, 0.600221765678182, 
        0.773684727804098, 0, 0, 0.251454869656753, 0.139053180891395, 
        0.90645408435911, 0, 0, 0.71885966809525, 0, 0.0728244851910189, 
        3.686362306703, 1.55762805933032, 0, 0, 0, 0, 0.907099715492985, 
        0.907099715492985, 3.6544359390362, 3.6544359390362, 0.622441353776822, 
        0, 0.812585474370528, 1.34751770507071, 0.785495320276954, 
        0.306757232344866, 0, 0.298387863923724, 0.556974229455719, 
        0.967075790339548, 0.45179890629455, 0.135882617633692, 0.447042115877716, 
        0.548410581499302, 0, 0, 0.597079732636699, 0, 0.952121595863432, 
        3.6917763478057, 0.903086268074282, 1.21535302160812, 1.02292288377736, 
        0, 0, 0, 0.818618918469353, 0, 0, 0.818618918469353, 0, 5.51488056068249, 
        5.51488056068249, 3.6544359390362, 0.813523725951158, 1.4734215470907, 
        0.626258810216466, 1.37205989630281, 1.09067348605393, 5.51488056068249, 
        3.6544359390362, Inf, 1.26467025429041, 0.658923841738914, 
        0.135882617633692, 0, 0.722765209913301, Inf, 0, 0, 1.60366737832239, 
        5.61130142299705, 0, 1.81777673689473, 1.81777673689473, 
        0, 0, 1.82345132230325, 0.681088110777829, 0.998152641785286, 
        5.51488056068249, 0.395813499015953, 1.52913595164006, 5.04185749703856, 
        1.81777673689473, 0.134094412857513, 0.421109668185927, 0, 
        0, 0, 0, 0.976259735870111, Inf, 0, 0.321421542253885, 1.81777673689473, 
        0.907099715492985, 0.321421542253885, 3.6544359390362, 0.907099715492985, 
        0.907099715492985, 0.907099715492985, 1.31594310044823, 1.04655771939474, 
        0.354903143227002, 0, 1.94121548280324, 1.81777673689473, 
        0, 0, 0, 0, 0, 0.894652531376154, 7.40079004477984, 2.53916427205029, 
        0, 0.450753131551787, 0, 0, 1.81777673689473, 0.600221765678182, 
        0, 0.444689024148382, 1.35429695780405, 1.7566832143278, 
        1.09598601261097, 0.772858872009522, 7.40079004477984, 0.588796467381019, 
        0, 1.85322029051098, 3.6544359390362, 0.450753131551787, 
        0, 0.450753131551787, 1.51477207151024, 2.61214254951185, 
        2.61214254951185, Inf, 7.40079004477984, 1.03810557067414, 
        0, 0, 0, 0.257653327840271, 0, 0.0949553424549352, 0.674558808565422, 
        0, 1.43108887343058, 1.82345132230325, 3.61315825094395, 
        4.38127420287268, 3.00810099448789, 3.51622704264803, 0.674558808565422, 
        1.26467025429041, 1.17730046825509, 0.658923841738914, 0.135882617633692, 
        7.40079004477984, 0.76885753439225, 1.81777673689473, 0.997988758751845, 
        0.859982924732979, 0, 0, 0, 0, 0.602979582059441, 0.602979582059441, 
        0, 2.84243819791555, 2.22219384162281, 1.09897844775187, 
        0, 7.40079004477984, 0, 0, 7.40079004477984, Inf, 0, 3.50689009539807, 
        2.75147426819685, 0, 0, 5.51488056068249, 5.51488056068249, 
        0, Inf, Inf, 0.801648821167579, 0, 1.53758685936232, 2.20972953028236, 
        0, 0, 0, 0, 1.81777673689473, 0.602979582059441, 0.602979582059441, 
        0, 0, 5.51488056068249, 5.51488056068249, 0, Inf, Inf, 0.602979582059441, 
        1.27264403271845, 0, 0.421109668185927, 1.46343250434101, 
        2.45434965295136, 0.395813499015953, 0.20318666808789, 0, 
        0, 0, 0.450753131551787, 0.450753131551787, 0.801648821167579, 
        0, 0.418305766063517, 0, Inf, 0.867945332192361, 0.867668447020575, 
        0, 0, 0, 1.81777673689473, 0, 0, 0, 0, 1.29700077916979, 
        0.64473979709735, 1.12117617205091, 0.622441353776822, 0, 
        0.812585474370528, 0.159701912729244, 0, 0.359353120501614, 
        3.6917763478057, 0, 0, 0, 3.98527867815787, 1.81777673689473, 
        3.6544359390362, 0, 0, 0, 1.53989389116286, 0, 0.818618918469353, 
        3.6544359390362, 1.16872123108038, 8.96544486032048, 0, 0, 
        0, 0, 0, 0.850856732093791, 1.59321648731877, 0, 0, 1.82937764467103, 
        0.523130679695976, 0.176403298167896, 0.394644778298224, 
        0, 0.897379801832355, 0.484220888115324, 1.29810264056882, 
        3.40513544321942, 4.38127420287268, 1.81777673689473, 1.81777673689473, 
        1.81777673689473, 1.81777673689473, 0, 0, 0, 0, 0, 1.09067348605393, 
        0.170669051375526, 1.12248352298052, 1.94995831468152, 0, 
        0, 3.6917763478057, 3.6917763478057, 0.12403198836316, 0, 
        0, 0, 0, 0, 0, 1.57781291493879, 0, 0, 0.651084561731871, 
        0.115310150875652, 0.556974229455719, 0, 0, 0, 0, 0.134094412857513, 
        0, 0, 0, 0, 0.90645408435911, 0, 1.21535302160812, 0.159701912729244, 
        0.691636536136555, 0, 0, 1.05019309627408, 0.831104489361546, 
        0, 0, 1.56557792504856, 0.293514284752076, 0, 0.395813499015953, 
        Inf, Inf, 1.70306392194321, 0, 0, 0, 0, 0, 0.269896090170557, 
        1.46343250434101, 0, 0, 0, Inf, 0.278479391762476, 0, 0, 
        3.6544359390362, 0, 0, 1.83521250126949, 0, 2.49644375944595, 
        1.82345132230325, 0, 0, 0, 0.631321119707706, 0, 0, 0, 0, 
        0, 0, 0, 0, 0.687990255764164, 0, 0, 0, 0, 0, Inf, 0, 0, 
        0, 7.40079004477984, 7.40079004477984, 0, 0, 0, 0, 0, 0, 
        0, 0, Inf, 0, 0, 0, 0, 0, 0, 0, 0, 0, 0, 0, 0, 0, 0, 0.90645408435911, 
        Inf, 0, 2.31053223853445, 0, 0.450753131551787, 0, 0, 0, 
        0, 0, Inf, 0, Inf, 12.2118297589942, 1.21236290371969, 0.451704124965599, 
        0.20570511101072, 0, Inf, 0, 0.774132069712091, 0, Inf, 0.602979582059441, 
        1.82345132230325, 0.600221765678182, Inf, Inf, 0.602979582059441, 
        1.46343250434101, 2.25512209593318, 1.53758685936232, 0.19673677822551, 
        2.20972953028236, 0, 0, 1.21236290371969, 0, 0.298387863923724, 
        0, 0, 0, 0.20570511101072, 1.67205283098565, 0.254824868266956, 
        0, 0, 0, 0, 0, 0.55247790485376, 0, 0.300873830000041, 1.53989389116286, 
        0, 0.818618918469353, 1.14400918445827, 0, 0, 0, 0, 0.450753131551787, 
        0.654206060057442, 0, 0, 0, 0, 0, 1.83521250126949, 0.491451322512569, 
        0, 0.485179061564834, 0.567148664358081, 0.929187015426717, 
        0.446937806679015, 0.907099715492985, 0, 1.81777673689473, 
        0, 3.50689009539807, 0, 1.26727621738214, 0.505720372631911, 
        0, 1.22820593149787, 0.988105869401853, 0.735186985276355, 
        0, 0, 2.45434965295136, 2.45434965295136, Inf, 0.776481153111258, 
        5.51488056068249, 0.747166678663597, 2.46591440018067, 3.6544359390362, 
        0.139053180891395, 1.42612939206695, 1.47061015113531, 0, 
        0.731982592298464, 1.63377747732287, 0.771577420997999, 0, 
        0.850856732093791, 0.484220888115324, 0.722765209913301, 
        1.83521250126949, 1.74014890429815, 1.89167065084417, 3.6917763478057, 
        0.907099715492985, 0, 0.20570511101072, 0, 0, 0, 0, 0, 0.20570511101072, 
        0, 0, 0.773684727804098, 0, 0, 0, 0, 1.06652290525906, 0, 
        0.764151982643298, 0.451704124965599, 0, 0, 0, 0, 2.75147426819685, 
        Inf, Inf, 1.09067348605393, 0, 1.21535302160812, 0, 0, 0.450753131551787, 
        0, 2.30032239683392, 1.39243594355549, 6.59144469157366, 
        0.506453922773229, 1.26123542712728, 1.17819392911738, 0.740806956377141, 
        0, 0, 0.905799404034251, 0, 1.43985732619974, 0.431131663450031, 
        0, 0.773684727804098, 0, 0, 1.81777673689473, 0, Inf, 0.443069129543029, 
        0, 0.257464421726095, 0, 0, 0.602979582059441, 3.82912085619678, 
        1.49970179174061, 0, 0.0847759268973465, 0, 0, 0.365469284649274, 
        0, 0, 0.602979582059441, 0.321421542253885, 0.600221765678182, 
        0, 3.50689009539807, 0.311074434324963, 1.21535302160812, 
        1.46343250434101, 0, 0, 0, 2.68192977072557, 3.4890310610302, 
        0.439145982610871, 0, 0, 5.51488056068249, 5.51488056068249, 
        0, 0, 0, 1.03810557067414, 0.773684727804098, Inf, 2.9836991037723, 
        5.51488056068249, 0, 0, 0, 0, 0, 0, 0.839648794930755, 0, 
        0, 0, 0, 0, 0, 0, Inf, Inf, 0, 0, 0, 0.818618918469353, 0, 
        0, 0, 0, 0, 0, 0, 0, 0, 0, 0, 0, 0, Inf, 0, 0, 0, 0, 0, 0, 
        0, 0, 0.720540528268602, 0, 0, 1.56557792504856, 0, 0, 0.602979582059441, 
        0.450753131551787, Inf, 9.31450835246718, 0, 0, 0, 0.602979582059441, 
        0, 0, 0.722765209913301, 3.73044593414363, 2.05695296134534, 
        3.6544359390362, 0.847363717291365, 0.903451625427873, 0.986775456839435, 
        0.412639398080331, 0, 0, 0, 0.906455151845701, 0.412550655343092, 
        0.316736865307346, 1.81777673689473, 0.602979582059441, 0, 
        0, 2.45434965295136, Inf, Inf, 6.85738887074784, Inf, 1.81777673689473, 
        0, 1.21236290371969, 13.2198855826407, 0, Inf, Inf, Inf, 
        Inf, Inf, 3.6544359390362, 1.81777673689473, 2.53140818161179, 
        Inf, 2.22219384162281, 2.53916427205029, 0.805176904884114, 
        Inf, 0.293514284752076, 0.395813499015953, 0, 0, 3.6544359390362, 
        Inf, 0, 0, 0, 0, 0.216739836748723, 0.321421542253885, 0.22214658078195, 
        0, 0, 2.75147426819685, Inf, 1.82345132230325, Inf, Inf, 
        Inf, 0.493156714619356, 0, 0.557251952954393, 1.37711410351241, 
        0.95083010603773, 0, 2.89253413136387, 0.91819756034149, 
        0.76885753439225, 0, 1.36774865886972, 7.40079004477984, 
        0, Inf, 4.07976077669581, 4.0323880441217, 7.40079004477984, 
        7.40079004477984, 0.443069129543029, 0.450753131551787, 0.221280011484033, 
        0, 0.146629386859284, 0, 0.14583223963562, 0.450753131551787, 
        1.21236290371969, 3.27581151504687, 0, 0.593713410905859, 
        3.40357225973535, 0, 3.6544359390362, 1.4768563416073, 2.16950936870743, 
        Inf, Inf, 0, 0, 0, 0.757324754072094, 0.783359757055868, 
        0.651084561731871, 0, 0, 0.904462122450152, 1.13881126550421, 
        1.13881126550421, 1.82988439719809, 1.31386863008121, 0.773684727804098, 
        1.82937764467103, 0, 0.986808018752849, 0.327212180459933, 
        1.29835772849627, 1.53304058480123, 0.664166990928155, 1.14432785105225, 
        1.35429695780405, 1.0121573399621, Inf, Inf, 0, 0.600221765678182, 
        1.0758941170786, 0, 1.36806580772038, 0.798866267060162, 
        0.454885916321187, 1.6019749380849, 1.23060579304273, 0.57356275603461, 
        0.365469284649274, 0, 0.18036719228013, 0.506453922773229, 
        0, 0, 0, 1.50726339910128, 0, 2.15481291721171, Inf, Inf, 
        2.11474007472669, 0, 8.55301913887966, 0.903086268074282, 
        0, 0, 0, 2.45434965295136, 0, 1.11311158062786, 0, 0, 0, 
        0, 0.219147137719267, 0.618223101517429, 0.905799404034251, 
        0.90645408435911, Inf, 0, 0.602979582059441, 0.602979582059441, 
        1.52913595164006, 2.45434965295136, 1.09067348605393, Inf, 
        1.82937764467103, 0, 0, 1.48110477070081, 0.293514284752076, 
        0, 0.76885753439225, 0.76885753439225, 0.76885753439225, 
        0.625876169874458, Inf, 0, 0, 1.83521250126949, 0.774132069712091, 
        0, 0, 0.450753131551787, 1.1553390268057, 0.674558808565422, 
        1.45950554992176, 0, 0.354903143227002, Inf, Inf, 0, 1.00930939427162, 
        0.907099715492985, 0, 0.302030117531361, 0, 0, 1.82345132230325, 
        Inf, Inf, 1.30607759280697, 0, 1.03810557067414, 0, 0.722765209913301, 
        0, 0, 0, Inf, Inf, 0, 0, 0, 0, 1.03810557067414, 0, 0.687990255764164, 
        0, 0, 0, 1.37711410351241, 1.73264384135783, 0.854471588766739, 
        0.902383349712491, 1.63377747732287, 1.57781291493879, 1.07823041568228, 
        5.51488056068249, 5.51488056068249, 0.600221765678182, 0, 
        0, 0, 0, 0, Inf, 0, 0, 1.09067348605393, 1.37407564689194, 
        0.818618918469353, 0.600221765678182, 0, 0, 0.395813499015953, 
        0, Inf, 0, 0, 0.293514284752076, 0, 0.395813499015953, 0, 
        Inf, 0, 0, 0, 7.40079004477984, 0, 0.809041741249848, 0.636418664623066, 
        0.636418664623066, 1.09067348605393, 1.09067348605393, 0.512646451389201, 
        0.600221765678182, 0.731196273687795, 0, 0, 0, 0, 0, 0, 0, 
        0, 7.40079004477984, 0.801648821167579, 1.46343250434101, 
        0, 0, 1.85939670516266, 1.88502335211617, Inf, 0, 1.82937764467103, 
        Inf, 0.831104489361546, 1.83521250126949, 2.45434965295136, 
        Inf, 0.591713570738862, 2.28796424462457, 0.485179061564834, 
        0.359353120501614, 1.82345132230325, 0.602979582059441, 1.82345132230325, 
        0.602979582059441, Inf, 1.84113003798621, 1.84113003798621, 
        1.81777673689473, 1.81777673689473, 0, 1.94121548280324, 
        0, 0, 0, 0, 0, 0, 0, 0, 0, 0, 0.76885753439225, 0.76885753439225, 
        0, 0, 0, 0, 0, 0, 1.51811620249546, 0.756999705109636, 1.31732570860346, 
        1.21535302160812, 0, Inf, Inf, 0.512646451389201, 0, 0, 0.90645408435911, 
        0, 0, 0, Inf, 0, 1.83521250126949, 0, 0, 0, 0, 0, 0, 0, 0.14583223963562, 
        0, 0, 0, Inf, 0.359692369930124, 1.82937764467103, Inf, 7.40079004477984, 
        0.674558808565422, 1.36774865886972, Inf, 1.16872123108038, 
        0.313313698059644, 0.556974229455719, 0.392591161632655, 
        5.15498954590922, 4.07258608010489, 0, 0, 0, Inf, Inf, Inf, 
        0, 0.76885753439225, 0.773684727804098, 0.438370178124524, 
        1.37562510645454, 0, 0, 0.365469284649274, 3.6917763478057, 
        0, 0, 0.22214658078195, 0, 0, 0, 0, 5.51488056068249, 5.51488056068249, 
        0, 1.81777673689473, 1.81777673689473, 1.81777673689473, 
        1.81777673689473, 0.257653327840271, 3.98527867815787, Inf, 
        1.82345132230325, 0, 0, 3.6917763478057, 0.450753131551787, 
        0, 1.56557792504856, 9.31450835246718, 0, 0, 0, 0, 0, Inf, 
        0.90645408435911, Inf, 0, 7.40079004477984, 0, Inf, 0, 0, 
        3.6917763478057, 3.6917763478057, 3.6917763478057, 2.75147426819685, 
        1.82345132230325, 0, 0, 0, 0, 0, 0, 1.61588249103149, 0.359353120501614, 
        0.14583223963562, 1.12248352298052, 0.600221765678182, 0, 
        1.37562510645454, 0.773684727804098, 0.907099715492985, 1.67303946405784, 
        1.84113003798621, 0, 0, 0.485179061564834, 0.952121595863432, 
        1.85939670516266, 0.596479715679268, 0.899466490470216, 0, 
        0, 0.905135482546975, 0, Inf, 0, 2.30880622271672, 0, 0, 
        0, 0.450753131551787, 0.450753131551787, 0, 0, 1.81777673689473, 
        Inf, 0, 0.948448129512209, 0.269896090170557, 0.350514174819315, 
        0, 0, 0, 0, 0, Inf, Inf, 0, 0, 3.6917763478057, 0, 0, 0, 
        0, 1.73355640220804, 0, 1.21535302160812, 0.0949553424549352, 
        0, 0.0949553424549352, 0, 0.176403298167896, 0, 0, 0, 0, 
        0, 1.21535302160812, 1.46343250434101, 0.506453922773229, 
        0, 0, 1.82345132230325, Inf, 0, 0, 0, 0, 0.556974229455719, 
        0, 0.691636536136555, 1.63377747732287, 2.30880622271672, 
        0, Inf, 1.67303946405784, 0.600221765678182, 0.359353120501614, 
        0, 0, 0, 0.773684727804098, 0, 0, 0, 1.81777673689473, 1.46343250434101, 
        2.61214254951185, 1.84113003798621, 0, 0, 0, 0, 0, 0.450753131551787, 
        0, 0, 0, 4.20349152309356, 4.38127420287268, 1.81777673689473, 
        0.450753131551787, 0, 1.9278222796532, 0, 0, 0.818618918469353, 
        0, 0.907099715492985, Inf, 1.53758685936232, 0, 2.20972953028236, 
        0, 0, 0, 0, 0, 0, 0, 1.85939670516266, 3.00582287579168, 
        0, 0, 0, 0, 0, 0, 0.450753131551787, 0.450753131551787, 0, 
        0.506453922773229, 0, 0, 0.600221765678182, 0.600221765678182, 
        0, 0, 0.90645408435911, 0.90645408435911, 0), P_VALUE_DIFF = c(1, 
        0.301852977377554, 0.355231143552312, 0.355231143552312, 
        0.54079876565189, 1.7426805157179e-06, 5.21494692243122e-08, 
        0.555394403907453, 1, 1.2072896229119e-08, 0.093463834419519, 
        0.588310370641418, 0.352165714996432, 1, 0.125630526378257, 
        0.130418688249425, 1, 0.54079876565189, 0.000795652619021754, 
        1, 1, 0.355231143552312, 0.125630526378257, 0.125630526378257, 
        1, 0.54079876565189, 0.000612446898127652, 1, 0.462422832104379, 
        1, 0.093463834419519, 0.055309273362692, 0.659652277806096, 
        0.54079876565189, 0.54079876565189, 1, 1, 0.659652277806096, 
        0.093463834419519, 0.301852977377554, 1, 0.54079876565189, 
        1, 0.146875085957302, 1, 0.7128928444997, 0.288428029998002, 
        0.125630526378257, 1, 0.36026939798739, 0.54079876565189, 
        0.125630526378257, 0.301852977377554, 0.54079876565189, 0.726591315598177, 
        0.288428029998002, 1, 2.1010324222097e-05, 0.125630526378257, 
        0.352165714996432, 1, 0.150724641208017, 0.150724641208017, 
        0.0284669323638966, 1, 4.03102390042146e-06, 0.290276623406936, 
        3.44260220055549e-05, 1, 0.0152330018322162, 0.000555550681235632, 
        1, 0.000879540045895677, 0.54079876565189, 1, 1, 1, 1, 1.60157816411187e-05, 
        0.733644494006494, 0.54079876565189, 1, 0.0558786547955515, 
        0.659652277806096, 1, 1, 0.659652277806096, 0.659652277806096, 
        1, 1, 1, 1, 0.106012847121858, 1, 1, 0.617871660874707, 1, 
        1, 0.54079876565189, 1, 0.0938486034612171, 0.000158683407448387, 
        0.0392954646102064, 0.13005385843448, 1, 0.748355190973447, 
        0.251782697163149, 0.54079876565189, 0.54079876565189, 0.00900245270954777, 
        0.0542762013268697, 0.00207938466371742, 0.00126946415462345, 
        0.0542762013268697, 0.0392248832964707, 0.226727339076617, 
        1, 0.226727339076617, 0.00553884325191771, 0.165815631361747, 
        0.301852977377554, 0.0542762013268697, 0.301852977377554, 
        0.54079876565189, 0.555394403907453, 1, 0.54079876565189, 
        0.54079876565189, 0.54079876565189, 0.226727339076617, 1, 
        0.226727339076617, 0.54079876565189, 1, 0.796192078814933, 
        0.0548721539589927, 0.0558786547955515, 0.130418688249425, 
        0.0558786547955515, 0.0558786547955515, 1, 1, 1, 1, 0.429121185187073, 
        1, 1, 1, 1, 0.501029150966674, 0.54079876565189, 1, 1, 1, 
        0.555394403907453, 1, 0.54079876565189, 0.555394403907453, 
        0.555394403907453, 0.555394403907453, 0.555394403907453, 
        0.54079876565189, 1, 1, 1, 1, 1, 1, 1, 0.0633795098047998, 
        0.301852977377554, 0.301852977377554, 1, 1, 1, 1, 0.301852977377554, 
        0.301852977377554, 0.301852977377554, 0.378266949106089, 
        0.0155028033413698, 3.97637557514829e-05, 0.54079876565189, 
        0.54079876565189, 9.00707634959229e-09, 1, 1, 1, 0.288428029998002, 
        0.0548721539589927, 1, 1.30023043001855e-07, 0.54079876565189, 
        1, 0.617871660874707, 0.429121185187073, 0.54079876565189, 
        0.355231143552312, 1, 0.0348077323444926, 0.670550111275359, 
        0.599564515220121, 0.213473235715367, 0.014969667226462, 
        1, 0.00169026683073947, 0.54079876565189, 0.301852977377554, 
        0.169209819503819, 0.106012847121858, 0.54079876565189, 0.301852977377554, 
        1, 0.165815631361747, 0.0952522836244712, 0.251782697163149, 
        0.35317197399978, 0.505211895765359, 0.000301556425203939, 
        0.865355747792423, 1, 0.429121185187073, 0.722876960179596, 
        0.352165714996432, 0.617871660874707, 0.617871660874707, 
        0.54079876565189, 0.555394403907453, 1, 0.170680891621577, 
        0.341176352681126, 0.106922449934399, 1, 1, 0.438082354655437, 
        0.555394403907453, 0.555394403907453, 0.555394403907453, 
        0.555394403907453, 0.555394403907453, 0.555394403907453, 
        1, 1, 1, 0.282782354180744, 0.755939651272251, 1, 0.0558786547955515, 
        0.0558786547955515, 0.350677687194878, 0.670550111275359, 
        0.811217697850674, 0.811217697850674, 0.811217697850674, 
        0.54079876565189, 0.0422001052061407, 0.0139148678871014, 
        0.00553884325191771, 0.0615597607061829, 0.191917265305332, 
        1, 0.16755697828175, 5.67413377926135e-05, 0.746365272774638, 
        0.471749502908291, 1, 1, 0.551255934025946, 0.120662422912955, 
        1, 1, 1, 0.617871660874707, 0.165815631361747, 0.301852977377554, 
        0.301852977377554, 1, 0.0155028033413698, 1, 7.04213118281844e-09, 
        0.54079876565189, 0.501029150966674, 1.3093002322915e-09, 
        2.60718743275092e-05, 0.189193782901665, 0.00955726646323986, 
        1.38228297358595e-05, 0.00992910863533181, 0.0198901267684687, 
        0.288428029998002, 0.288428029998002, 0.0725219640654099, 
        0.251782697163149, 1, 2.50668362541596e-09, 0.093463834419519, 
        1, 1, 1, 0.823021746691495, 0.336138039700643, 1, 0.000649337171028721, 
        0.355231143552312, 0.0558786547955515, 1, 0.093463834419519, 
        0.702762989283991, 0.702762989283991, 0.617871660874707, 
        1, 1, 1, 1, 0.355231143552312, 1, 1, 0.0970068879482673, 
        1, 2.0069630841329e-05, 1, 0.54079876565189, 0.54079876565189, 
        0.0232481196203906, 1, 1, 1, 0.000658327594287417, 0.555394403907453, 
        0.848381284517642, 0.54079876565189, 1, 0.555394403907453, 
        0.355231143552312, 0.555394403907453, 0.327093182818221, 
        0.717477692784783, 1, 0.555394403907453, 0.54079876565189, 
        9.90978771008127e-06, 6.01046507631499e-07, 1, 0.301852977377554, 
        0.54079876565189, 0.778084476774804, 1, 0.00059204825902341, 
        2.72100548760274e-05, 0.116862562205876, 0.301852977377554, 
        1, 1, 1, 1, 1, 0.288428029998002, 0.288428029998002, 0.203161920812444, 
        0.555394403907453, 0.702177523159653, 0.208074135870639, 
        0.323434305258485, 0.0561328081530665, 1, 0.429441600119844, 
        0.22894389182492, 0.917726173777499, 0.00169455671619909, 
        3.45894682003509e-07, 0.000972040390845245, 0.617871660874707, 
        0.54079876565189, 0.0297792545047478, 0.0241746622074695, 
        0.555394403907453, 1, 0.191917265305332, 1, 0.748355190973447, 
        0.912469711059716, 0.54079876565189, 1, 1, 0.7128928444997, 
        0.0165484268233701, 1, 0.7128928444997, 1, 0.130418688249425, 
        0.130418688249425, 0.288428029998002, 0.372023931286548, 
        0.102277550848791, 0.176215811099095, 0.448725150456507, 
        1, 0.130418688249425, 0.288428029998002, 0.125630526378257, 
        0.25905163212454, 0.073580780157692, 3.45894682003509e-07, 
        1, 1, 0.0442317745683837, 0.54079876565189, 1, 0.290206328496764, 
        0.0261197484316528, 0.555394403907453, 1, 1, 0.54079876565189, 
        0.54079876565189, 0.617871660874707, 0.170189218928754, 1, 
        0.130418688249425, 0.341176352681126, 0.53059771283825, 0.0198901267684687, 
        1, 0.0232481196203906, 0.00666734728857897, 1, 1, 0.54079876565189, 
        0.54079876565189, 1, 0.355231143552312, 0.54079876565189, 
        0.149855850856309, 1, 1, 0.149855850856309, 0.288428029998002, 
        1, 1, 1, 0.228471233511305, 0.908162922168271, 0.226727339076617, 
        0.54079876565189, 0.00161174209289823, 1, 0.555394403907453, 
        1, 1, 1, 0.54079876565189, 0.672209416492254, 0.0558786547955515, 
        1.89399762217228e-05, 1, 0.659652277806096, 1, 0.555394403907453, 
        1, 0.717477692784783, 1, 0.0626871924971421, 0.322728275019259, 
        0.0318170566407607, 0.677309927065651, 0.471733568853261, 
        0.0558786547955515, 0.379474830485655, 0.555394403907453, 
        0.265708791895835, 0.288428029998002, 0.659652277806096, 
        1, 0.659652277806096, 0.133750684875045, 0.125014306225156, 
        0.125014306225156, 0.000223410561319288, 0.0558786547955515, 
        1, 0.54079876565189, 0.301852977377554, 1, 0.0234734420691518, 
        0.54079876565189, 0.0029118221457412, 0.753218650499521, 
        1, 0.595143645924442, 0.617871660874707, 9.94078782164497e-07, 
        0.0384534943137188, 0.0127112450477146, 3.84037320341822e-08, 
        0.753218650499521, 0.25905163212454, 0.823021746691495, 0.073580780157692, 
        3.45894682003509e-07, 0.0558786547955515, 0.811217697850674, 
        1, 1, 0.722876960179596, 0.0542762013268697, 1, 0.555394403907453, 
        0.54079876565189, 1, 1, 0.165815631361747, 1.46789525254157e-05, 
        0.0006227962567044, 0.862211333762517, 0.555394403907453, 
        0.0558786547955515, 1, 0.093463834419519, 0.0558786547955515, 
        0.0155028033413698, 1, 3.61596532571006e-07, 0.352165714996432, 
        0.301852977377554, 0.301852977377554, 0.130418688249425, 
        0.130418688249425, 0.54079876565189, 0.125630526378257, 0.355231143552312, 
        1, 1, 0.0673777912502113, 0.000966498425823975, 0.0297792545047478, 
        0.54079876565189, 1, 0.301852977377554, 1, 1, 1, 0.54079876565189, 
        1, 0.130418688249425, 0.130418688249425, 1, 0.0442317745683837, 
        0.355231143552312, 1, 0.648848205030393, 1, 0.00666734728857897, 
        0.726591315598177, 0.251782697163149, 0.341176352681126, 
        0.0247154989457038, 0.54079876565189, 0.54079876565189, 0.54079876565189, 
        0.659652277806096, 0.659652277806096, 1, 0.54079876565189, 
        0.00130218523352657, 1, 0.355231143552312, 0.581371146746083, 
        0.671616143742275, 1, 1, 1, 1, 1, 1, 1, 1, 0.214375868063528, 
        0.225482987213994, 0.636859183568363, 0.203161920812444, 
        0.555394403907453, 0.702177523159653, 0.0633795098047998, 
        1, 0.429121185187073, 0.191917265305332, 0.093463834419519, 
        0.301852977377554, 1, 0.000737641904331372, 1, 0.288428029998002, 
        0.00101624039274679, 0.0542762013268697, 0.165815631361747, 
        0.146875085957302, 1, 0.7128928444997, 0.288428029998002, 
        0.599452153945228, 1.72472379430526e-09, 0.54079876565189, 
        0.301852977377554, 0.54079876565189, 1, 1, 0.83865663114827, 
        0.0298136351569777, 1, 1, 0.670550111275359, 0.0252312252538941, 
        0.106012847121858, 0.0177009292857191, 0.555394403907453, 
        0.719911740048012, 0.123056160283168, 0.348592332970114, 
        0.0420673897578207, 0.0384534943137188, 1, 1, 1, 1, 0.54079876565189, 
        0.54079876565189, 0.0542762013268697, 0.093463834419519, 
        1, 1, 0.00585605687166534, 0.702922122797452, 0.00140939541773931, 
        1, 1, 0.191917265305332, 0.191917265305332, 0.0241344186435923, 
        1, 1, 0.54079876565189, 0.0297792545047478, 0.54079876565189, 
        0.555394403907453, 0.556932537954539, 1, 1, 0.588310370641418, 
        0.0139148678871014, 0.22894389182492, 1, 0.54079876565189, 
        1, 1, 0.0232481196203906, 0.54079876565189, 0.093463834419519, 
        0.54079876565189, 0.54079876565189, 1, 1, 0.748355190973447, 
        0.0633795098047998, 0.520172753517217, 0.555394403907453, 
        0.54079876565189, 0.836722024561366, 0.809874582657517, 0.54079876565189, 
        0.54079876565189, 0.0794930753166612, 0.152451751719371, 
        1, 0.341176352681126, 0.355231143552312, 0.355231143552312, 
        0.0207212116335485, 1, 1, 1, 1, 1, 0.0970068879482673, 0.726591315598177, 
        1, 1, 0.54079876565189, 0.355231143552312, 0.00530452117656205, 
        0.54079876565189, 0.54079876565189, 0.288428029998002, 1, 
        1, 0.462422832104379, 0.555394403907453, 0.0952522836244712, 
        0.617871660874707, 1, 0.00295462253868831, 1, 0.269172370454943, 
        0.00101624039274679, 0.54079876565189, 0.54079876565189, 
        1, 1, 0.555394403907453, 1, 1, 0.617578442046163, 0.093463834419519, 
        0.54079876565189, 0.301852977377554, 0.301852977377554, 0.0542762013268697, 
        0.355231143552312, 1, 1, 1, 0.0558786547955515, 0.0558786547955515, 
        0.54079876565189, 1, 1, 1, 1, 1, 1, 1, 3.34919966078893e-07, 
        0.54079876565189, 0.555394403907453, 0.54079876565189, 0.54079876565189, 
        0.54079876565189, 0.54079876565189, 0.54079876565189, 1, 
        1, 1, 1, 1, 1, 1, 1, 0.125630526378257, 0.54079876565189, 
        0.0185020851912756, 1, 0.659652277806096, 1, 0.0548721539589927, 
        0.54079876565189, 1, 1, 0.125630526378257, 1, 0.125630526378257, 
        1.7426805157179e-06, 1, 0.106922449934399, 0.000879540045895677, 
        0.54079876565189, 0.355231143552312, 0.54079876565189, 0.573845198581933, 
        0.54079876565189, 0.125630526378257, 1, 0.617871660874707, 
        0.717477692784783, 0.125630526378257, 0.125630526378257, 
        1, 0.726591315598177, 0.000138604302591373, 0.0673777912502113, 
        0.10504656865645, 0.000966498425823975, 0.54079876565189, 
        1, 1, 0.54079876565189, 0.429441600119844, 1, 0.093463834419519, 
        0.093463834419519, 0.000879540045895677, 0.0481162578062588, 
        0.268932937795107, 1, 0.54079876565189, 1, 1, 0.555394403907453, 
        0.00773269811473578, 0.54079876565189, 0.0125995080521689, 
        0.146875085957302, 1, 0.7128928444997, 0.746365272774638, 
        0.54079876565189, 0.555394403907453, 1, 1, 0.659652277806096, 
        0.214819989484248, 1, 1, 1, 0.54079876565189, 1, 0.462422832104379, 
        0.100563868002237, 1, 0.395420971512614, 0.120268491437783, 
        0.872629538851314, 0.505211895765359, 1, 1, 1, 0.555394403907453, 
        3.61596532571006e-07, 0.0297792545047478, 0.540954782465287, 
        0.0403930047615845, 0.0297792545047478, 0.692384158100298, 
        1, 0.661095767504589, 0.54079876565189, 0.54079876565189, 
        0.251782697163149, 0.251782697163149, 0.355231143552312, 
        0.401197504945336, 0.130418688249425, 0.382573316144666, 
        2.26033244532997e-05, 0.288428029998002, 6.01046507631499e-07, 
        0.113976340129858, 0.0746535160006818, 1, 0.213473235715367, 
        0.0379452805827734, 0.305423198203109, 1, 0.83865663114827, 
        0.123056160283168, 1, 0.462422832104379, 0.0604439025072889, 
        0.137919573183718, 0.191917265305332, 1, 1, 0.000879540045895677, 
        0.555394403907453, 1, 0.54079876565189, 1, 1, 0.000879540045895677, 
        0.54079876565189, 0.54079876565189, 1, 0.54079876565189, 
        0.093463834419519, 0.301852977377554, 1, 0.889790267916388, 
        1, 0.453444839349676, 0.106922449934399, 1, 0.555394403907453, 
        0.555394403907453, 0.555394403907453, 0.352165714996432, 
        0.125630526378257, 0.125630526378257, 1, 0.00101624039274679, 
        0.748355190973447, 1, 1, 0.659652277806096, 0.54079876565189, 
        0.0141619649328854, 0.41796142226362, 0.0114433532131192, 
        0.170680891621577, 0.3397131147168, 0.492040168630857, 0.257799380212107, 
        0.54079876565189, 0.165815631361747, 1, 0.093463834419519, 
        0.136891632011805, 0.0752805191169767, 1, 1, 0.555394403907453, 
        1, 1, 0.555394403907453, 0.125630526378257, 0.275095636372243, 
        1, 4.85909982436268e-05, 1, 1, 1, 3.37456275147992e-09, 0.120382299045053, 
        0.54079876565189, 0.00165090278902999, 0.555394403907453, 
        1, 0.0732850795122864, 0.0542762013268697, 0.54079876565189, 
        1, 0.149855850856309, 0.717477692784783, 1, 3.61596532571006e-07, 
        1.85908598471887e-05, 0.748355190973447, 0.726591315598177, 
        1, 0.54079876565189, 0.54079876565189, 4.38139737784825e-05, 
        0.00405923026485333, 0.157541402935627, 0.54079876565189, 
        0.54079876565189, 0.130418688249425, 0.130418688249425, 0.54079876565189, 
        0.54079876565189, 0.555394403907453, 1, 1, 0.125630526378257, 
        9.80387564592147e-05, 0.130418688249425, 1, 0.54079876565189, 
        1, 0.555394403907453, 0.00546254885274583, 0.0165484268233701, 
        0.821121062176489, 0.54079876565189, 1, 0.0165484268233701, 
        0.54079876565189, 1, 1, 0.54079876565189, 0.355231143552312, 
        0.125630526378257, 1, 0.0094497127432994, 1, 0.7128928444997, 
        0.093463834419519, 0.54079876565189, 0.54079876565189, 0.555394403907453, 
        1, 1, 0.555394403907453, 0.555394403907453, 1, 0.301852977377554, 
        0.555394403907453, 1, 1, 0.355231143552312, 0.54079876565189, 
        0.54079876565189, 0.54079876565189, 0.54079876565189, 0.00553884325191771, 
        0.301852977377554, 1, 0.54079876565189, 0.304468727607148, 
        1, 1, 0.0794930753166612, 0.0548721539589927, 0.301852977377554, 
        1, 0.659652277806096, 0.125630526378257, 0.0230608445002806, 
        1, 0.54079876565189, 1, 1, 0.555394403907453, 0.555394403907453, 
        1, 0.0738084401603488, 0.0863918323980969, 0.288428029998002, 
        0.499848472425983, 0.675223992384077, 1, 3.41816651279172e-05, 
        1, 1, 0.555394403907453, 0.729280237616433, 4.51951275985141e-05, 
        6.15166039964791e-06, 1, 1, 1, 1, 0.251782697163149, 0.125630526378257, 
        0.355231143552312, 3.22125797098981e-06, 0.125630526378257, 
        1, 1, 1, 0.00363082343899475, 1, 0.125630526378257, 0.355231143552312, 
        0.0442317745683837, 0.125630526378257, 0.355231143552312, 
        0.288428029998002, 1, 2.1717167243504e-05, 0.355231143552312, 
        0.0006227962567044, 1.89399762217228e-05, 0.690142606840885, 
        0.0155028033413698, 0.152451751719371, 0.341176352681126, 
        1, 1, 0.288428029998002, 0.125630526378257, 1, 0.0297792545047478, 
        0.555394403907453, 0.54079876565189, 0.0405484631968659, 
        0.149855850856309, 0.16755697828175, 0.555394403907453, 0.301852977377554, 
        0.352165714996432, 0.355231143552312, 0.617871660874707, 
        0.0442317745683837, 0.355231143552312, 0.125630526378257, 
        0.0238424872009292, 0.093463834419519, 0.186683547128709, 
        0.558895370389034, 0.904868115596008, 1, 4.76067622587623e-07, 
        0.875905174760222, 0.811217697850674, 0.54079876565189, 0.702762989283991, 
        0.0558786547955515, 1, 0.0155028033413698, 2.25130352426107e-07, 
        0.000503442727831206, 0.0558786547955515, 0.0558786547955515, 
        0.275095636372243, 0.659652277806096, 0.00228840008037057, 
        0.0165484268233701, 0.00207938466371742, 0.54079876565189, 
        0.0381406401116012, 0.659652277806096, 1, 0.0592482343165892, 
        1, 0.0209830341047706, 1.07690687176925e-06, 1, 0.288428029998002, 
        0.454739436783472, 0.236875738868341, 0.355231143552312, 
        0.355231143552312, 0.0094497127432994, 0.555394403907453, 
        0.54079876565189, 0.253463169381769, 0.535690345588561, 0.588310370641418, 
        0.301852977377554, 0.555394403907453, 1, 0.777861221721258, 
        0.777861221721258, 0.0796337032542832, 0.328432183107005, 
        1, 0.670550111275359, 1, 1, 0.0851264167871958, 0.461518206093554, 
        0.045693976113085, 0.224840737111994, 0.634432018745027, 
        0.322728275019259, 1, 0.355231143552312, 0.125630526378257, 
        0.54079876565189, 0.717477692784783, 0.755939651272251, 1, 
        0.148611332816921, 0.41110721972217, 0.0521523759373847, 
        0.0338558119103021, 0.428752197868557, 0.136045606810099, 
        0.0732850795122864, 0.301852977377554, 0.00935514339043961, 
        0.170680891621577, 1, 0.0165484268233701, 0.555394403907453, 
        0.0693411858267855, 0.0297792545047478, 0.00151502502058124, 
        0.355231143552312, 0.355231143552312, 0.00954592096831524, 
        0.00101624039274679, 1.64816197430994e-05, 1, 0.00295462253868831, 
        1, 1, 0.251782697163149, 0.0165484268233701, 0.649846373545743, 
        1, 0.54079876565189, 1, 0.555394403907453, 0.000529070886983072, 
        0.0362319853240667, 1, 1, 0.125630526378257, 0.54079876565189, 
        1, 1, 0.53059771283825, 0.251782697163149, 1, 0.355231143552312, 
        0.670550111275359, 1, 1, 0.349392434607539, 0.152451751719371, 
        1, 0.811217697850674, 0.811217697850674, 0.811217697850674, 
        0.378266949106089, 0.355231143552312, 0.54079876565189, 0.54079876565189, 
        0.462422832104379, 0.573845198581933, 1, 1, 0.659652277806096, 
        0.536371474236811, 0.753218650499521, 0.391835341152614, 
        1, 0.226727339076617, 0.355231143552312, 0.355231143552312, 
        1, 1, 1, 1, 0.00480967062668267, 0.301852977377554, 0.54079876565189, 
        0.617871660874707, 0.125630526378257, 0.125630526378257, 
        0.761239044358287, 1, 1, 1, 1, 0.301852977377554, 0.301852977377554, 
        1, 0.125630526378257, 0.0442317745683837, 1, 1, 0.555394403907453, 
        1, 1, 0.54079876565189, 0.617578442046163, 0.54079876565189, 
        0.301852977377554, 1, 0.558895370389034, 0.0118619362758952, 
        0.507579459183932, 1, 0.0379452805827734, 0.556932537954539, 
        0.878896682339294, 0.130418688249425, 0.130418688249425, 
        0.717477692784783, 0.555394403907453, 0.555394403907453, 
        0.555394403907453, 0.093463834419519, 0.093463834419519, 
        0.355231143552312, 0.54079876565189, 0.54079876565189, 1, 
        0.326202072855425, 0.7128928444997, 0.717477692784783, 0.54079876565189, 
        1, 0.341176352681126, 0.555394403907453, 0.355231143552312, 
        1, 1, 0.152451751719371, 1, 0.341176352681126, 1, 0.355231143552312, 
        0.555394403907453, 0.555394403907453, 1, 0.0558786547955515, 
        0.555394403907453, 0.442105852460276, 0.468800408772013, 
        0.468800408772013, 1, 1, 0.501029150966674, 0.717477692784783, 
        0.291261497948858, 1, 1, 1, 1, 0.0297792545047478, 0.54079876565189, 
        1, 1, 0.0558786547955515, 1, 0.726591315598177, 0.54079876565189, 
        1, 0.286076272187034, 0.130796670541602, 0.355231143552312, 
        1, 0.670550111275359, 2.98428686192687e-06, 0.809874582657517, 
        0.462422832104379, 0.251782697163149, 0.125630526378257, 
        0.350677687194878, 7.69168489646714e-05, 0.395420971512614, 
        0.429121185187073, 0.617871660874707, 1, 0.617871660874707, 
        1, 0.125630526378257, 0.336138039700643, 0.336138039700643, 
        1, 1, 1, 0.00161174209289823, 0.0548721539589927, 1, 0.093463834419519, 
        1, 1, 1, 1, 1, 0.555394403907453, 1, 0.811217697850674, 0.811217697850674, 
        0.54079876565189, 1, 0.54079876565189, 0.54079876565189, 
        0.54079876565189, 1, 0.0473547126776175, 0.310675876110966, 
        0.516902474838167, 0.748355190973447, 1, 0.125630526378257, 
        0.125630526378257, 0.501029150966674, 1, 1, 1, 1, 0.54079876565189, 
        1, 0.125630526378257, 1, 0.462422832104379, 1, 0.54079876565189, 
        0.54079876565189, 0.54079876565189, 0.54079876565189, 1, 
        1, 0.0381406401116012, 0.093463834419519, 0.165815631361747, 
        0.093463834419519, 0.355231143552312, 0.00681874049892004, 
        0.670550111275359, 0.125630526378257, 0.0558786547955515, 
        0.753218650499521, 0.702762989283991, 0.355231143552312, 
        0.599452153945228, 0.012811707153452, 0.22894389182492, 0.000695142957347715, 
        3.00687853856106e-08, 1.36248893398922e-06, 1, 1, 0.54079876565189, 
        0.355231143552312, 0.355231143552312, 0.355231143552312, 
        0.165815631361747, 0.811217697850674, 1, 0.0518438015797886, 
        0.578047948797162, 0.54079876565189, 0.301852977377554, 0.0732850795122864, 
        0.191917265305332, 0.555394403907453, 0.555394403907453, 
        0.16755697828175, 0.555394403907453, 0.54079876565189, 0.54079876565189, 
        0.555394403907453, 0.130418688249425, 0.130418688249425, 
        1, 1, 1, 1, 1, 0.0234734420691518, 0.000737641904331372, 
        0.355231143552312, 0.617871660874707, 1, 1, 0.191917265305332, 
        0.659652277806096, 1, 0.0794930753166612, 0.0230608445002806, 
        1, 1, 0.54079876565189, 1, 1, 0.0155028033413698, 1, 0.125630526378257, 
        0.54079876565189, 0.0558786547955515, 1, 0.0155028033413698, 
        0.555394403907453, 0.555394403907453, 0.191917265305332, 
        0.191917265305332, 0.191917265305332, 0.352165714996432, 
        0.617871660874707, 1, 0.301852977377554, 0.54079876565189, 
        0.54079876565189, 0.0548721539589927, 0.0548721539589927, 
        0.413100908879459, 0.429121185187073, 0.0381406401116012, 
        0.702922122797452, 0.717477692784783, 0.54079876565189, 0.578047948797162, 
        1, 1, 0.327093182818221, 0.336138039700643, 1, 1, 0.395420971512614, 
        1, 0.286076272187034, 0.0916172044565255, 0.856578070248209, 
        0.555394403907453, 0.555394403907453, 1, 0.54079876565189, 
        0.0442317745683837, 1, 0.290276623406936, 0.54079876565189, 
        0.555394403907453, 0.555394403907453, 0.659652277806096, 
        0.659652277806096, 0.555394403907453, 0.555394403907453, 
        1, 0.125630526378257, 1, 0.910639390953734, 0.0970068879482673, 
        0.000129017227296488, 0.54079876565189, 0.54079876565189, 
        0.54079876565189, 0.54079876565189, 0.54079876565189, 0.125630526378257, 
        0.125630526378257, 1, 0.0165484268233701, 0.191917265305332, 
        1, 1, 1, 1, 0.19865469100415, 1, 0.748355190973447, 0.0029118221457412, 
        0.54079876565189, 0.0029118221457412, 1, 0.106012847121858, 
        0.555394403907453, 1, 0.54079876565189, 0.54079876565189, 
        0.54079876565189, 0.748355190973447, 0.726591315598177, 0.170680891621577, 
        1, 0.0165484268233701, 0.617871660874707, 0.355231143552312, 
        0.0542762013268697, 0.54079876565189, 0.54079876565189, 0.54079876565189, 
        0.22894389182492, 1, 0.520172753517217, 0.0379452805827734, 
        0.290276623406936, 0.54079876565189, 0.0155028033413698, 
        0.327093182818221, 0.717477692784783, 0.429121185187073, 
        1, 1, 1, 1, 1, 1, 1, 1, 0.726591315598177, 0.125014306225156, 
        0.336138039700643, 1, 1, 0.54079876565189, 0.555394403907453, 
        0.555394403907453, 0.659652277806096, 0.555394403907453, 
        1, 1, 0.00523627285567384, 0.0384534943137188, 1, 0.659652277806096, 
        1, 0.0138905820199028, 0.555394403907453, 0.555394403907453, 
        0.7128928444997, 1, 1, 0.355231143552312, 0.0673777912502113, 
        0.0297792545047478, 0.000966498425823975, 1, 0.555394403907453, 
        0.555394403907453, 1, 1, 0.54079876565189, 0.54079876565189, 
        0.286076272187034, 0.0730322682856565, 0.54079876565189, 
        0.54079876565189, 1, 1, 0.301852977377554, 0.54079876565189, 
        0.659652277806096, 0.659652277806096, 0.555394403907453, 
        0.170680891621577, 1, 1, 0.717477692784783, 0.717477692784783, 
        1, 1, 1, 1, 1), BH_P_VALUE_DIFF = c(NA, NA, 0.617162278584074, 
        0.617162278584074, NA, 5.76375444642996e-05, 4.65694760173108e-06, 
        NA, NA, 1.54015661894332e-06, NA, 0.898053266637242, 0.617162278584074, 
        NA, 0.366148673334328, 0.366148673334328, NA, NA, 0.0100072927998088, 
        NA, 1, 0.617162278584074, 0.366148673334328, 0.366148673334328, 
        NA, NA, 0.00855626241903122, NA, 0.749443900307097, 1, NA, 
        0.245718616081806, 0.924755861979347, NA, NA, NA, NA, 0.924755861979347, 
        NA, NA, NA, NA, NA, 0.402329606625371, NA, 0.940356586708946, 
        0.6014316118385, 0.366148673334328, NA, 0.624700140587843, 
        NA, 0.366148673334328, NA, NA, 0.940356586708946, 0.6014316118385, 
        1, 0.000457615110495917, 0.366148673334328, 0.617162278584074, 
        NA, 0.403974523102071, 0.403974523102071, 0.170610540946038, 
        1, 0.000119990144769212, 0.6014316118385, 0.000654094418105544, 
        1, 0.107317855688707, 0.00813289767776098, NA, 0.0103345955392742, 
        NA, NA, NA, NA, NA, 0.000408631228729115, 0.94674065483786, 
        NA, NA, 0.245718616081806, 0.924755861979347, NA, NA, 0.924755861979347, 
        0.924755861979347, NA, NA, NA, NA, 0.366148673334328, 1, 
        NA, 0.906008855765375, NA, 1, NA, NA, 0.359685849317025, 
        NA, 0.212671817557056, 0.366148673334328, 1, 0.951967500768217, 
        0.569220122953651, NA, NA, 0.0758414176379826, NA, 0.0204053901615347, 
        0.0139954504947993, NA, 0.212671817557056, 0.532413790103264, 
        NA, 0.532413790103264, NA, NA, NA, NA, NA, NA, NA, NA, NA, 
        NA, NA, 0.532413790103264, NA, 0.532413790103264, NA, NA, 
        0.997194286650401, NA, 0.245718616081806, 0.366148673334328, 
        0.245718616081806, 0.245718616081806, NA, 1, NA, 1, 0.712809198711935, 
        NA, 1, NA, NA, 0.79753838112877, NA, NA, NA, NA, NA, NA, 
        NA, NA, NA, NA, NA, NA, NA, NA, 1, NA, NA, NA, 1, 0.268236503581451, 
        NA, NA, 1, 1, 1, 1, NA, NA, NA, 0.652108852416482, 0.107317855688707, 
        0.000739771539293214, NA, NA, 1.34055319669765e-06, 1, 1, 
        1, 0.6014316118385, NA, 1, 1.05555070364233e-05, NA, 1, 0.906008855765375, 
        0.712809198711935, NA, 0.617162278584074, 1, 0.203158856102169, 
        0.927794449656232, 0.906008855765375, 0.516616800796268, 
        0.107317855688707, 1, 0.017002687051301, NA, NA, 0.437982862695599, 
        0.366148673334328, NA, NA, NA, NA, 0.36195867777299, 0.569220122953651, 
        0.617162278584074, 0.801339649943988, 0.00464292909839858, 
        1, 1, 0.712809198711935, 0.940356586708946, 0.617162278584074, 
        0.906008855765375, 0.906008855765375, NA, NA, NA, 0.437982862695599, 
        0.617162278584074, 0.366148673334328, NA, 1, 0.725802491108173, 
        NA, NA, NA, NA, NA, NA, NA, NA, NA, 0.6014316118385, 0.953466255065142, 
        1, 0.245718616081806, 0.245718616081806, 0.617162278584074, 
        0.927794449656232, 0.997820115951311, 0.997820115951311, 
        0.997820115951311, NA, 0.222986354728306, 0.105304890026962, 
        NA, 0.26556940246677, 0.472127046605127, NA, 0.437982862695599, 
        0.000974423358630843, 0.951967500768217, 0.759049200174962, 
        1, NA, 0.859112651108498, 0.366148673334328, 1, 1, 1, 0.906008855765375, 
        NA, NA, NA, NA, 0.107317855688707, 1, 1.25772462925137e-06, 
        NA, 0.79753838112877, 7.46156159165484e-07, 0.000529140540328767, 
        0.472127046605127, 0.0782994399236073, 0.000374054150124925, 
        0.0806063091941028, 0.133547994016861, 0.6014316118385, 0.6014316118385, 
        0.295564740193684, 0.569220122953651, NA, 7.46156159165484e-07, 
        NA, NA, NA, NA, 1, 0.617162278584074, NA, 0.00877442599550243, 
        0.617162278584074, 0.245718616081806, NA, NA, 0.940356586708946, 
        0.940356586708946, 0.906008855765375, NA, NA, NA, NA, 0.617162278584074, 
        NA, 1, 0.363979625789087, 1, 0.000448054508532671, 1, NA, 
        NA, 0.147618195547553, 1, 1, NA, 0.00877442599550243, NA, 
        1, NA, NA, NA, 0.617162278584074, NA, 0.617162278584074, 
        0.940356586708946, 1, NA, NA, 0.000276545013284455, 2.43970241506786e-05, 
        1, NA, NA, 0.975884041797612, NA, 0.00852740476303072, 0.00053996842231761, 
        0.366148673334328, NA, NA, NA, NA, 1, 1, 0.6014316118385, 
        0.6014316118385, 0.49569288329375, NA, 0.940356586708946, 
        0.506294831968612, 0.617162278584074, 0.245718616081806, 
        NA, 0.712809198711935, 0.532413790103264, 1, 0.017002687051301, 
        1.69950370308373e-05, 0.0108504008628101, 0.906008855765375, 
        NA, NA, 0.148882574836346, NA, 1, 0.472127046605127, 1, 0.951967500768217, 
        1, NA, NA, NA, 0.940356586708946, NA, NA, 0.940356586708946, 
        NA, 0.366148673334328, 0.366148673334328, 0.6014316118385, 
        0.643832113641255, 0.366148673334328, 0.450890313213443, 
        0.740686801030796, 1, 0.366148673334328, 0.6014316118385, 
        0.366148673334328, 0.579782224278733, 0.295564740193684, 
        1.69950370308373e-05, NA, 1, 0.225708426797524, NA, NA, 0.6014316118385, 
        0.157600914523419, NA, 1, 1, NA, NA, 0.906008855765375, 0.437982862695599, 
        1, 0.366148673334328, 0.617162278584074, 0.83273068113279, 
        0.133547994016861, 1, 0.147618195547553, 0.0578052536767089, 
        NA, NA, NA, NA, 1, 0.617162278584074, NA, 0.403974523102071, 
        1, 1, 0.403974523102071, 0.6014316118385, 1, 1, 1, 0.532413790103264, 
        1, 0.532413790103264, NA, 0.0167358801041642, 1, NA, NA, 
        NA, NA, NA, 0.927794449656232, 0.245718616081806, 0.000433676891435859, 
        NA, 0.924755861979347, NA, NA, 1, 0.940356586708946, NA, 
        0.268236503581451, 0.617162278584074, 0.188163123047677, 
        0.931953412742105, 0.759049200174962, 0.245718616081806, 
        0.652930681355857, NA, 0.593194877907451, 0.6014316118385, 
        0.924755861979347, NA, 0.924755861979347, 0.373248004979422, 
        0.366148673334328, 0.366148673334328, 0.00350009879400218, 
        0.245718616081806, 1, NA, NA, NA, 0.147618195547553, NA, 
        0.0273711281699673, 0.952725573507185, NA, 0.906008855765375, 
        0.906008855765375, 3.8596189237952e-05, 0.210668530197245, 
        0.0994856912002841, 3.8105036340583e-06, 0.952725573507185, 
        0.579782224278733, 1, 0.295564740193684, 1.69950370308373e-05, 
        0.245718616081806, 0.997820115951311, 1, 1, 0.940356586708946, 
        NA, NA, NA, NA, 1, 1, NA, 0.000385538370741064, 0.00855626241903122, 
        1, NA, 0.245718616081806, NA, NA, 0.245718616081806, 0.107317855688707, 
        NA, 1.69950370308373e-05, 0.617162278584074, NA, NA, 0.366148673334328, 
        0.366148673334328, NA, 0.366148673334328, 0.617162278584074, 
        1, NA, 0.281160596198312, 0.0108504008628101, NA, NA, NA, 
        NA, 1, 1, 1, NA, NA, 0.366148673334328, 0.366148673334328, 
        NA, 0.225708426797524, 0.617162278584074, 1, 0.924755861979347, 
        NA, 0.0578052536767089, 0.940356586708946, 0.569220122953651, 
        0.617162278584074, 0.151170825743243, NA, NA, NA, 0.924755861979347, 
        0.924755861979347, 1, NA, 0.0141811147992588, NA, 0.617162278584074, 
        0.89203511004167, 0.927794449656232, NA, NA, NA, 1, NA, NA, 
        NA, NA, 0.517073451777449, 0.532413790103264, 0.924755861979347, 
        0.49569288329375, NA, 0.940356586708946, 0.268236503581451, 
        NA, 0.712809198711935, 0.472127046605127, NA, NA, NA, 0.00941020315097022, 
        1, 0.6014316118385, NA, NA, NA, 0.402329606625371, NA, 0.940356586708946, 
        0.6014316118385, 0.906008855765375, 7.46156159165484e-07, 
        NA, NA, NA, NA, NA, 1, 0.177490507967874, NA, NA, 0.927794449656232, 
        0.153275402392704, 0.366148673334328, 0.12159176809344, NA, 
        0.940356586708946, 0.366148673334328, 0.617162278584074, 
        0.222986354728306, 0.210668530197245, 1, 1, 1, 1, NA, NA, 
        NA, NA, NA, 1, 0.0517768196672985, 0.940356586708946, 0.0151637362414603, 
        NA, NA, 0.472127046605127, 0.472127046605127, 0.148882574836346, 
        NA, NA, NA, NA, NA, NA, 0.864940445901572, NA, NA, 0.898053266637242, 
        0.105304890026962, 0.532413790103264, NA, NA, NA, NA, 0.147618195547553, 
        NA, NA, NA, NA, 1, NA, 0.951967500768217, 0.268236503581451, 
        0.819249151483024, NA, NA, 1, 0.997820115951311, NA, NA, 
        0.310536668148799, 0.403974523102071, NA, 0.617162278584074, 
        0.617162278584074, 0.617162278584074, 0.138089865587752, 
        NA, NA, NA, NA, NA, 0.363979625789087, 0.940356586708946, 
        NA, NA, NA, 0.617162278584074, 0.0473693741066991, NA, NA, 
        0.6014316118385, NA, NA, 0.749443900307097, NA, 0.36195867777299, 
        0.906008855765375, NA, NA, NA, 0.597937628896179, NA, NA, 
        NA, NA, NA, NA, NA, NA, 0.906008855765375, NA, NA, NA, NA, 
        NA, 0.617162278584074, NA, NA, NA, 0.245718616081806, 0.245718616081806, 
        NA, NA, NA, NA, NA, NA, NA, NA, 1.69950370308373e-05, NA, 
        NA, NA, NA, NA, NA, NA, NA, NA, NA, NA, NA, NA, NA, 1, 0.366148673334328, 
        NA, 0.126124901342054, NA, 0.924755861979347, NA, NA, NA, 
        NA, NA, 0.366148673334328, NA, 0.366148673334328, 5.76375444642996e-05, 
        1, 0.366148673334328, 0.0103345955392742, NA, 0.617162278584074, 
        NA, 0.885049675878525, NA, 0.366148673334328, 1, 0.906008855765375, 
        0.940356586708946, 0.366148673334328, 0.366148673334328, 
        1, 0.940356586708946, 0.00221024361096601, 0.281160596198312, 
        0.366148673334328, 0.0108504008628101, NA, NA, 1, NA, 0.712809198711935, 
        NA, NA, NA, 0.0103345955392742, 0.241392237196568, 0.597937628896179, 
        NA, NA, NA, NA, NA, 0.0657647563472291, NA, 0.0994856912002841, 
        0.402329606625371, NA, 0.940356586708946, 0.951967500768217, 
        NA, NA, NA, NA, 0.924755861979347, 0.517073451777449, NA, 
        NA, NA, NA, NA, 0.749443900307097, 0.366148673334328, NA, 
        0.673875815955657, 0.366148673334328, 1, 0.801339649943988, 
        1, NA, 1, NA, 1.69950370308373e-05, NA, 0.844532553743884, 
        0.216825015777253, NA, 0.940356586708946, 1, 0.925326834453915, 
        NA, NA, 0.569220122953651, 0.569220122953651, 0.617162278584074, 
        0.682417851268924, 0.366148673334328, 0.656996098686898, 
        0.00046941322643713, 0.6014316118385, 2.43970241506786e-05, 
        0.366148673334328, 0.297614240127718, NA, 0.516616800796268, 
        0.210668530197245, 0.617162278584074, NA, 1, 0.366148673334328, 
        1, 0.749443900307097, 0.262021383199073, 0.381307055272631, 
        0.472127046605127, 1, NA, 0.0103345955392742, NA, NA, NA, 
        NA, NA, 0.0103345955392742, NA, NA, 1, NA, NA, NA, NA, 1, 
        NA, 0.747096386603802, 0.366148673334328, NA, NA, NA, NA, 
        0.617162278584074, 0.366148673334328, 0.366148673334328, 
        1, NA, 0.951967500768217, NA, NA, 0.924755861979347, NA, 
        0.10627424105098, 0.706893087275403, 0.0920622920659046, 
        0.437982862695599, 0.617162278584074, 0.790273148538409, 
        0.579782224278733, NA, NA, 1, NA, 0.379640457722179, 0.298780015873156, 
        NA, 1, NA, NA, 1, NA, 0.366148673334328, 0.6014316118385, 
        NA, 0.000850818851599191, NA, NA, 1, 7.53371134267893e-07, 
        0.366148673334328, NA, 0.0169454734552159, NA, NA, 0.295564740193684, 
        NA, NA, 1, 0.403974523102071, 0.940356586708946, NA, 1.69950370308373e-05, 
        0.000433676891435859, 0.951967500768217, 0.940356586708946, 
        NA, NA, NA, 0.00079848731804459, 0.0373700270774642, 0.416226250951227, 
        NA, NA, 0.366148673334328, 0.366148673334328, NA, NA, NA, 
        1, 1, 0.366148673334328, 0.00162127054663109, 0.366148673334328, 
        NA, NA, NA, NA, NA, NA, 1, NA, NA, NA, NA, NA, NA, NA, 0.617162278584074, 
        0.366148673334328, NA, NA, NA, 0.940356586708946, NA, NA, 
        NA, NA, NA, NA, NA, NA, NA, NA, NA, NA, NA, 0.617162278584074, 
        NA, NA, NA, NA, NA, NA, NA, NA, 0.617162278584074, NA, NA, 
        0.310536668148799, NA, NA, 1, 0.924755861979347, 0.366148673334328, 
        0.147618195547553, NA, NA, NA, 1, NA, NA, 1, 0.295564740193684, 
        0.333973620482686, 0.6014316118385, 0.79753838112877, 0.930517014195958, 
        1, 0.000654094418105544, NA, NA, NA, 0.942470697816895, 0.000807184978909463, 
        0.000177207507641471, 1, 1, NA, NA, 0.569220122953651, 0.366148673334328, 
        0.617162278584074, 9.91925299342724e-05, 0.366148673334328, 
        1, NA, 1, 0.0337742221981491, NA, 0.366148673334328, 0.617162278584074, 
        0.225708426797524, 0.366148673334328, 0.617162278584074, 
        0.6014316118385, 1, 0.00046174834162974, 0.617162278584074, 
        0.00855626241903122, 0.000433676891435859, 0.940356586708946, 
        0.107317855688707, 0.403974523102071, 0.617162278584074, 
        NA, NA, 0.6014316118385, 0.366148673334328, NA, NA, NA, NA, 
        0.216825015777253, 0.403974523102071, 0.437982862695599, 
        NA, NA, 0.617162278584074, 0.617162278584074, 0.906008855765375, 
        0.225708426797524, 0.617162278584074, 0.366148673334328, 
        0.148882574836346, NA, 0.472127046605127, 0.864980183288401, 
        1, NA, 2.12564193485373e-05, 1, 0.997820115951311, NA, 0.940356586708946, 
        0.245718616081806, NA, 0.107317855688707, 1.67534503930428e-05, 
        0.00761990433819096, 0.245718616081806, 0.245718616081806, 
        0.6014316118385, 0.924755861979347, 0.0222124051279448, NA, 
        0.0204053901615347, NA, 0.210668530197245, 0.924755861979347, 
        1, 0.258091088998606, NA, 0.138798884856001, 4.00699098537474e-05, 
        NA, 0.6014316118385, 0.74784957099013, 0.549428661842671, 
        0.617162278584074, 0.617162278584074, NA, NA, NA, 0.571572248126059, 
        0.838843654104154, 0.898053266637242, NA, NA, 1, 0.975884041797612, 
        0.975884041797612, 0.310536668148799, 0.617162278584074, 
        1, 0.927794449656232, NA, 1, 0.330512566047678, 0.749443900307097, 
        0.231845003801051, 0.532413790103264, 0.924755861979347, 
        0.617162278584074, 1, 0.617162278584074, 0.366148673334328, 
        NA, 0.940356586708946, 0.953466255065142, NA, 0.403974523102071, 
        0.697944386334406, 0.245718616081806, 0.198902894973025, 
        0.712809198711935, 0.378469554147721, 0.295564740193684, 
        NA, 0.0780761032491829, 0.437982862695599, NA, NA, NA, 0.288007809038695, 
        NA, 0.0161061588497506, 0.617162278584074, 0.617162278584074, 
        0.0782994399236073, NA, 0.000408835734182994, 1, NA, NA, 
        NA, 0.569220122953651, NA, 0.924755861979347, NA, NA, NA, 
        NA, 0.00787433836793139, 0.210098460353192, 1, 1, 0.366148673334328, 
        NA, 1, 1, 0.83273068113279, 0.569220122953651, 1, 0.617162278584074, 
        0.927794449656232, NA, NA, 0.617162278584074, 0.403974523102071, 
        NA, 0.997820115951311, 0.997820115951311, 0.997820115951311, 
        0.652108852416482, 0.617162278584074, NA, NA, 0.749443900307097, 
        0.885049675878525, NA, NA, 0.924755861979347, 0.838843654104154, 
        0.952725573507185, 0.671610287234712, NA, 0.532413790103264, 
        0.617162278584074, 0.617162278584074, NA, 1, 1, NA, 0.0438268966288533, 
        NA, NA, 0.906008855765375, 0.366148673334328, 0.366148673334328, 
        0.958796144727715, NA, 1, NA, 1, NA, NA, NA, 0.366148673334328, 
        0.225708426797524, NA, NA, NA, NA, 1, NA, 0.906008855765375, 
        NA, NA, NA, 0.864980183288401, 0.0945777597712002, 0.803667477041226, 
        1, 0.210668530197245, 0.864940445901572, 1, 0.366148673334328, 
        0.366148673334328, 0.940356586708946, NA, NA, NA, NA, NA, 
        0.617162278584074, NA, NA, 1, 0.617162278584074, 0.940356586708946, 
        0.940356586708946, NA, NA, 0.617162278584074, NA, 0.617162278584074, 
        NA, NA, 0.403974523102071, NA, 0.617162278584074, NA, 0.617162278584074, 
        NA, NA, NA, 0.245718616081806, NA, 0.731112085642641, 0.757032124834372, 
        0.757032124834372, 1, 1, 0.79753838112877, 0.940356586708946, 
        0.602075272380393, NA, NA, NA, NA, NA, NA, NA, NA, 0.245718616081806, 
        1, 0.940356586708946, NA, NA, 0.6014316118385, 0.366148673334328, 
        0.617162278584074, NA, 0.927794449656232, 9.5177434560739e-05, 
        0.997820115951311, 0.749443900307097, 0.569220122953651, 
        0.366148673334328, 0.617162278584074, 0.00129597634198965, 
        0.673875815955657, 0.712809198711935, 0.906008855765375, 
        1, 0.906008855765375, 1, 0.366148673334328, 0.617162278584074, 
        0.617162278584074, 1, 1, NA, 0.0167358801041642, NA, NA, 
        NA, NA, NA, NA, NA, NA, NA, NA, 0.997820115951311, 0.997820115951311, 
        NA, NA, NA, NA, NA, NA, 0.238913889384816, 0.617162278584074, 
        0.816980371735368, 0.951967500768217, NA, 0.366148673334328, 
        0.366148673334328, 0.79753838112877, NA, NA, 1, NA, NA, NA, 
        0.366148673334328, NA, 0.749443900307097, NA, NA, NA, NA, 
        NA, NA, NA, 0.210668530197245, NA, NA, NA, 0.617162278584074, 
        0.0585493775532269, 0.927794449656232, 0.366148673334328, 
        0.245718616081806, 0.952725573507185, 0.940356586708946, 
        0.617162278584074, 0.906008855765375, 0.0994856912002841, 
        0.532413790103264, 0.00912886266046337, 3.35642816866879e-06, 
        4.8668104722095e-05, NA, NA, NA, 0.617162278584074, 0.617162278584074, 
        0.617162278584074, NA, 0.997820115951311, 1, 0.245718616081806, 
        0.888462682058289, NA, NA, 0.295564740193684, 0.472127046605127, 
        NA, NA, 0.437982862695599, NA, NA, NA, NA, 0.366148673334328, 
        0.366148673334328, 1, 1, 1, 1, 1, 0.147618195547553, 0.00941020315097022, 
        0.617162278584074, 0.906008855765375, NA, NA, 0.472127046605127, 
        0.924755861979347, NA, 0.310536668148799, 0.147618195547553, 
        NA, NA, NA, NA, NA, 0.107317855688707, 1, 0.366148673334328, 
        NA, 0.245718616081806, NA, 0.107317855688707, NA, NA, 0.472127046605127, 
        0.472127046605127, 0.472127046605127, 0.617162278584074, 
        0.906008855765375, NA, NA, NA, NA, NA, NA, 0.699998314287204, 
        0.712809198711935, 0.210668530197245, 0.940356586708946, 
        0.940356586708946, NA, 0.888462682058289, 1, 1, 0.617162278584074, 
        0.617162278584074, NA, NA, 0.673875815955657, 1, 0.6014316118385, 
        0.352647256808954, 1, NA, NA, 1, NA, 0.225708426797524, NA, 
        0.6014316118385, NA, NA, NA, 0.924755861979347, 0.924755861979347, 
        NA, NA, 1, 0.366148673334328, NA, 1, 0.363979625789087, 0.00209477061774116, 
        NA, NA, NA, NA, NA, 0.366148673334328, 0.366148673334328, 
        NA, NA, 0.472127046605127, NA, NA, NA, NA, 0.487358898534907, 
        NA, 0.951967500768217, 0.0273711281699673, NA, 0.0273711281699673, 
        NA, 0.366148673334328, NA, NA, NA, NA, NA, 0.951967500768217, 
        0.940356586708946, 0.437982862695599, NA, NA, 0.906008855765375, 
        0.617162278584074, NA, NA, NA, NA, 0.532413790103264, NA, 
        0.819249151483024, 0.210668530197245, 0.6014316118385, NA, 
        0.107317855688707, 0.617162278584074, 0.940356586708946, 
        0.712809198711935, NA, NA, NA, 1, NA, NA, NA, 1, 0.940356586708946, 
        0.366148673334328, 0.617162278584074, NA, NA, NA, NA, NA, 
        0.924755861979347, NA, NA, NA, 0.0472322389910782, 0.210668530197245, 
        1, 0.924755861979347, NA, 0.105304890026962, NA, NA, 0.940356586708946, 
        NA, 1, 0.617162278584074, 0.281160596198312, NA, 0.0108504008628101, 
        NA, NA, NA, NA, NA, NA, NA, 0.6014316118385, 0.295564740193684, 
        NA, NA, NA, NA, NA, NA, 0.924755861979347, 0.924755861979347, 
        NA, 0.437982862695599, NA, NA, 0.940356586708946, 0.940356586708946, 
        NA, NA, 1, 1, NA), ORA_SCORE_DIFF = c(0, 0, 0, 0, 0, 15.3047328108335, 
        27.7476154330493, 0, 0, 23.3677761528264, 0, 0, 0, 0, 0, 
        0, 0, 0, 4.91330187980927, 0, 0, 0, 0, 0, 0, 0, 0, 0, 0, 
        0, 0, 0, 0, 0, 0, 0, 0, 0, 0, 0, 0, 0, 0, 0, 0, 0, 0, 0, 
        0, 0, 0, 0, 0, 0, 0, 0, 0, 9.56122775943198, 0, 0, 0, 0, 
        0, 0, 0, 0, 0, 0, 0, 0, 0, 0, 0, 0, 0, 0, 0, 0, 0, 0, 0, 
        0, 0, 0, 0, 0, 0, 0, 0, 0, 0, 0, 0, 0, 0, 0, 0, 0, 0, 0, 
        0, 0, 0, 0, 0, 0, 0, 0, 0, 0, 0, 0, 0, 0, 0, 0, 0, 0, 0, 
        0, 0, 0, 0, 0, 0, 0, 0, 0, 0, 0, 0, 0, 0, 0, 0, 0, 0, 0, 
        0, 0, 0, 0, 0, 0, 0, 0, 0, 0, 0, 0, 0, 0, 0, 0, 0, 0, 0, 
        0, 0, 0, 0, 0, 0, 0, 0, 0, 0, 0, 0, 0, 0, 0, 0, 0, 0, 0, 
        0, 0, 0, 0, 0, 4.07210656348225, 0, 0, 13.4638019281826, 
        0, 0, 0, 0, 0, 0, 21.342838496431, 0, 0, 0, 0, 0, 0, 0, 0, 
        0, 0, 0, 0, 0, 0, 0, 0, 0, 0, 0, 0, 0, 0, 0, 0, 0, 0, 0, 
        0, 0, 0, 0, 0, 0, 0, 0, 0, 0, 0, 0, 0, 0, 0, 0, 0, 0, 0, 
        0, 0, 0, 0, 0, 0, 0, 0, 0, 0, 0, 0, 0, 0, 0, 0, 0, 0, 0, 
        0, 0, 0, 0, 0, 3.83392344441594, 0, 0, 0, 0, 0, 0, 0, 0, 
        0, 0, 0, 0, 0, 0, 0, 0, 11.3672055241948, 0, 0, 20.2438933692355, 
        Inf, 0, 0, 4.50940796741519, 0, 0, 0, 0, 0, 0, 0, 20.8980976826807, 
        0, 0, 0, 0, 0, 0, 0, Inf, 0, 0, 0, 0, 0, 0, 0, 0, 0, 0, 0, 
        0, 0, 0, 0, 0, 4.36225592401877, 0, 0, 0, 0, 0, 0, 0, 3.08521467227266, 
        0, 0, 0, 0, 0, 0, 0, 0, 0, 0, 0, 0, 0, 0, 0, 0, 0, 0, 0, 
        0, 6.15032930859304, 0, 0, 0, 0, 0, 0, 0, 0, 0, 0, 0, 0, 
        0, 0, 0, 0, 0, 0, 0, 0, 0, 0, 0, 0, 0, 0, 0, 0, 0, 0, 0, 
        0, 0, 0, 0, 0, 0, 0, 0, 0, 0, 0, 0, 0, 0, 0, 0, 0, 0, 0, 
        0, 0, 0, 0, 0, 0, 0, 0, 0, 0, 0, 0, 0, 0, 0, 0, 0, 0, 0, 
        0, 0, 0, 0, 0, 0, 0, 0, 0, 0, 0, 0, 0, 0, 0, 0, 0, 0, 0, 
        0, 0, 0, 0, 0, 0, 0, 1.69989776101228, 0, 0, 0, 0, 0, 0, 
        0, 0, 4.52083806530422, 0, 0, 0, 0, 0, 0, 0, 0, 0, 0, 0, 
        0, 0, 0, 0, 0, 0, 0, 0, 0, 0, 0, 0, Inf, 0, 0, 0, 0, 0, 0, 
        0, 0, 0, 0, 0, 0, 8.17928263482634, 0, 0, 9.83025093181597, 
        0, 0, 0, 0, 0, 0, 0, 0, 0, 0, 0, 0, 0, 0, 0, 0, 0, 5.14523644917079, 
        2.38197701995369, 0, 0, 0, 0, 0, 0, 0, 0, 8.63403378838334, 
        0, 0, 0, 0, 0, 0, 0, 0, 0, 0, 0, 2.24719422977039, 0, 0, 
        0, 0, 0, 0, 0, 0, 0, 0, 0, 0, 0, 0, 0, 0, 0, 0, 0, 0, 0, 
        0, 0, 0, 0, 0, 0, 0, 0, 0, 0, 0, 0, 0, 0, 0, 0, 0, 0, 0, 
        0, 0, 0, 0, 0, 0, 0, 0, 0, 0, 0, 0, 0, 0, 0, 4.0420227861774, 
        0, 0, 0, 0, 0, 0, 0, 0, 0, 0, 19.3886654739252, 0, 0, 0, 
        0, 0, 0, 0, 0, 0, 0, 0, 0, 0, 0, 0, 0, 0, 0, 0, 0, 0, 0, 
        0, 0, 0, 0, 0, 0, 0, 0, 0, 1.75269002624304, 0, 0, 0, 0, 
        0, 0, 0, 0, 0, 0, 0, 0, 0, 0, 0, 0, 0, 0, 0, 0, 0, 0, 0, 
        0, 0, 0, 0, 0, 0, 0, 0, 0, 0, 0, 0, 0, 0, 0, 0, 0, 0, 0, 
        0, 0, 0, 0, 0, 0, 0, 0, 0, 0, 0, 0, 0, 0, 0, 0, 0, 0, 0, 
        0, 0, 0, 0, 0, 0, 0, 0, 0, 0, 0, 0, 0, 0, 0, 0, 0, 0, 0, 
        0, 0, 0, 0, 0, 0, 0, 0, 0, 0, 0, 0, 0, 0, 0, 0, 0, Inf, 0, 
        0, 0, 0, 0, 0, 0, 0, 0, 0, 0, 0, 0, 0, 0, 0, 0, 0, 0, 0, 
        0, 0, 0, 0, 0, 0, 0, 0, 15.3047328108335, 0, 0, 0, 0, 0, 
        0, 0, 0, 0, 0, 0, 0, 0, 0, 0, 0, 3.11551754943481, 0, 0, 
        2.24719422977039, 0, 0, 0, 0, 0, 0, 0, 0, 0, 0, 0, 0, 0, 
        0, 0, 0, 0, 0, 0, 0, 0, 0, 0, 0, 0, 0, 0, 0, 0, 0, 0, 0, 
        0, 0, 0, 0, 0, 0, 0, 0, 0, 0, 0, 0, 0, 8.63403378838334, 
        0, 0, 0, 0, 0, 0, 0, 0, 0, 0, 0, 0, 0, 0, 0, 4.33404343711846, 
        0, 0, 0, 0, 0, 0, 0, 0, 0, 0, 0, 0, 0, 0, 0, 0, 0, 0, 0, 
        0, 0, 0, 0, 0, 0, 0, 0, 0, 0, 0, 0, 0, 0, 0, 0, 0, 0, 0, 
        0, 0, 0, 0, 0, 0, 0, 0, 0, 0, 0, 0, 0, 0, 0, 0, 0, 0, 0, 
        0, 0, 0, 0, 0, 0, 0, 0, 0, 0, 0, 0, 0, 0, 0, 0, 0, 0, 0, 
        11.860314411275, 0, 0, 0, 0, 0, 0, 0, 0, 0, 0, 0, 0, 8.63403378838334, 
        0, 0, 0, 0, 0, 0, 4.4089135112683, 2.57349253601941, 0, 0, 
        0, 0, 0, 0, 0, 0, 0, 0, 0, 4.400342627026, 0, 0, 0, 0, 0, 
        0, 0, 0, 0, 0, 0, 0, 0, 0, 0, 0, 0, 0, 0, 0, 0, 0, 0, 0, 
        0, 0, 0, 0, 0, 0, 0, 0, 0, 0, 0, 0, 0, 0, 0, 0, 0, 0, 0, 
        0, 0, 0, 0, 0, 0, 0, 0, 0, 0, 0, 0, 0, 0, 0, 0, 0, 0, 0, 
        0, 0, 0, 0, 0, 0, 0, 0, 0, 0, 0, 0, 0, 0, 0, 0, 0, 0, 11.1204175787348, 
        0, 0, 0, 0, 5.48048658003726, 0, 0, 0, 0, 0, 0, 0, 0, 4.46949722407201, 
        0, 2.38197701995369, 4.52083806530422, 0, 0, 0, 0, 0, 0, 
        0, 0, 0, 0, 0, 0, 0, 0, 0, 0, 0, 0, 0, 0, 0, 0, 0, 0, 0, 
        0, 0, 0, 0, 7.15984569128384, 0, 0, 0, 0, 0, 0, 0, 9.68783076027521, 
        4.26074337493335, 0, 0, 0, 0, 0, 0, 0, 0, 0, 0, 0, 0, 0, 
        0, 7.77003866098543, 0, 0, 0, 0, 0, 0, 0, 0, 0, 0, 0, 0, 
        0, 0, 0, 0, 0, 0, 0, 0, 0, 0, 0, 0, 0, 0, 0, 0, 0, 0, 0, 
        0, 0, 0, 0, 0, 0, 0, 0, 0, 0, 0, 0, 0, 0, 0, 0, 0, 0, 0, 
        0, 1.98586866006216, 0, 0, 0, 0, 10.4921145686628, 0, 0, 
        0, 0, 0, 0, 0, 0, 0, 0, 0, 0, 0, 0, 0, 0, 0, 0, 0, 0, 0, 
        0, 0, 0, 0, 0, 0, 0, 0, 0, 0, 0, 0, 0, 0, 0, 0, 0, 0, 0, 
        0, 0, 0, 0, 0, 0, 0, 0, 0, 0, 0, 0, 0, 0, 0, 0, 0, 0, 0, 
        0, 0, 0, 0, 0, 0, 0, 0, 0, 0, 0, 0, 0, 0, 0, 0, 0, 0, 0, 
        0, 0, 0, 0, 0, 0, 0, 0, 0, 0, 0, 0, 0, 0, 0, 0, 0, 0, 0, 
        0, 0, 0, 0, 0, 0, 0, 0, 0, 0, 0, 0, 0, 0, 0, 0, 0, 0, 0, 
        0, 0, 0, 0, 0, 0, 0, 0, 0, 0, 0, 0, 0, 0, 0, 0, 0, 0, 0, 
        0, 0, 0, 0, 0, 0, 0, 0, Inf, 0, 0, 0, 0, 0, 3.44774535023836, 
        0, 0, 0, 0, 0, 0, 0, 0, 0, 0, 0, 0, 1.69989776101228, 0, 
        0, 0, 0, 0, 0, 0, 0, 0, 0, 0, 0, 0, 0, 0, 0, 0, 0, 0, 0, 
        0, 0, 0, 0, 0, 0, 0, 0, 0, 0, 0, 0, 0, 0, 0, 0, 0, 0, 0, 
        0, 0, 0, 0, 0, 0, 0, 0, 0, 0, 0, 0, 0, 0, 0, 0, 0, 0, 0, 
        12.951607222313, 8.73740640585789, 0, 0, 0, 0, 0, 0, 0, 0, 
        0, 0, 0, 0, 0, 0, 0, 0, 0, 0, 0, 0, 0, 0, 0, 0, 0, 0, 0, 
        0, 0, 0, 4.0420227861774, 0, 0, 0, 0, 0, 0, 0, 0, 0, 0, 0, 
        0, 0, 0, 0, 0, 0, 0, 0, 0, 0, 0, 0, 0, 0, 0, 0, 0, 0, 0, 
        0, 0, 0, 0, 0, 0, 0, 0, 0, 0, 0, 0, 0, 0, 0, 0, 0, 0, 0, 
        0, 0, 0, 0, 0, 0, 0, 0, 0, 0, 0, 0, 0, 0, 0, 0, 0, 0, 0, 
        0, 0, 0, 0, 0, 0, 0, 0, 0, 0, 0, 0, 0, 0, 0, 0, 0, 0, 0, 
        0, 0, 0, 0, 0, 0, 0, 0, 0, 0, 0, 0, 0, 0, 0, 0, 0, 0, 0, 
        0, 0, 0, 0, 0, 0, 0, 0, 0, 0, 0, 0, 0, 0, 0, 0, 0, 0, 0, 
        0, 0, 0, 0, 0, 0, 0, 0, 0, 0, 0, 0, 0, 0, 0, 2.74643176231461, 
        0, 0, 0, 0, 0, 0, 0, 0, 0, 0, 0, 0, 0, 2.24719422977039, 
        0, 0, 0, 0, 0, 0, 0, 0, 0, 0, 0, 0, 0, 0, 0, 0, 0, 0, 0, 
        0, 0, 0, 0, 0, 0, 0, 0, 0)), KEGG_PWS = list(VALUE = c("PPAR signaling pathway", 
        "MAPK signaling pathway", "Rap1 signaling pathway", "Cytokine-cytokine receptor interaction", 
        "Viral protein interaction with cytokine and cytokine receptor", 
        "Chemokine signaling pathway", "NF-kappa B signaling pathway", 
        "Lysosome", "Phagosome", "PI3K-Akt signaling pathway", "Notch signaling pathway", 
        "Axon guidance", "Osteoclast differentiation", "Hippo signaling pathway", 
        "Focal adhesion", "ECM-receptor interaction", "Cell adhesion molecules", 
        "Complement and coagulation cascades", "Antigen processing and presentation", 
        "Neutrophil extracellular trap formation", "Toll-like receptor signaling pathway", 
        "JAK-STAT signaling pathway", "Hematopoietic cell lineage", 
        "Natural killer cell mediated cytotoxicity", "Th1 and Th2 cell differentiation", 
        "Th17 cell differentiation", "Leukocyte transendothelial migration", 
        "Intestinal immune network for IgA production", "Inflammatory mediator regulation of TRP channels", 
        "Regulation of actin cytoskeleton", "Alcoholic liver disease", 
        "Cholesterol metabolism", "Alzheimer disease", "Bacterial invasion of epithelial cells", 
        "Pathogenic Escherichia coli infection", "Shigellosis", "Salmonella infection", 
        "Pertussis", "Legionellosis", "Yersinia infection", "Leishmaniasis", 
        "Malaria", "Toxoplasmosis", "Amoebiasis", "Staphylococcus aureus infection", 
        "Tuberculosis", "Human cytomegalovirus infection", "Human papillomavirus infection", 
        "Human T-cell leukemia virus 1 infection", "Herpes simplex virus 1 infection", 
        "Epstein-Barr virus infection", "Human immunodeficiency virus 1 infection", 
        "Coronavirus disease - COVID-19", "Pathways in cancer", "Proteoglycans in cancer", 
        "MicroRNAs in cancer", "Small cell lung cancer", "Rheumatoid arthritis", 
        "Hypertrophic cardiomyopathy", "Dilated cardiomyopathy", 
        "Diabetic cardiomyopathy", "Viral myocarditis", "Lipid and atherosclerosis", 
        "Fluid shear stress and atherosclerosis"), VALUE_BIS = c("path:hsa03320", 
        "path:hsa04010", "path:hsa04015", "path:hsa04060", "path:hsa04061", 
        "path:hsa04062", "path:hsa04064", "path:hsa04142", "path:hsa04145", 
        "path:hsa04151", "path:hsa04330", "path:hsa04360", "path:hsa04380", 
        "path:hsa04390", "path:hsa04510", "path:hsa04512", "path:hsa04514", 
        "path:hsa04610", "path:hsa04612", "path:hsa04613", "path:hsa04620", 
        "path:hsa04630", "path:hsa04640", "path:hsa04650", "path:hsa04658", 
        "path:hsa04659", "path:hsa04670", "path:hsa04672", "path:hsa04750", 
        "path:hsa04810", "path:hsa04936", "path:hsa04979", "path:hsa05010", 
        "path:hsa05100", "path:hsa05130", "path:hsa05131", "path:hsa05132", 
        "path:hsa05133", "path:hsa05134", "path:hsa05135", "path:hsa05140", 
        "path:hsa05144", "path:hsa05145", "path:hsa05146", "path:hsa05150", 
        "path:hsa05152", "path:hsa05163", "path:hsa05165", "path:hsa05166", 
        "path:hsa05168", "path:hsa05169", "path:hsa05170", "path:hsa05171", 
        "path:hsa05200", "path:hsa05205", "path:hsa05206", "path:hsa05222", 
        "path:hsa05323", "path:hsa05410", "path:hsa05414", "path:hsa05415", 
        "path:hsa05416", "path:hsa05417", "path:hsa05418"), OR_UP = c(4.3575707589383, 
        0, 0.537533686986508, 0.812289683031687, 1.64906118857574, 
        1.89088837661201, 0, 0, 1.02562205391234, 16.1071330533637, 
        0, Inf, 0, 0, 16.1071330533637, 11.5875899322778, 0.0731778066115432, 
        0, 0, 0, 0.190773205566082, 0, 0, 0, 0, 0, 0, 0, 0, 25.1698710336148, 
        0, 0.428639610394131, 0.718871014383098, Inf, 0, 0, 0, 0, 
        0, Inf, 0, 1.71553734213651, 0, 0, 0, 0.160257245506889, 
        1.86505634668913, 11.9993719476622, 0, 0, 0, 0, 0, 9.27900479551287, 
        5.02230097093616, 4.3575707589383, Inf, 0, 0, 0, 2.18441873107255, 
        0, 1.08311702258405, 0.924809658805836), P_VALUE_UP = c(0.236267130040529, 
        1, 1, 0.684786722269975, 0.386389020735293, 0.362222907904143, 
        0.0603423971890772, 1, 1, 2.46614396168408e-13, 1, 0.316301703163017, 
        1, 1, 2.46614396168408e-13, 6.50662008001234e-16, 0.000468164299199538, 
        0.331743576640664, 0.0198886848426379, 0.183039203099838, 
        0.113850074550684, 1, 0.00384991420995166, 0.10310876381898, 
        0.0626533388351503, 0.0346537596104178, 0.10310876381898, 
        0.312519541351439, 1, 4.26014154239001e-09, 0.183039203099838, 
        0.669624312718102, 1, 7.84878131622582e-06, 1, 0.0198886848426379, 
        0.0603423971890772, 0.0198886848426379, 0.10310876381898, 
        7.84878131622582e-06, 0.554774560113313, 0.248690422052408, 
        1, 0.0346537596104178, 0.331743576640664, 0.0742706945393846, 
        0.162312723044049, 4.25354588103241e-12, 0.00384991420995166, 
        1, 1, 1, 1, 1.58581859903247e-07, 2.16637619924078e-08, 0.236267130040529, 
        4.26675875139062e-10, 0.312519541351439, 1, 1, 0.385859768913185, 
        0.554774560113313, 1, 1), BH_P_VALUE_UP = c(0.409607753968672, 
        NA, 1, 0.833653401024318, 0.515185360980391, 0.515185360980391, 
        NA, NA, 1, 2.30173436423848e-12, NA, 0.492024871586915, NA, 
        NA, 2.30173436423848e-12, 1.82185362240345e-14, 0.00119169094341701, 
        NA, NA, NA, 0.245215545186089, NA, NA, NA, NA, NA, NA, NA, 
        NA, 1.98806605311534e-08, NA, 0.833653401024318, 1, 2.19765876854323e-05, 
        NA, NA, NA, NA, NA, 2.19765876854323e-05, NA, 0.409607753968672, 
        NA, NA, NA, 0.173298287258564, 0.324625446088098, 2.97748211672269e-11, 
        NA, NA, NA, NA, NA, 5.55036509661364e-07, 8.6655047969631e-08, 
        0.409607753968672, 2.38938490077875e-09, NA, NA, NA, 0.515185360980391, 
        NA, 1, 1), ORA_SCORE_UP = c(0, 0, 0, 0, 0, 0, 0, 0, 0, 46.6638272669818, 
        0, 0, 0, 0, 46.6638272669818, 48.5623336841499, 0, 0, 0, 
        0, 0, 0, 0, 0, 0, 0, 0, 0, 0, 35.8402220032304, 0, 0, 0, 
        Inf, 0, 0, 0, 0, 0, Inf, 0, 0, 0, 0, 0, 0, 0, 37.7350612098154, 
        0, 0, 0, 0, 0, 20.1055633621846, 16.4432769677648, 0, Inf, 
        0, 0, 0, 0, 0, 0, 0), OR_DOWN = c(0, 0, 0, 1.94301930284617, 
        0, 0, 3.67374166190224, 0, 0, 0, 0, 0, 0, 0, 0, 0, 13.6280637714478, 
        0, 44.8321238343647, 5.15595273840961, 0, 0, 25.0154569641461, 
        0, 74.2106052630685, 55.9050238126255, 0, 27.184852660897, 
        0, 0, 0, 0, 0, 0, 0, 0, 0, 0, 0, 0, 0, 0, 0, 0, 6.44714415850362, 
        0, 0, 0, 25.0154569641461, 0, 0, 0, 0, 0, 0, 0, 0, 8.58993785420521, 
        0, 0, 0, 0, 0, 0), P_VALUE_DOWN = c(1, 1, 1, 0.31357274418644, 
        1, 1, 0.27418047741643, 1, 0.614856595440558, 0.384667838817097, 
        1, 1, 1, 1, 0.384667838817097, 0.143965632923821, 2.38031532587729e-05, 
        1, 5.14941613566787e-07, 0.213164933313521, 1, 1, 5.11612608875828e-06, 
        1, 9.77435030664186e-08, 2.39160614064431e-07, 1, 0.00816013293662443, 
        1, 1, 1, 1, 1, 1, 1, 1, 1, 1, 1, 1, 1, 1, 1, 1, 0.180884520321255, 
        1, 1, 0.38983369461131, 5.11612608875828e-06, 1, 1, 1, 1, 
        0.614856595440558, 0.144767478074833, 1, 1, 0.14736572831394, 
        1, 1, 1, 1, 1, 1), BH_P_VALUE_DOWN = c(NA, NA, NA, 0.31357274418644, 
        NA, NA, 0.299105975363378, NA, NA, NA, NA, NA, NA, NA, NA, 
        NA, 4.76063065175458e-05, NA, 2.05976645426715e-06, 0.255797919976225, 
        NA, NA, 1.22787026130199e-05, NA, 1.17292203679702e-06, 1.43496368438659e-06, 
        NA, 0.0139887993199276, NA, NA, NA, NA, NA, NA, NA, NA, NA, 
        NA, NA, NA, NA, NA, NA, NA, 0.24117936042834, NA, NA, NA, 
        1.22787026130199e-05, NA, NA, NA, NA, NA, NA, NA, NA, 0.22104859247091, 
        NA, NA, NA, NA, NA, NA), ORA_SCORE_DOWN = c(0, 0, 0, 0, 0, 
        0, 0, 0, 0, 0, 0, 0, 0, 0, 0, 0, 16.2887589725114, 0, 31.197015550002, 
        0, 0, 0, 22.8096487087927, 0, 36.8509132701857, 33.9189894297715, 
        0, 8.83485761110967, 0, 0, 0, 0, 0, 0, 0, 0, 0, 0, 0, 0, 
        0, 0, 0, 0, 0, 0, 0, 0, 22.8096487087927, 0, 0, 0, 0, 0, 
        0, 0, 0, 0, 0, 0, 0, 0, 0, 0), OR_FLAT = c(0.368975159021719, 
        Inf, 2.99310129309179, 0.498754361210279, 0.734195784426487, 
        0.626827118555231, 5.30243006907271, Inf, 1.61314264463168, 
        0.0669523685171086, Inf, 0, Inf, Inf, 0.0669523685171086, 
        0.0969443299237994, 1.15691071971966, Inf, 0.610429178717451, 
        3.75630269639191, 8.47459424950712, Inf, 0.358039444804052, 
        1.86962475609185, 0.363554317653436, 0.486492193069863, Inf, 
        0.739876807554621, Inf, 0.0665938992266064, Inf, 1.48998477630931, 
        2.23635939347665, 0, Inf, Inf, Inf, Inf, Inf, 0, Inf, 0.961953272720008, 
        Inf, 3.02798640760794, 2.99310129309179, 10.1080944831618, 
        0.884197564790004, 0.0811673540759966, 0.842464396106251, 
        Inf, Inf, Inf, Inf, 0.182149590275611, 0.303531336322123, 
        0.368975159021719, 0, 2.23635939347665, Inf, Inf, 0.145303488409836, 
        Inf, 1.49857526552069, 0.309884358393362), P_VALUE_FLAT = c(0.577535537638317, 
        1, 0.399437774093686, 0.0807598447818138, 0.592407037983182, 
        0.410440739534586, 0.145698432201223, 1, 0.322808410868762, 
        1.17750914337636e-10, 1, 0.425790754257908, 1, 0.509821375586019, 
        1.17750914337636e-10, 4.79051374311556e-13, 0.843693785737445, 
        0.0748345519182037, 0.539500643194207, 0.246286083618708, 
        0.0161089173948406, 1, 0.0650131544406159, 0.703743101158134, 
        0.178541662941771, 0.335982060599043, 0.0221713350851793, 
        1, 1, 1.77597406941127e-06, 0.0405442455781028, 1, 0.639662664456211, 
        0.000168317915571267, 1, 0.00318027223305501, 0.0232645175039387, 
        0.00318027223305501, 0.0221713350851793, 0.000168317915571267, 
        0.264732063379028, 1, 0.509821375586019, 0.200188011855956, 
        0.399437774093686, 0.00529048940068679, 0.82665920569186, 
        1.65816754190468e-10, 0.794025804196955, 0.509821375586019, 
        0.509821375586019, 0.509821375586019, 1, 9.31245657831295e-05, 
        3.61008930791185e-05, 0.577535537638317, 1.2488822224769e-07, 
        0.639662664456211, 1, 1, 0.0877605093416405, 0.264732063379028, 
        0.568863118160542, 0.105233051341681), BH_P_VALUE_FLAT = c(0.866303306457475, 
        1, 0.794401431357264, 0.269199482606046, 0.866937128755876, 
        0.794401431357264, 0.416281234860638, 1, 0.717352024152806, 
        2.35501828675273e-09, 1, NA, 1, 0.849702292643364, 2.35501828675273e-09, 
        2.87430824586934e-11, 1, 0.264121947946601, 0.866303306457475, 
        0.610920146259295, 0.0878668221536758, 1, 0.24379932915231, 
        0.959649683397455, 0.486931808023011, 0.71996155842652, 0.0997050750168802, 
        1, 1, 2.13116888329352e-05, 0.162176982312411, 1, 0.892552555055178, 
        NA, 1, 0.0212018148870334, 0.0997050750168802, 0.0212018148870334, 
        0.0997050750168802, NA, 0.610920146259295, 1, 0.849702292643364, 
        0.522229596145972, 0.794401431357264, 0.0317429364041207, 
        1, 2.48725131285702e-09, 1, 0.849702292643364, 0.849702292643364, 
        0.849702292643364, 1, 0.000798210563855396, 0.000361008930791185, 
        0.866303306457475, NA, 0.892552555055178, 1, 1, 0.277138450552549, 
        0.610920146259295, 0.866303306457475, 0.315699154025043), 
            ORA_SCORE_FLAT = c(0, 0, 0, 0, 0, 0, 0, 0, 0, 0, 0, 0, 
            0, 0, 0, 0, 0, 0, 0, 0, 0, 0, 0, 0, 0, 0, 0, 0, 0, 0, 
            0, 0, 0, 0, 0, Inf, 0, Inf, 0, 0, 0, 0, 0, 0, 0, 5.00066163169294, 
            0, 0, 0, 0, 0, 0, 0, 0, 0, 0, 0, 0, 0, 0, 0, 0, 0, 0), 
            OR_DIFF = c(3.6544359390362, 0, 0.450753131551787, 0.952121595863432, 
            1.37562510645454, 1.57781291493879, 0.254824868266956, 
            0, 0.850856732093791, 13.0182157721453, 0, Inf, 0, 0, 
            13.0182157721453, 9.14447582292814, 0.71070890071207, 
            0, 2.22395940785958, 0.359353120501614, 0.159701912729244, 
            0, 1.21842855865386, 0, 3.73044593414363, 2.78894412798841, 
            0, 1.82345132230325, 0, 20.7343759566525, 0, 0.359353120501614, 
            0.602979582059441, Inf, 0, 0, 0, 0, 0, Inf, 0, 1.42400125427275, 
            0, 0, 0.450753131551787, 0.134094412857513, 1.54857620166456, 
            9.69381142915135, 1.21842855865386, 0, 0, 0, 0, 7.61867354826406, 
            4.01071127992272, 3.6544359390362, Inf, 0.602979582059441, 
            0, 0, 1.82937764467103, 0, 0.905135482546975, 0.773684727804098
            ), P_VALUE_DIFF = c(0.288428029998002, 1, 0.659652277806096, 
            1, 0.578047948797162, 0.556932537954539, 0.268932937795107, 
            1, 0.83865663114827, 1.60146821603196e-11, 1, 0.355231143552312, 
            1, 0.54079876565189, 1.60146821603196e-11, 2.34858441657501e-13, 
            0.540773885034447, 0.165815631361747, 0.208737507822453, 
            0.429121185187073, 0.0633795098047998, 1, 0.785351231943387, 
            0.0542762013268697, 0.0738084401603488, 0.176785664687342, 
            0.0542762013268697, 0.617871660874707, 1, 4.64521294360034e-08, 
            0.093463834419519, 0.429121185187073, 1, 2.60718743275092e-05, 
            1, 0.0094497127432994, 0.0548721539589927, 0.0094497127432994, 
            0.0542762013268697, 2.60718743275092e-05, 0.555394403907453, 
            0.50169733338566, 0.54079876565189, 0.0165484268233701, 
            0.659652277806096, 0.0232481196203906, 0.361881680942756, 
            2.46319419215946e-10, 0.785351231943387, 0.54079876565189, 
            0.54079876565189, 0.54079876565189, 1, 1.81966378039823e-06, 
            1.06341210072627e-06, 0.288428029998002, 3.96954123671406e-09, 
            1, 1, 1, 0.670550111275359, 0.555394403907453, 1, 1), 
            BH_P_VALUE_DIFF = c(0.608903618884671, NA, 0.849363474282122, 
            1, 0.844839309780468, 0.844839309780468, 0.608903618884671, 
            NA, 0.965725817685886, 2.02852640697381e-10, NA, 0.687575193791236, 
            NA, NA, 2.02852640697381e-10, 8.92462078298504e-12, 0.844839309780468, 
            NA, 0.528801686483547, 0.741209319868581, 0.200701781048533, 
            NA, 0.932604587932772, NA, 0.21574774816102, 0.479846804151356, 
            NA, 0.849363474282122, NA, 2.94196819761355e-07, NA, 
            0.741209319868581, 1, 9.9073122444535e-05, NA, NA, NA, 
            NA, NA, 9.9073122444535e-05, NA, 0.828891246463264, NA, 
            NA, 0.849363474282122, 0.0803116859613493, 0.687575193791236, 
            2.34003448255149e-09, 0.932604587932772, NA, NA, NA, 
            NA, 8.64340295689159e-06, 5.77280854679972e-06, 0.608903618884671, 
            3.01685133990268e-08, 1, NA, NA, 0.849363474282122, NA, 
            1, 1), ORA_SCORE_DIFF = c(0, 0, 0, 0, 0, 0, 0, 0, 0, 
            35.8872741916219, 0, 0, 0, 0, 35.8872741916219, 35.2796671623841, 
            0, 0, 0, 0, 0, 0, 0, 0, 0, 0, 0, 0, 0, 28.5678687127121, 
            0, 0, 0, Inf, 0, 0, 0, 0, 0, Inf, 0, 0, 0, 0, 0, 0, 0, 
            28.2836111922813, 0, 0, 0, 0, 0, 14.8331837103087, 10.4974368578011, 
            0, Inf, 0, 0, 0, 0, 0, 0, 0)), check.names = FALSE, fix.empty.names = TRUE, 
        stringsAsFactors = FALSE)
9: do.call(data.frame, c(x, alis))
8: as.data.frame.list(x[[i]], optional = TRUE, stringsAsFactors = stringsAsFactors)
7: as.data.frame(x[[i]], optional = TRUE, stringsAsFactors = stringsAsFactors)
6: data.frame(x)
5: utils::write.table(ORA_results, file.path(table_dir, "scdiffcom_ORA_results.csv"), 
       row.names = FALSE, col.names = TRUE, sep = ",", dec = ".", 
       qmethod = "double")
4: eval(expr, p)
3: eval(expr, p)
2: eval.parent(Call)
1: write.csv(ORA_results, file.path(table_dir, "scdiffcom_ORA_results.csv"), 
       row.names = FALSE)
============================================================
R analysis exit code: 1
Finished at: Sa 4. Jul 16:27:00 CEST 2026
============================================================
ERROR: R analysis failed for scDiffCom on gated_heart_processed_withHealthy
