"marker_label","n_PLA","n_platelet_free","pla_q25","pla_median","pla_q75","platelet_free_median","platelet_free_q95","platelet_free_above_pla_q25","platelet_free_above_pla_median"
"CD41",208,5526,1.93974589929385,2.46151598786302,3.24146921405449,0,1.75190686188576,0.0398117987694535,0.0168295331161781
"CD42b",208,5526,0,0,0.585862594979584,0,0.952846361340156,1,1
"CD61",208,5526,0.913274737335201,1.38252294451495,1.82835651983395,0,1.17517419422311,0.126311979732175,0.0410785378212088
"CD62P",208,5526,0,0,0.59792235988042,0,0.969518292006044,1,1
"CLEC2",208,5526,0,0,0.6446842173149,0,0.6446842173149,1,1
