"marker_label","n_PLA","n_platelet_free","pla_q25","pla_median","pla_q75","platelet_free_median","platelet_free_q95","platelet_free_above_pla_q25","platelet_free_above_pla_median"
"CD41",18616,89464,1.10732105820732,1.43420863947151,1.94492472354852,0.405082002458028,0.727643963243031,0.000871859071805419,0.000178842886524188
"CD42b",18616,89464,0.865158844411484,1.10433884266901,1.47992411128156,0.438353860846523,0.784813877632122,0.0329070911204507,0.0036551014933381
"CD61",18616,89464,1.03326715003227,1.35659840780205,1.7739911742414,0.429419319244624,0.821481983850628,0.0105517303049271,0.000435929535902709
"CD62P",18616,89464,0.943043424692146,1.18749458367583,1.60617548671088,0.46981545505253,0.702844120078783,0.00513055530716266,0.000726549226504516
"CLEC2",18616,89464,0.935149100190265,1.16653493258356,1.50145754892658,0.493896707986011,0.732780691184231,0.00487346865778414,0.000223553608155236
